STOP_NAME,LATITUDE,LONGITUDE
강서구청역,35.2113136,128.9796132
강서구청역,35.2111847,128.980946
강서구청역,35.21087515,128.9804228
부산교도소,35.21595792,128.9515368
중리1구꽃동네,35.21834594,128.9554389
평강,35.2144553,128.9497594
평강농협,35.21307399,128.94766
평강역,35.21393008,128.9498619
평강,35.21392461,128.9503265
평강대리1구,35.2082728,128.9428356
평강대리,35.20986201,128.9431782
강서해수랜드,35.19785066,128.9259321
덕계,35.19160005,128.9228558
신덕신천마을,35.19551833,128.9246914
공항상회,35.20220397,128.9410853
칠점입구,35.19844752,128.9399654
평강사리마을입구,35.20549785,128.9425617
울만신평 하리,35.19691138,128.9320003
시만,35.21474525,128.914087
식만,35.21035284,128.9103662
용등,35.20170739,128.9026178
시만교,35.2167128,128.916253
식만교,35.21278493,128.9116146
금호오리마을,35.15619498,128.9554918
신평마을,35.18484925,128.9251416
성심정미소,35.17549447,128.9232401
입소마을회관,35.17692259,128.9229809
공항기숙사후문,35.17977005,128.9244811
신평마을회관,35.18697995,128.926155
설만마을회관,35.17471131,128.9277238
동신에프에이,35.1750072,128.9242042
신진화이너스,35.17472119,128.925756
상곡정미소,35.17668377,128.9165683
현대슈퍼,35.18150907,128.9188139
득천사거리,35.18915788,128.9216121
득천,35.18409801,128.9197293
강동119안전센터,35.17508909,128.9158461
용적사입구,35.13678458,128.8848009
가달,35.13976964,128.877111
생곡마을,35.13832985,128.8803575
가달,35.13987627,128.8769203
생곡입구,35.13838375,128.880214
둔치도입구,35.16385663,128.8931568
생곡삼거리,35.1366045,128.8853562
사구,35.15862101,128.8860802
조만포,35.16213665,128.8893289
둔치도입구,35.16316005,128.8927484
사구,35.15906545,128.8857404
범방주유소,35.15632815,128.8846853
사구,35.15880172,128.8856319
세산초등학교,35.14292851,128.8733128
세산초등학교,35.143536,128.872687
가동마을,35.16695065,128.8819647
가동마을입구,35.16525536,128.8848073
중신입구,35.097725,128.911077
포니상회,35.096025,128.908022
중신뚝길,35.095307,128.904455
중흥프라디움,35.09832145,128.9155364
중흥S클래스프라디움,35.09832318,128.9154268
한국토지주택공사,35.09919657,128.9106224
지사산단입구,35.13603571,128.8585943
명동,35.14403721,128.8455149
명동,35.14411266,128.8454857
동양메이져,35.13973996,128.8487274
명동,35.14449243,128.8446949
명동,35.14438069,128.8447512
명동,35.145418,128.842607
동화엔텍,35.14912728,128.8366291
동화엔텍,35.14876541,128.8364235
동화엔텍,35.14912407,128.8365413
자동차부품단지,35.14910232,128.8335179
금강.협성아파트,35.14978936,128.8362024
협성DS엘리시안,35.14988625,128.8362018
금강.협성아파트,35.15042858,128.8359479
협성DS엘리시안,35.15036314,128.8359546
지사휴먼시아아파트,35.15081784,128.8348348
지사휴먼시아아파트,35.15081495,128.8349827
지사휴먼시아아파트,35.15056373,128.8343133
지사휴먼시아아파트,35.15056348,128.8341895
지사문화회관,35.15078546,128.8312734
지사문화회관,35.1506097,128.8312749
에스피엘,35.15080597,128.8249893
이원솔루텍,35.1485496,128.8305869
이원솔루텍,35.14827747,128.8308496
이원솔루텍,35.1487887,128.8310147
이원솔루텍,35.14905192,128.8302909
이원솔루텍,35.14906434,128.830368
자동차부품복지관,35.14640344,128.8303742
자동차부품복지관,35.14625607,128.8305848
테크노파크입구,35.14453237,128.8285055
자동차부품복지관,35.14588086,128.8299181
테크노파크입구,35.14448365,128.8284495
자동차부품복지관,35.14575675,128.8300799
테크노파크입구,35.14435878,128.8286607
테크노파크입구,35.14395969,128.8282348
스파쇼핑,35.21826649,129.0835459
온천장,35.21907751,129.0819488
(구)온천극장,35.21902768,129.0820251
금강원입구,35.22024676,129.0804751
온천시장,35.22133276,129.0808718
금강원입구,35.21797624,129.079031
금강공원입구,35.21834467,129.0792577
국제파크아파트,35.20515312,129.0999494
조양아파트,35.20601982,129.1006544
화목아파트,35.20366846,129.0987979
화목아파트,35.20340187,129.0983576
충렬사후문,35.20109091,129.0975142
서원시장,35.20036771,129.1002812
삼성아파트,35.19974339,129.1029464
1080안경점,35.20023131,129.1008703
삼성아파트,35.19976127,129.1028675
서원시장,35.200891,129.0990222
안락경동아파트,35.19232381,129.1053983
동부산아이존빌아파트,35.19248234,129.1050616
안락경동아파트,35.19189373,129.1061334
안남초등학교,35.19198315,129.1076063
안남초등학교,35.1918176,129.1075223
우장춘기념관,35.21264379,129.0716091
우장춘기념관,35.2124688,129.072522
우장춘기념관,35.21231883,129.0719455
온샘초등학교,35.20963817,129.0701688
대동아파트,35.21148973,129.0666812
래미안101동,35.21218214,129.0686859
래미안104동,35.21213452,129.0702929
래미안4단지,35.21199497,129.0676535
동래래미안아이파크,35.21136042,129.0708286
효자암,35.21589193,129.0666713
만덕터널입구,35.21220346,129.0578182
대동아파트,35.2113638,129.066704
래미안209동,35.21209734,129.0693636
래미안201동,35.21187669,129.0677218
화신아파트,35.21064652,129.0652323
삼협아파트,35.2100364,129.0645985
화신아파트,35.21071025,129.065315
화신아파트,35.21150611,129.0659496
화신아파트,35.19821456,129.0750535
대선주조,35.19661496,129.0720732
부산교육대학교후문,35.19696221,129.0729708
화신아파트,35.19848368,129.0750032
경보아파트,35.20732296,129.0627453
달북초등학교,35.20360755,129.0610472
동서산장아파트,35.20864407,129.0636398
삼정그린코아포레스트,35.20437504,129.0617899
경보아파트,35.20740397,129.0630473
달북초등학교,35.20351412,129.0612832
미남교,35.20880727,129.0640245
삼정그린코아포레스트,35.2043589,129.0620816
달북초등학교,35.20260912,129.0601005
사직초등학교앞교차로,35.20117052,129.0564198
사직고등학교,35.2019109,129.0593894
온천중학교,35.20340144,129.059273
온천초등학교,35.21197426,129.0732821
롯데백화점동래점,35.2101971,129.0778307
롯데백화점동래점,35.21029309,129.077841
롯데백화점동래점남문,35.21082939,129.0776538
롯데백화점동래점,35.21363606,129.0770179
원예고등학교,35.21375416,129.0754154
우장춘기념관,35.21288534,129.0730984
유락여자중학교,35.21411501,129.0763469
유락여자중학교,35.21387362,129.0762788
온천초등학교,35.2118109,129.0730189
우장춘기념관,35.21247892,129.0719199
동래래미안아이파크,35.21071874,129.0736002
럭키아파트후문,35.20987713,129.0754593
럭키동래아파트후문,35.2093999,129.076852
사랑의집,35.21009032,129.07469
동래래미안아이파크,35.2101696,129.0731147
럭키아파트,35.20847837,129.0728207
우리은행온천점,35.21009075,129.0730869
럭키아파트,35.20838319,129.0731009
동래럭키아파트,35.2060157,129.0738019
광혜병원,35.20642477,129.0727933
럭키주유소,35.2091947,129.077581
동래럭키아파트후문,35.20943383,129.0775006
사랑의집,35.21004899,129.0755234
안락뜨란채삼거리,35.19505518,129.109835
부산원동역,35.19455064,129.1126707
세병교,35.19748078,129.0839482
혜화여자중학교,35.20481028,129.1099991
명장시장,35.20472168,129.1074635
SK뷰아파트101동,35.20445948,129.1127286
우방일동아파트,35.20425598,129.1158
협진태양맨션,35.21001727,129.1047621
식물원입구,35.22408048,129.0821554
온천시장(목욕타운),35.22320573,129.083263
경보아파트교차로,35.22403444,129.0822164
식물원입구,35.22414572,129.0816595
경보아파트교차로,35.22462983,129.0815138
식물원입구,35.22367748,129.0817145
온천시장,35.22207617,129.0809209
태광산업(구서역),35.2480888,129.0920497
태광산업.구서역,35.24911415,129.0921268
태광산업.구서역,35.24917684,129.0916758
행림병원,35.25378788,129.0915436
구서역.금정경찰서,35.24552588,129.0923217
금양초등학교,35.24091825,129.0925639
금정구청.부산가톨릭대,35.2422374,129.0927706
금정구청,35.24231835,129.0927838
GS슈퍼(금정구청),35.24331092,129.0940824
초원맨션,35.24144453,129.093761
부곡3동주민센터,35.24080544,129.0938063
구서역3번출구,35.24809364,129.0910703
롯데캐슬1단지,35.24952167,129.08944
이마트,35.24910319,129.0902723
부산정보관광고,35.22368641,129.0912888
부곡동,35.22311039,129.0912718
부산정보관광고,35.22374908,129.0910186
부산대역,35.23070226,129.0896166
부곡대우아파트,35.23092878,129.0899821
부산대역,35.23068056,129.0894151
대우아파트후문,35.23244366,129.0895976
부곡여자중학교,35.22248699,129.0938414
부곡동,35.22326698,129.0913362
동해중학교,35.21775558,129.0870099
부곡4동주민센터.온천장역,35.22010009,129.0883148
동해중학교,35.21763024,129.0868535
동신교회,35.21811921,129.0962027
서동초등학교,35.21880105,129.0984741
서1동새마을금고,35.21657822,129.0978242
책마을보드랑 작은도서관,35.21577885,129.1004005
서동미로시장,35.2152984,129.1015587
서동고개,35.21704524,129.0959955
서동고개,35.21788762,129.0949092
내성고등학교,35.21953285,129.0927291
동현초등학교,35.22180315,129.0911899
금정여자고등학교,35.21915148,129.099451
서동시장입구,35.21723243,129.1018224
금정여자고등학교,35.21862934,129.0999655
서동시장,35.21704708,129.1019675
서동초등학교,35.218855,129.098435
동신교회,35.21823,129.09621
서동,35.21830591,129.0961773
한신아파트,35.2356351,129.0892566
장전역2번출구,35.23789014,129.0886087
장전역4번출구,35.23885045,129.0884166
서동역,35.21319404,129.1073248
금사입구,35.21495395,129.1089006
금사입구,35.21411806,129.1091988
서2동새마을금고,35.21447208,129.1028808
세웅병원후문,35.21426227,129.1030093
세웅병원후문,35.21350042,129.1039798
서3동주민센터,35.21565595,129.1069508
농협,35.21778604,129.1094185
중앙교회,35.21642518,129.1056985
서4동주민센터,35.21788333,129.1037917
두실역,35.25834023,129.0915421
행림병원,35.2542919,129.0912034
금정이마트,35.25071731,129.0912784
영락공원,35.27387775,129.1033624
금정도서관,35.27241191,129.0972609
영락원,35.27257407,129.1019352
팔송,35.27176571,129.0925125
범어사역,35.27230426,129.0924699
노포삼거리,35.28018514,129.0935713
노포삼거리,35.27863929,129.0929752
서금지구대.금사역,35.21607494,129.1163347
대우아파트,35.21452039,129.1169774
우신아파트,35.21302884,129.1186105
센텀SD아파트후문,35.21148543,129.1195701
센텀SD아파트정문,35.20986393,129.1198601
센텀강변현대아파트,35.20838075,129.1196562
벽산한솔타운,35.20635148,129.1190621
대우자동차,35.21709697,129.1153702
금사역,35.21579945,129.1157326
금사전화국,35.21518612,129.1136667
금사전화국,35.21516016,129.1127847
부곡늘푸른아파트117동,35.22314546,129.0967365
부곡여자중학교,35.22267169,129.0938657
BMC아파트121동,35.22162091,129.096162
BMC아파트120동,35.22350217,129.0977905
부곡늘푸른아파트117동,35.22329073,129.0967074
BMC아파트121동,35.22150048,129.0962791
BMC아파트120동,35.22358372,129.0979581
뉴그린108동,35.22053522,129.0945438
금정산SK뷰,35.22571944,129.0793627
119안전체험관,35.21765238,129.0745165
금강공원,35.21996823,129.0763929
금강식물원,35.22597287,129.0779696
온천119안전센터,35.2233783,129.0773056
해양자연사박물관,35.22113573,129.0764649
식물원,35.2272027,129.0780003
금강식물원,35.2264391,129.0781005
경남한신아파트,35.23580295,129.0917192
부곡한신아파트,35.23790388,129.0911582
경남한신아파트,35.23650997,129.0922598
회동동,35.23020317,129.124222
회동본동,35.22863978,129.1199563
대우자동차,35.21704094,129.1152047
협성대진아파트,35.21376923,129.0279592
낙동고등학교,35.21638853,129.0091685
구포시장동문,35.20640965,129.0048404
구포시장입구,35.20649424,129.0048624
(구)고려당제과점,35.20414422,129.0040424
고려당제과점,35.20405282,129.004029
금수선사,35.19562174,129.01434
태평양아파트,35.19615131,129.0125902
포천초교.태경해피타운,35.19545038,129.0103977
백조탕,35.19634379,129.0130601
백산초등학교,35.21058941,129.0327711
만덕그린코아,35.21076308,129.0305016
만덕그린코아,35.21055541,129.0306471
그린코아사거리,35.21054942,129.030594
동원아파트,35.21025604,129.0294705
백산공영주차장,35.21095795,129.0268056
벽산아파트,35.21130473,129.0245454
이노비즈센터,35.21229088,129.0260982
만덕현대아파트,35.2118233,129.028896
이노비즈센터,35.21216488,129.0263082
만덕3주공아파트,35.20429386,129.0329754
그린코아아파트후문,35.20537134,129.0325516
롯데아파트,35.20993524,129.023037
만덕럭키아파트후문,35.20804397,129.0265237
부산노인전문병원,35.20642789,129.0286843
성원사입구,35.21031214,129.0205682
한성아파트,35.21108843,129.0217087
벽산아파트,35.21114598,129.0239821
롯데아파트,35.20981172,129.0228378
럭키아파트후문,35.20788361,129.0263971
부산노인전문병원,35.20632352,129.028436
그린코아아파트후문,35.2051899,129.0323549
성원사입구,35.2103611,129.0199844
청우파크,35.20989831,129.0160167
양천초등학교,35.21073013,129.0193995
덕천주공아파트,35.20922221,129.0133457
덕천3동주민센터,35.21034003,129.0178138
덕천주공아파트,35.20919531,129.0132287
양천초등학교,35.21070544,129.0192716
청우파크맨션,35.20987547,129.0159217
구남역.구남중학교,35.19692252,128.9952171
백양고입구,35.19875092,128.9965812
구남역,35.19686888,128.9951751
백양고입구,35.19866688,128.996531
구포현대아파트,35.19458414,128.9934413
구포현대아파트,35.19453265,128.9933944
화명유림아파트,35.23467002,129.019348
화명정수장입구,35.23461902,129.0155374
화명현대아파트,35.23457157,129.0180422
화인유통,35.21598766,129.0211942
폴리텍대학부산캠퍼스,35.2157379,129.0201624
옥천사입구,35.21513155,129.0257947
만덕동일아파트입구,35.21429786,129.0252033
가비골아파트104동,35.21578683,129.0238674
기비골아파트101동입구,35.21471568,129.0250422
화인유통,35.21610422,129.0220579
기비골아파트104동,35.21564275,129.0232548
기비골아파트101동입구,35.21467536,129.0247841
기비골아파트101동후문,35.21522071,129.0249161
도개공아파트110동,35.21671441,129.0206671
도개공아파트115동,35.21862178,129.0206765
도개공아파트116동,35.21791754,129.0206384
흥아농장입구,35.24240485,129.0257997
장원아파트,35.24178308,129.0202413
대천리중학교,35.24164692,129.0221338
푸르지오헤리센트아파트,35.24004544,129.0168882
북구보건소,35.23917487,129.0150732
그린숲속아파트,35.24166855,129.0222383
장원아파트,35.24176595,129.0205006
금화횟집,35.24101439,129.0185499
푸르지오헤리센트,35.23998571,129.0167764
북구보건소,35.23914467,129.0149755
코오롱아파트,35.24436677,129.0216952
정화양로원,35.24374565,129.0194008
경남아파트,35.24194194,129.0154372
경남아파트,35.24201593,129.01577
정화양로원,35.24384457,129.019663
코오롱아파트,35.24433426,129.0214222
애기소,35.24393316,129.0292924
한중병원,35.19880954,128.9900981
북구청,35.19653584,128.9876824
한중병원,35.19859032,128.9898652
북구청,35.19682263,128.9873987
구포축산물도매시장,35.19711367,128.9883772
북구청,35.19717513,128.9909533
북부자동차학원,35.19476745,128.9902603
북구청,35.19688067,128.989947
구명역,35.20314676,129.0000497
구포초등학교,35.20406576,129.0008286
구포교회,35.20030236,128.9995436
새생명교회,35.19943895,129.000258
구남시장,35.20050199,128.9974433
구남시장,35.20060166,128.9975171
구포삼거리,35.20108828,128.9922813
구포삼거리,35.20164361,128.9927613
강서구생활문화센터,35.10754447,128.9264231
명치초교후문,35.10709,128.92667
명지초교후문,35.10709598,128.9266943
학생안전체험관,35.10624934,128.925866
군보입구,35.10305246,128.9225503
만송유치원,35.1019255,128.9193076
평성회관,35.100552,128.912913
상신입구,35.100651,128.913862
평성입구,35.100905,128.9150583
조동입구,35.10115833,128.9165717
상신입구,35.10069427,128.9138636
평성회관,35.10056886,128.9128565
만송유치원,35.10176874,128.9191558
군보입구,35.10294856,128.9226285
학생안전체험관,35.10599823,128.925974
조동입구,35.10128584,128.916773
평성입구,35.10091367,128.9149663
덕포마을,35.19204831,128.9095049
강동교회,35.19276103,128.914156
상덕마을,35.19544264,128.9132638
덕도초등학교,35.19257658,128.9164159
덕계마을,35.19416924,128.9172922
덕계마을,35.19415562,128.9170935
북정마을,35.19925101,128.9159232
북정마을,35.19952707,128.9159236
중덕마을,35.21043573,128.9218719
강동교회,35.19276311,128.9140243
상덕마을,35.19541315,128.913165
덕포마을,35.19225172,128.9087737
신노전,35.13579833,128.921235
강서예술촌 황라도,35.13649895,128.9247352
군라,35.14531586,128.9282124
상납청,35.1485838,128.9281414
대저초등학교,35.15697333,128.9272183
대저초등학교,35.15716471,128.927373
월포,35.15701199,128.9383346
금호마을,35.16173918,128.9538693
금호마을,35.16322758,128.9579413
신평마을,35.18492215,128.92497
성심정미소,35.1753172,128.9232916
신평종점,35.18875571,128.9270551
입소마을회관,35.17732267,128.9229989
공항기숙사후문,35.17978239,128.9242728
신평마을회관,35.18702849,128.9259366
변덕마을,35.21484398,128.9877814
변덕초소,35.21547805,128.9862236
변덕초소,35.21550166,128.9857903
강서고교,35.21544039,128.9832028
강서고교,35.21537537,128.9833674
대저1동사무소,35.21531191,128.9805529
세산초등학교,35.143516,128.872664
우성전기,35.14618351,128.8616585
(주)태광본사,35.09113223,128.8302475
명지신도시,35.08885599,128.9024312
신호대교,35.08886737,128.900871
신호대교,35.08864551,128.8967259
명지오션시티,35.08871724,128.8967495
경찰전직지원센터,35.19134276,129.0886472
웰니스병원.연산농협,35.18883352,129.0849416
연안교,35.19277356,129.090482
경찰전직지원센터,35.19129794,129.0881539
부산은행 연서지점,35.19171636,129.0814815
연제자동차매매단지,35.18887402,129.0779096
동래세무서,35.19171282,129.0869208
교대역,35.19688998,129.0798275
교대역,35.19671176,129.0799357
연산교차로,35.18689781,129.0829314
연산교차로,35.18571824,129.0832031
연산역,35.18569647,129.0833257
반도보라아파트,35.18373448,129.0826323
반도보라아파트,35.18396183,129.082535
연산역4번출구,35.18530036,129.0819929
연산역,35.18654069,129.0805711
아람빌딩,35.18145719,129.0787145
신리삼거리,35.17445708,129.0872233
신리삼거리,35.17448779,129.0868833
여동승내과,35.17485172,129.0859052
신리삼거리,35.17507945,129.0866305
연산시장.물만골역,35.17598828,129.0862482
연산초등학교,35.17929123,129.0848775
연산시장.물만골역,35.17665039,129.0855748
연산시장,35.17647059,129.0856425
부산경상대학교정문,35.18573907,129.1007662
부산경상대학교서문,35.18574896,129.0974727
현대아파트,35.18597903,129.0943643
현대아파트,35.18574365,129.0943101
부산경상대학교서문,35.18549707,129.0976245
부산경상대학교정문,35.18549987,129.1007425
연산역,35.18629213,129.0804726
거제역,35.18828694,129.0751889
시청공원등대앞,35.18139886,129.074055
연산중학교,35.18572363,129.0887002
연산중학교,35.18550177,129.0881516
온천장,35.21933129,129.0798138
온천장역,35.21849695,129.0850334
온천장아스타아파트,35.21711741,129.0833462
동래역,35.20391023,129.0781775
내성중학교,35.2029616,129.0778045
내성중학교,35.20342978,129.0777942
동래역,35.20606138,129.078175
동래역1번출구,35.20548567,129.0781649
동래시장,35.20415319,129.0870825
사직역,35.19786939,129.0656801
사직운동장,35.19640075,129.0651848
사직운동장,35.19643219,129.0652718
사직야구장,35.19610719,129.0622293
사직야구장,35.19612184,129.0623328
새마을금고,35.20074879,129.0742868
명장2동주민센터,35.20729098,129.1024578
조양아파트,35.20643025,129.1007585
명장정수사업소,35.20789963,129.1036509
진흥상가,35.20035625,129.1046817
안락초등학교,35.20192945,129.1044318
명장1동행정복지센터,35.20454531,129.1047476
부산은행,35.19937282,129.1047823
안락병원,35.19915664,129.107798
1080안경점,35.20027793,129.1014266
삼성아파트,35.19993693,129.1029686
충렬주유소,35.19610616,129.109786
동래구청,35.20474462,129.0846941
동래구청,35.20497578,129.0842614
구 부산지방기상청,35.20642164,129.0831415
안락교차로,35.1978765,129.0976026
벽산아파트,35.19467198,129.098036
안락교차로,35.19839946,129.0969532
안락동우체국.동해선안락역,35.19725244,129.1011067
안락동우체국.동해선안락역,35.19693731,129.1021385
안락동우체국.동해선안락역,35.19724267,129.0999503
안락동우체국.동해선안락역,35.19697939,129.1012723
동부산아이존빌아파트,35.19203014,129.1054871
안락경동아파트,35.19130678,129.106746
동부산아이존빌아파트,35.19229152,129.1049559
안락경동아파트,35.19160416,129.1062027
강변뜨란채입구,35.19356124,129.1019017
월마트,35.19313706,129.1031775
강변뜨란채아파트,35.19548336,129.1027821
월마트,35.192971,129.1030647
강변뜨란채아파트,35.19384964,129.100952
한성기린아파트,35.19399013,129.1000716
동래봉생병원,35.19748083,129.0953916
동래봉생병원,35.19713327,129.0954266
우성아파트,35.19495525,129.0929271
우성아파트,35.19494016,129.0924886
낙민유앤아이아파트,35.19468134,129.0914044
강변뜨란채아파트,35.1936449,129.1007095
강변뜨란채아파트,35.19360355,129.1009143
한성기린아파트,35.19389168,129.099378
안진초등학교,35.19335608,129.0985965
벽산한신아파트,35.19432011,129.0980336
안민초등학교,35.19448268,129.0941321
중앙하이츠아파트,35.19443479,129.0960559
안락교차로,35.19759833,129.0978867
온천장,35.21827602,129.0824119
온천예식장,35.21816623,129.0823879
명장조양맨션(명장역),35.20601547,129.1020878
명장1치안센터,35.20545826,129.1030304
명장조양맨션(명장역),35.20599099,129.1028188
명장1동행정복지센터,35.20475223,129.105196
명장시장,35.20453034,129.1077375
명장1동새마을금고,35.20477284,129.1050136
명장시장,35.20459157,129.1070084
명장1동행정복지센터,35.20427842,129.1044583
안락초등학교,35.20288867,129.1040275
진흥상가,35.1998237,129.1044616
명장1동주민센터,35.20418954,129.104429
부산은행,35.19990799,129.1044645
안락초등학교,35.20273248,129.1040648
명장1치안센터,35.20510217,129.1044102
충렬초등학교,35.20098911,129.1117568
혜화여고.충렬고,35.20186448,129.1111079
한우크로바아파트,35.19902722,129.1094863
한우크로바아파트,35.19901348,129.1096571
부산은행,35.19955344,129.1047019
안락병원,35.19934421,129.1078099
명장조양맨션(명장역),35.20462701,129.1011998
명장조양맨션(명장역),35.20442365,129.1014471
벽산한신아파트,35.19417049,129.0977829
안민초등학교,35.19432537,129.0937939
중앙하이츠아파트,35.1942485,129.0959819
낙민역.동래고등학교,35.19903191,129.0946251
삼익아파트정문,35.19970327,129.060565
국민시장,35.19888489,129.0599718
국민시장,35.19857844,129.0600491
삼익아파트,35.19962586,129.0594075
삼익아파트후문,35.19960201,129.0594993
사직사거리,35.1982567,129.0614709
금사자동차학원,35.2166018,129.1118072
금사공단.금사동탑마트,35.21889715,129.112655
라이프타운,35.21518327,129.1072773
조리마을,35.30076084,129.1122934
두구동경로당앞,35.30338261,129.1119917
선두구동행정복지센터,35.29804699,129.1125908
조리,35.30117784,129.1122549
조리경로당,35.30275342,129.1121047
임석삼거리,35.28853228,129.1093213
농협,35.29458167,129.1114117
임석,35.28865192,129.1094768
중리,35.29631697,129.1117563
다움병원,35.29485795,129.1113905
수반,35.29184573,129.1109861
범어사입구,35.27548045,129.0901227
어린이놀이터,35.27562268,129.0879279
남산동농협,35.27253197,129.0888994
남산성당,35.26373746,129.0850465
부산외국어대학교,35.26532156,129.0854013
부산과학고등학교,35.26411468,129.0851423
우성아파트12동,35.25694817,129.0852827
광명사,35.22966854,129.0767654
양로원,35.23125318,129.0766777
식물원,35.22714474,129.0777023
장전중학교,35.22758465,129.0787157
금성동주민센터,35.2500716,129.0568494
산성공해마을3동,35.24574138,129.0558341
공해부락,35.24430001,129.0557494
산성공해마을,35.24377623,129.0569814
장전동어린이놀이터,35.23812668,129.0863624
장전초등학교,35.24067912,129.0865473
금정산쌍용예가.구서SK뷰,35.24267282,129.0866278
천일아파트,35.26683496,129.0899092
성원아파트,35.26676879,129.0913909
남산동럭키아파트,35.26538653,129.0886249
탐앤탐스부산외대점,35.26712487,129.0879938
남산고등학교,35.26712987,129.0856151
남산고등학교입구,35.26779851,129.0892134
남산동새벽시장,35.26920566,129.0891925
남산초등학교,35.26172227,129.088023
남산동럭키아파트,35.26493554,129.0887829
선경3차아파트,35.25810276,129.0876294
남산119안전센터,35.26168751,129.0866648
두구동경로당앞,35.3034048,129.1118925
조리마을,35.30110778,129.1121007
조리,35.30117881,129.1120683
조리경로당,35.30275387,129.1119166
선두구동행정복지센터,35.29801943,129.1123345
영락공원,35.27400066,129.1031212
영락원,35.27236791,129.101353
금정도서관,35.27224161,129.0961687
남산고등학교,35.26692729,129.0856044
탐앤탐스부산외대점,35.26692234,129.0871975
남산고교,35.26705927,129.0840966
부산외국어대학교,35.26561353,129.0851624
부산외국어대학교정문,35.26640981,129.0845199
금샘초등학교,35.26941112,129.0853022
남산고교,35.26732424,129.0844168
남산동.요산문학관,35.27164921,129.0852697
한아름빌라,35.27448205,129.0851809
구서동,35.24670833,129.0904767
롯데캐슬정문,35.25263132,129.0876398
롯데캐슬입구,35.25093735,129.0876442
롯데캐슬정문,35.25273538,129.0876301
롯데캐슬입구,35.25102311,129.0876356
신동아아파트,35.25608807,129.087836
구서롯데캐슬,35.249385,129.0883433
구서역,35.24868333,129.0908583
이마트,35.24866458,129.0906235
구서역.구서시장,35.24694303,129.0887865
롯데캐슬입구,35.25093838,129.0878369
롯데캐슬정문,35.25263224,129.0878167
롯데캐슬,35.251015,129.0878442
롯데캐슬정문,35.25273638,129.0878334
서2동새마을금고,35.21385083,129.101743
초원마트,35.2135597,129.1010711
명장2동치안센터,35.21191324,129.1002313
동남아파트,35.21057317,129.1015693
협진아파트,35.20951729,129.1024169
장전중앙교회,35.23528615,129.0860355
현대아파트,35.23325769,129.0855148
부산대학교정문,35.23193029,129.0851576
장전역,35.23839881,129.0880262
(구)장전1치안센터,35.23570873,129.087483
금정세무서,35.22996522,129.0924836
협진태양맨션,35.2103309,129.1038496
금정초등학교,35.22598445,129.0858511
온천장역,35.22205183,129.0867548
래미안장전남문,35.22452193,129.0861019
부곡4동주민센터.온천장역,35.22064135,129.0883848
온천입구,35.21763083,129.0863312
동해중학교,35.21862737,129.0872838
금사시장,35.22108393,129.1134437
금사시장,35.2211622,129.1135027
파크랜드,35.21997826,129.1125054
파크랜드,35.21812249,129.113578
금사공단,35.21874797,129.1126146
금사중학교,35.21743352,129.1101048
구포삼거리,35.20084323,128.9920033
석불사입구,35.21519704,129.0441387
구포종점,35.20928,129.0007849
구포역,35.20670119,128.9966673
금곡주공7단지,35.256859,129.0141507
금곡종합사회복지관,35.2585571,129.0151224
금곡종합사회복지관,35.25864355,129.0151773
금곡주공7단지,35.2570927,129.0142729
금곡주공9단지,35.25493925,129.0136219
금곡주공4단지,35.25318892,129.0137684
금곡주공4단지,35.25310648,129.0137784
금곡주공9단지,35.25502275,129.0136228
금곡주공6단지,35.24956236,129.0144952
유림1차아파트,35.25128298,129.0140728
금곡주공5단지,35.25166774,129.0135278
금곡주공4단지,35.25339898,129.014005
금곡주공9단지,35.25496508,129.0138926
금곡주공4단지후문,35.25203147,129.0142111
금곡주공4단지,35.2535049,129.0139839
금곡주공9단지,35.2560614,129.0138918
낙동고등학교,35.21624623,129.0089275
롯데캐슬카이저남문,35.21896319,129.0089347
금곡중학교,35.2604749,129.0164753
금곡중학교,35.26034741,129.0164658
금곡종합사회복지관,35.25859442,129.0148256
금곡주공7단지,35.25678812,129.0138023
금곡종합사회복지관,35.25874813,129.0149238
금곡주공7단지,35.25687026,129.0138398
금곡주공3단지,35.26523256,129.0204371
금곡주공1단지,35.26702524,129.0196177
금곡주공3단지,35.26516957,129.0207225
금곡주공5단지,35.24943706,129.0141983
금곡주공6단지,35.24964559,129.0147405
유림1차아파트,35.25124825,129.0143465
북구보건소.인도네시아센터,35.24048371,129.013948
북구보건소,35.24073404,129.0138873
벽산아파트,35.24435092,129.0132596
벽산아파트,35.24450035,129.0132203
정화양로원,35.2436286,129.0196155
경남아파트,35.24176566,129.0154819
코오롱아파트,35.24417261,129.0216903
경남아파트,35.24180954,129.0157516
정화양로원,35.24368392,129.0197525
코오롱아파트,35.24414874,129.0214141
만덕2동행정복지센터,35.21038448,129.0380418
만덕삼성아파트.만덕역,35.21197275,129.0369607
백양상가,35.209,129.0374933
백양상가,35.20905246,129.0373832
백양디이스트아파트,35.20974979,129.0356458
부산은행,35.20964328,129.0367699
대성아파트입구,35.21042401,129.0349037
백양디이스트아파트,35.2095504,129.0356385
만덕도서관,35.20807833,129.0376603
만덕신협2동지점,35.20799475,129.0373637
백양디이스트401동,35.20824621,129.0366007
굿모닝힐401동,35.20810158,129.036092
백양디이스트304동,35.20825508,129.0347344
이노비즈센터,35.21203715,129.0260959
만덕우체국,35.21166033,129.0286227
이노비즈센터,35.21209251,129.0260074
남산정역1번출구,35.21300869,129.0249365
백산공영주차장,35.21057975,129.0273089
한성아파트,35.21139106,129.0223333
만덕1동행정복지센터,35.21367712,129.0367254
한도슈퍼,35.21540967,129.0376863
구만덕,35.21699475,129.0389273
만덕시장입구,35.21429478,129.0353516
만덕초등학교,35.21440387,129.0314383
대진아파트,35.21390874,129.0274668
한도슈퍼,35.215401,129.037598
만덕1동행정복지센터,35.2144691,129.0368354
북부산농협신만덕지점,35.20947506,129.0383243
만덕2치안센터,35.209077,129.0393129
북부산농협신만덕지점,35.2094932,129.0382176
만덕3주공아파트,35.20370501,129.033441
만덕고등학교,35.20204285,129.0354632
신덕중학교,35.20292169,129.0330947
만덕고등학교,35.2021971,129.0356289
신덕초등학교,35.20276125,129.0332871
북구청,35.19826814,128.9908058
구포부민병원,35.19797318,128.990775
구포삼거리,35.20028866,128.9909406
구포삼거리,35.20036638,128.9910118
덕천주공입구,35.20944039,129.0114163
덕천초등학교후문,35.20758431,129.0067233
한라아파트,35.20822836,129.0093567
구포시장동문,35.20617445,129.0044194
북부경찰서,35.22778571,129.0120731
북부경찰서,35.22787139,129.0121447
화명중학교,35.22507745,129.0096958
화명중학교,35.22532136,129.0098249
화명중학교,35.22516212,129.0101237
화명중학교,35.2252957,129.0101901
연일시장,35.18583228,129.0852777
건치과의원,35.18580163,129.0866379
연일시장,35.18584208,129.0850747
연제구국민체육센터,35.18433437,129.0870669
한일유앤아이,35.18299618,129.0870656
부산소방본부.교통정보서비스센터,35.18490254,129.1072961
태광아파트,35.18675478,129.1073136
부산소방본부.교통정보서비스센터,35.18438844,129.1081043
부산소방본부.교통정보서비스센터,35.1842255,129.1069955
부산소방본부.교통정보서비스센터,35.18474996,129.1059409
엘지아파트,35.1851491,129.1043095
엘지아파트,35.18399,129.1039172
연제경찰서,35.18240035,129.1039258
엘지아파트,35.18539068,129.1044091
삼정그린아파트,35.18948288,129.0630257
삼정그린코아아파트,35.18999278,129.0641276
부산의료원,35.18869329,129.0605974
부산의료원,35.18825674,129.0605792
대우그린타워아파트,35.18838037,129.0608044
부산의료원,35.18857563,129.0603419
국가기록원 부산분원,35.18715611,129.0555449
시민도서관,35.18312604,129.0506159
시민도서관,35.18325566,129.0507912
초읍삼거리,35.18235435,129.0495621
초읍고개,35.18486683,129.0527304
국가기록원.역사기록관,35.18721057,129.0556393
교대역,35.19486642,129.0801388
거제1치안센터,35.19128113,129.0775507
거제1치안센터,35.19107252,129.0781153
법원검찰청.거제역,35.1896623,129.0750275
홈플러스,35.19177923,129.0646545
홈플러스,35.1916943,129.0646842
사직실내수영장,35.19211357,129.0635433
사직실내수영장,35.19208313,129.063326
사직실내수영장,35.19304727,129.0646065
삼정그린아파트,35.19005208,129.0633256
삼정그린코아아파트,35.19009356,129.0634143
화성가스,35.17512481,129.083946
연제구청,35.17528017,129.082658
이마트연제점,35.17552004,129.0807675
거제청과시장,35.18082793,129.0718551
동해선거제해맞이역,35.18280801,129.0705738
거제3동새마을금고,35.18238336,129.0709728
동해선거제해맞이역,35.18177491,129.069405
동해선거제해맞이역,35.18240393,129.0702704
연산8치안센터,35.18812111,129.1008932
연산교,35.19091375,129.0996479
토곡한양아파트,35.18927248,129.1070047
사직119안전센터,35.19471672,129.0588502
사직119안전센터,35.19454912,129.0588947
망미주공아파트,35.18069634,129.1072683
망미주공아파트,35.18004077,129.1069725
오양아파트,35.17685305,129.1071671
연제구청,35.17524747,129.0812527
이마트연제점,35.1752111,129.081592
부산지방노동청.국세청,35.17649429,129.0778483
연제구청,35.17607791,129.0785396
연산자이아파트114동앞,35.18731539,129.0872016
연동시장,35.18857486,129.0945026
부산경상대학입구,35.18772644,129.0982269
연동시장,35.18944988,129.0928037
경동아파트,35.19049888,129.0909118
경동아파트,35.19007038,129.0910466
연산자이아파트104동앞,35.18997467,129.088785
대선주조,35.19644925,129.0726592
부산교육대학교후문,35.19648601,129.0728312
화신아파트,35.19827489,129.0752019
법원어귀교차로,35.19630127,129.070615
여명중학교,35.19600978,129.0690796
여명중학교,35.19602336,129.0691945
사직동,35.19942304,129.070459
연일시장,35.18559176,129.0851774
드림텔,35.1855344,129.0867189
연일시장,35.18558045,129.0853534
연산교차로,35.18595609,129.0832586
연산역,35.18597929,129.0831244
웰니스병원.연산농협,35.18878191,129.085341
연산교차로,35.18725408,129.0829301
태광아파트,35.18687883,129.1069681
토곡한양아파트,35.1879848,129.1055186
토곡한양아파트,35.18926305,129.107316
연산8치안센터,35.18759304,129.1029443
토곡한양아파트,35.18768075,129.1062074
연산8치안센터,35.18785014,129.1018614
연천시장,35.18839956,129.0962558
파크시티아파트입구,35.18800191,129.0985438
현대쌍용아파트,35.19316253,129.0681367
남문초.연제우체국,35.19375579,129.0710052
현대쌍용아파트,35.19314518,129.0680249
남문초.연제우체국,35.19372633,129.0708669
창신초등학교,35.19256432,129.066908
거성교차로.종합운동장역,35.19079457,129.0686887
법원검찰청,35.18950928,129.0714801
사직사거리,35.19679386,129.060606
사직야구장,35.19623931,129.0607446
사직야구장,35.19632937,129.0607297
사직사거리,35.19761739,129.0601307
사직사거리,35.19844498,129.0603073
국민시장,35.19867746,129.0602416
쌍용예가입구,35.19702366,129.0581233
쌍용예가입구,35.19680763,129.0575647
동래역,35.20591291,129.0777783
금강초등학교,35.20123711,129.0653825
금강초등학교,35.20083407,129.0651093
사직역,35.19769823,129.0652208
사직1동주민센터,35.19889166,129.0619801
사직야구장,35.1956931,129.0601572
여명중학교,35.1958973,129.069993
여명중학교,35.19585447,129.069803
사직운동장,35.19516761,129.0651867
사직운동장,35.19518337,129.0652763
화신아파트,35.20910263,129.0652684
사직동교회,35.20087828,129.0619014
사직시장,35.2016939,129.0628721
화신아파트,35.20937262,129.0654263
화신아파트,35.2105651,129.0659295
온샘초등학교,35.20965611,129.0704395
미남교차로,35.20861581,129.070019
미남교차로.미남역,35.20605819,129.0681981
미남역,35.20621234,129.06831
미남지하철역,35.20545514,129.0688332
미남역.반도스카이뷰,35.20516823,129.0675767
미남역.반도스카이뷰,35.20542024,129.0682468
미남역,35.20462219,129.0676907
반도보라스카이뷰,35.20402063,129.0673414
사직성당,35.20354177,129.0691579
반도스카이뷰,35.20343879,129.0664063
사직성당,35.20218424,129.0692978
금강시장,35.20199444,129.0693042
반도보라스카이뷰,35.20375013,129.0683974
금강예식장,35.20858402,129.0681579
미남교차로.미남역,35.20747244,129.071166
온천중학교,35.20333394,129.0590956
달북마을,35.20462897,129.0588743
백제약국,35.20077004,129.0703166
사직동,35.19920788,129.0702992
사직성당,35.20223528,129.0695688
금강시장,35.20180997,129.0695851
사직성당앞,35.202782,129.0695905
동래3차SK뷰,35.21627245,129.0794126
(구)서울약국,35.21630145,129.0793185
온천프라자,35.21531218,129.0773348
사직운동장,35.19490033,129.0652973
사직운동장,35.19484678,129.0649709
동래한전,35.19648188,129.1044926
사직실내수영장,35.19296922,129.0643042
광혜병원.미남역,35.20702715,129.0713982
동래한전,35.19728856,129.1042127
안락2동주민센터,35.19728785,129.1091849
뜨란채아파트,35.19398182,129.1087502
안락중학교후문,35.1918492,129.1087819
안남초등학교,35.19197542,129.1072768
안남초등학교,35.19190614,129.1072351
안락뜨란채아파트205동,35.1916252,129.1103842
안락중학교후문,35.19206235,129.1087518
안락뜨란채아파트205동,35.19170347,129.1102012
동래시장,35.20428733,129.0867211
동래우체국,35.20972695,129.0825849
명륜초등학교,35.20888918,129.082436
동래우체국,35.20896594,129.0824406
"현대아파트, 명륜아이파크",35.20698738,129.0845747
복산동주민센터,35.20575931,129.0857467
"명륜초등학교, 동래향교",35.20753053,129.0832404
협진아파트,35.208322,129.1025617
명장2동주민센터,35.20824907,129.1024042
학산여자고등학교,35.20697378,129.0953093
동래교육청후문,35.20478482,129.0888794
동호탕,35.20551062,129.0902345
한국상사,35.20624711,129.0913986
동래시장,35.20438213,129.0871588
사직야구장,35.19543341,129.0603928
사직야구장,35.19547777,129.0605791
동래전화국,35.20319491,129.0839621
동래구청,35.20455701,129.0841636
대동병원,35.20436083,129.0797449
명륜자이아파트,35.20807155,129.0815615
명륜교차로.명륜자이아파트,35.20827664,129.0814519
동래중학교,35.21031522,129.0800298
명륜역입구,35.21102687,129.0794357
남일중학교,35.19245328,129.1120821
남일중학교,35.19233909,129.1123801
메가마트동래점후문,35.20518915,129.0807895
메가마트동래점,35.20539056,129.0812169
금정산약수터,35.21196504,129.0577954
금정산약수터,35.21197133,129.0579408
무량수요양원,35.21237383,129.0614579
온천슈퍼,35.21227311,129.0636761
원광사,35.21220764,129.0599067
진양집,35.21196904,129.0588807
금솔장,35.21240128,129.061695
금사회동동주민센터,35.21838991,129.1111164
태광인력개발원,35.2532275,129.0846985
우성아파트3동,35.2542222,129.0850207
두구동 입구,35.29743208,129.1028317
두구동 입구,35.29757267,129.1029114
영천초등학교,35.31137974,129.1114209
신동아아파트,35.25561837,129.0876166
신동아아파트,35.25693015,129.0876334
선경1차우성아파트,35.2550199,129.0876228
선경3차아파트,35.25870048,129.0878193
금정체육공원입구,35.29154337,129.0988819
부산컨트리입구,35.29146065,129.0988041
침례병원.남산역,35.26590588,129.0935305
침례병원.남산역,35.26562892,129.0939422
범어사입구,35.27489224,129.0904428
비아이마트,35.27527557,129.0903487
범어사입구,35.27565859,129.0896311
범어사입구사거리,35.27585082,129.0903536
부산산업보건센터,35.27499835,129.0928107
두구동 입구,35.29749672,129.1032679
두구동 입구,35.29740962,129.1032301
금정체육공원입구,35.29175622,129.0986585
부산컨트리입구,35.29168711,129.0985688
선두구동목욕탕,35.28785908,129.1077752
신천,35.27631054,129.1112354
장전역,35.23831123,129.0877018
구서1동행정복지센터,35.24487741,129.0883089
윤산터널입구,35.24042636,129.0928928
윤산터널입구,35.23811074,129.0921046
롯데마트,35.23896151,129.0922358
롯데마트,35.23950094,129.0918683
금정문화회관,35.24551543,129.0947239
동래여자고등학교,35.24627479,129.0957139
㈜세정,35.24333166,129.0939068
GS슈퍼(금정구청),35.24349726,129.0938917
구서역,35.24755824,129.0915429
구서역,35.24679074,129.0915085
구서역,35.24656973,129.0915932
구서역.금정경찰서,35.24577155,129.092245
구서1동행정복지센터,35.24497989,129.088667
구서역.구서시장,35.2463448,129.0889044
금정산쌍용예가.구서SK뷰,35.24304305,129.08667
장전초등학교,35.23955761,129.0863126
동래초등학교,35.24774596,129.0973555
태평양아파트,35.24860256,129.0977258
동래초등학교,35.24780343,129.0974232
금정문화회관,35.24568637,129.0945263
동래여자고등학교,35.24669542,129.0958465
금정문화회관,35.24574344,129.0946129
동상초등학교.서동역,35.21250686,129.1071317
협진태양맨션,35.21020899,129.1045148
서동입구,35.21084915,129.1047096
내성고등학교,35.2197908,129.0923997
동현초등학교,35.22182059,129.0909533
금사중학입구,35.21754369,129.1096001
농협,35.21790989,129.1094336
서3동주민센터,35.2157429,129.10689
금사시장,35.22003076,129.1114058
기업은행,35.22224495,129.1130779
금사회동동행정복지센터,35.2199157,129.1113049
중소기업은행,35.22230693,129.1131185
누가병원,35.22352834,129.1133778
세웅병원,35.21480423,129.1042788
세웅병원정문,35.21476663,129.1045016
서동농협,35.21489857,129.1035785
부산은행,35.21434217,129.1060818
부산예원고등학교,35.22495136,129.1152849
예원여자고등학교,35.22512813,129.1155316
부곡시장,35.22596783,129.0916771
금정세무서,35.23003453,129.0922059
금정세무서,35.23157984,129.092101
부산대학교정문,35.23236166,129.0869587
부산대학교정문,35.23214383,129.0869001
부산대역,35.23104002,129.0878109
부산은행,35.23144217,129.0857443
부산대앞부산은행,35.23049607,129.0865257
금정초등학교,35.22674116,129.0856837
(구)장전1치안센터,35.23570123,129.0877381
부산대학교정문,35.23226003,129.0866581
화목타운,35.22473833,129.0843717
금정초등학교,35.22701932,129.0828894
금정초등학교,35.2268854,129.0830351
장전SK뷰아파트104동,35.22568606,129.0814347
우신아파트,35.23403031,129.0897658
한신아파트,35.23569493,129.0894448
우신아파트,35.23402376,129.0899726
대우아파트후문,35.23259062,129.0894366
욱성화학(주),35.22684807,129.1179509
부산대역,35.22876967,129.0892784
온천장역,35.22162427,129.0874683
서동,35.21818152,129.0958182
뉴그린108동,35.22075899,129.09481
서곡초등학교,35.21859895,129.1051803
금사중학교,35.21997663,129.1069007
금정전자공업고등학교,35.2208346,129.1083319
부산경호고등학교,35.22131251,129.1100366
서3동주민센터,35.2181772,129.1037297
수정역,35.22275024,129.0087216
수정강변타운후문,35.22098246,129.0079719
수정역,35.22305722,129.0088375
북구보건소,35.23905286,129.0138677
북구보건소.인도네시아센터,35.23916718,129.0142711
북구보건소,35.2389865,129.0142631
북구보건소,35.23898041,129.0150345
푸르지오헤리센트아파트,35.23991591,129.0169902
장원아파트,35.24154503,129.0199142
대천리중학교,35.24149477,129.0222654
푸르지오헤리센트,35.23984766,129.0168674
금화횟집,35.24060442,129.0181971
장원아파트,35.24162522,129.0201117
그린숲속아파트,35.24145736,129.0218476
북구보건소,35.23888669,129.0147432
화신중학교.화명역,35.23714565,129.0137464
화신중학교,35.23813154,129.0138146
화명역,35.23605418,129.013669
청우파크,35.20968678,129.0160989
덕천주공아파트,35.20900032,129.0132877
양천초등학교,35.21053146,129.0194662
덕천3동주민센터,35.21009791,129.0177419
덕천주공아파트,35.20896595,129.0132011
양천초등학교,35.21046532,129.0192169
청우파크맨션,35.20949215,129.0152661
대림쌍용아파트,35.22489938,129.0081963
현대아파트,35.22752258,129.0096939
한국방송통신대학교,35.2241159,129.0071508
구포시장남문.반도유보라아파트,35.20463733,129.0030119
구포초등학교,35.20394559,129.0002949
구명역,35.20246068,128.9990339
구포시장남문.반도유보라아파트,35.20490938,129.0028892
덕천교차로,35.20852443,129.0050244
구포시장종점,35.21049041,129.0030615
구포시장,35.2100396,129.0028047
구포시장,35.20952561,129.0032192
구포시장,35.20953029,129.0030035
구포종점,35.20959168,129.0007377
화명유림아파트,35.2351255,129.0195525
금수선사,35.19583689,129.0146458
태평양아파트,35.19597426,129.0127503
포천삼거리,35.19704216,129.0066067
포천삼거리,35.19696666,129.0065703
부산솔로몬로파크,35.19891513,129.0054133
태양탕,35.19971465,129.0056606
구포대진아파트,35.20217089,129.0047132
구포대진아파트,35.20224939,129.0046884
태양탕,35.19963745,129.0056891
포천삼거리,35.19702788,129.0067971
부산과학기술대학교,35.19493242,129.0067413
부산과학기술대학교,35.19485497,129.0067489
부산과학기술대학교,35.19539811,129.0067661
구포3동주민센터,35.19503059,129.0087127
포천초교.태경해피타운,35.195233,129.0105803
구포3동주민센터,35.1950779,129.0088905
포천초등학교,35.19530201,129.0098426
구포3동주민센터,35.19517086,129.0086527
덕천교차로,35.20847841,129.0053738
덕천교차로,35.20863285,129.0054103
덕천교차로,35.20818742,129.0049368
신만덕,35.20604167,129.0405633
백운공원,35.20728242,129.0419209
백양산베스티움에코포레,35.20682083,129.0415357
신만덕,35.20588,129.0404
관음사,35.20756428,129.0435716
백양중학교,35.20825464,129.0419274
백양중학교,35.20808255,129.0413621
새만덕식당,35.20809922,129.0389083
구남시장,35.20056414,128.9979518
구남시장,35.20045147,128.9978812
구남역.구남중학교,35.1971033,128.9949488
백양고입구,35.19898837,128.9963279
구남역,35.19704915,128.9948996
백양고입구,35.19891464,128.9962626
백양고교,35.19702673,128.9975484
만덕도서관,35.2072838,129.037908
예림슈퍼,35.20680434,129.0384367
일동아파트,35.20563698,129.0400726
구포시장,35.20968489,129.0031188
구포시장,35.2095693,129.0029736
메가마트,35.21353125,129.021653
도개공아파트110동,35.21688216,129.0203302
도개공아파트116동,35.21799148,129.0204795
화인유통,35.21617078,129.02113
유림아파트.부산학생예술문화회관,35.19751138,129.0033341
유림아파트상가,35.19744865,129.0032164
부산학생예술문화회관.유림아파트,35.19790119,129.0032678
유림아파트입구,35.1986465,129.0049489
부산솔로몬로파크,35.19887826,129.004092
동성아파트상가,35.19858954,129.0076249
한국빌라,35.19822068,129.0091478
구포대우아파트,35.19761663,129.0104942
청송빌라,35.19701407,129.0118648
유림아파트,35.20916146,129.0415128
거성교차로.종합운동장역,35.18992753,129.0676271
종합운동장역,35.19102048,129.066732
창신초등학교.종합운동장역,35.19244804,129.0673839
법원검찰청.거제역,35.18919365,129.0752956
거제역,35.18803579,129.0750904
경남아파트,35.1867945,129.0719909
동해선거제역,35.1891764,129.073029
거제리안동네,35.18749934,129.068925
거제교회,35.18597459,129.0703542
화랑아파트,35.18729973,129.0691193
쌍용더플래티넘거제아시아드,35.1863973,129.0699656
레이카운티2단지,35.18803202,129.0678599
거제리안동네,35.18861714,129.068349
거성교차로,35.189834,129.0679846
거제교회,35.18653994,129.0702718
대우아파트,35.1871223,129.0697336
경남아파트,35.18622136,129.0722243
경남아파트,35.18652495,129.0724725
동해선거제역,35.18911381,129.0722972
법원검찰청,35.19019015,129.0708907
신리삼거리,35.17433511,129.088202
신리삼거리,35.17465658,129.0876138
망미주공아파트,35.18079918,129.1069825
배산역,35.17341347,129.0952417
연산3동새마을금고.연제만화도서관,35.17369038,129.0932119
한독아파트,35.17397122,129.09108
한독아파트,35.17393455,129.0913593
연제구사회복지관,35.17270742,129.0883864
힐스테이트2차상가앞,35.17210381,129.0881291
한독아파트,35.17344961,129.0893485
한독아파트,35.1741522,129.0911734
동서그린아파트,35.1819225,129.1023563
동암학교,35.18111115,129.102567
엘지아파트,35.18430975,129.104216
연제경찰서,35.18245576,129.1042296
시청역,35.17999544,129.0765507
시청역,35.17974664,129.0769682
시청역,35.17957376,129.076732
부산지방노동청.국세청,35.17634505,129.0776437
부산지방경찰청,35.17844476,129.0753459
동명초등학교,35.17679143,129.089546
연미시장입구,35.17466788,129.0920604
연제고등학교,35.17597926,129.0904968
연제중학교,35.17830419,129.0891438
곰두리스포츠센터,35.18445282,129.0667904
레이카운티4단지,35.18554084,129.0668717
만수사,35.18243204,129.0651552
청구아파트,35.18309562,129.0658913
거제여중입구,35.18720116,129.0664515
레이카운티2단지,35.18790521,129.0679866
거제시장,35.18154401,129.0730858
거제청과시장,35.18103195,129.0719113
거제3동새마을금고,35.18267549,129.0710583
시청공원,35.17972886,129.0724858
연산전화국,35.17397281,129.0797353
양정포레힐즈스위첸,35.17343888,129.0779671
연산전화국,35.17412724,129.0795952
새마을금고,35.17480335,129.0819324
연제도서관,35.17395362,129.0825707
이마트연제점,35.17498556,129.0813618
연산더샵아파트정문앞,35.17273455,129.0834926
연제도서관,35.17401646,129.082703
삼일아파트,35.17965859,129.0817089
연산2동사무소,35.18031451,129.0808312
연산시장,35.17624128,129.0837137
연산초등학교후문,35.17774869,129.0828325
보성아파트,35.18108185,129.0808931
태경빌라,35.18080497,129.083076
연산초등학교,35.18001273,129.0841757
롯데데시앙정문,35.17962564,129.0843384
연산초등학교,35.17863196,129.0847523
반도보라아파트,35.18381135,129.0829971
반도보라아파트,35.18309712,129.0832978
케이티앤지부산본부,35.1815179,129.0839489
연제구사회복지관,35.17262666,129.08851
힐스테이트2차상가앞,35.17194694,129.0882025
한독아파트,35.17336599,129.0894945
회전교차로,35.17187803,129.0870637
법원검찰청정문,35.19083614,129.0734197
법원검찰청정문,35.19108463,129.0733134
법원후문,35.19319184,129.0744648
거제리대조연립,35.19395661,129.0733257
거제리대조연립,35.19394238,129.0727146
법원후문,35.19294782,129.0744157
남문초.연제우체국,35.19391494,129.0707073
현대쌍용아파트,35.19340264,129.068199
남문초.연제우체국,35.19394475,129.0708425
현대쌍용아파트,35.19343502,129.0683697
수영강푸르지오아파트,35.18434803,129.1120074
연제예식장,35.18460744,129.1094452
사직실내수영장,35.19163647,129.0624554
사직실내수영장,35.19158662,129.0621923
아시아드주경기장,35.19146527,129.0603379
아시아드주경기장,35.19167724,129.061339
무량수요양원,35.21242292,129.0624715
원광사,35.21234816,129.0599788
진양집,35.2120752,129.0588809
온천슈퍼,35.21233738,129.0639914
새들원테니스장,35.21289568,129.0650884
새들원테니스장,35.21255151,129.0650924
화신아파트,35.21175823,129.0657248
달북마을,35.20462698,129.0587082
금강초등학교,35.20219063,129.0642477
금강초등학교,35.20218646,129.0646459
미남역,35.20399361,129.0674247
이편한동래아시아드아파트,35.2015215,129.065746
금강초등학교,35.20131346,129.0649287
금강초등학교,35.20101491,129.0647236
이편한동래아시아드아파트,35.20163188,129.0658896
공영아파트,35.20097367,129.0668954
OK슈퍼,35.20049192,129.0682808
공영아파트,35.20100379,129.0673152
부산터널위,35.11316598,129.0317722
영주신호대,35.11128258,129.0342964
코모도호텔,35.11003758,129.0347883
코모도호텔입구,35.108105,129.0342931
영주동,35.11197094,129.0354109
영주동,35.11225491,129.0350043
제일은행앞,35.10300244,129.0349157
부산항만공사,35.10071612,129.037607
부평시장,35.10212831,129.0249701
부평시장,35.10163173,129.024946
보수사거리,35.10326875,129.0243131
보수사거리,35.10335191,129.0254047
보수동책방골목,35.10293005,129.0266876
보수사거리,35.1032238,129.0257603
새들맨션,35.10490038,129.0309537
국제시장,35.10284445,129.0286089
국제시장,35.10283595,129.0289521
국제시장,35.10279323,129.0298886
국제시장.부산근현대역사관,35.10277284,129.030568
보수동책방골목,35.10318762,129.027011
서구청.충무동,35.09799375,129.0254847
충무동교차로,35.09844143,129.0253472
부산디지털고,35.1079517,129.0309749
청운아파트,35.10961892,129.0307372
동주파크맨션,35.1113486,129.0299042
중구종합사회복지관,35.10597296,129.0272822
중구복지관,35.10588833,129.0285522
중앙공원.민주공원입구,35.11434417,129.0300887
시민아파트,35.11492136,129.0321599
중앙공원.민주공원입구,35.11400551,129.0295785
동주파크맨션,35.11144249,129.0294742
청운아파트,35.10960189,129.0304336
부산디지털고,35.10788024,129.0302843
대청공원원로의집,35.10655139,129.0292005
영도대교.남포역,35.09742844,129.0356322
영도대교,35.09695236,129.0358043
광복로,35.09889732,129.0365027
연안부두,35.09998954,129.0367966
보수초등학교,35.1055125,129.0237805
화랑초등학교,35.11017836,129.0225454
동아대부민캠퍼스,35.10771893,129.0217593
중구청.메리놀병원,35.10808872,129.0337202
거북맨션,35.10979623,129.0339339
중구청.메리놀병원,35.10769979,129.0340406
코모도호텔,35.11023405,129.0349543
새들맨션,35.10495707,129.0304882
부평시장,35.1011934,129.0252587
부평시장,35.10164666,129.0252804
서구청,35.09821913,129.0249416
서구청,35.0977247,129.025084
남포주유소,35.10148508,129.0225306
2부두,35.10836418,129.0406715
"중부경찰서,연안여객터미널",35.1050391,129.0385223
부산세관,35.10405609,129.0373949
백산기념관.영화체험박물관,35.10268257,129.034247
국제시장,35.10304489,129.0304723
국제시장,35.10308166,129.0296161
영도대교.남포역,35.09731831,129.0360164
영도대교.남포역,35.09761822,129.0358941
영도대교.남포역,35.09751003,129.0359338
동일파크맨션,35.11705984,129.0337287
영주삼거리,35.11535576,129.0333218
화신아파트,35.11849248,129.0306957
동아아파트,35.11400452,129.0303551
금호아파트,35.11111014,129.0305836
부산디지털고,35.10944083,129.0320386
시민아파트,35.11514003,129.0317486
중앙공원.민주공원입구,35.11448686,129.0297622
신동아시장,35.09700133,129.028956
신동아시장,35.09709038,129.0293433
자갈치시장,35.09746438,129.0322508
자갈치시장,35.09748069,129.0328471
거북맨션,35.10973863,129.033714
중구청.메리놀병원,35.10753447,129.0329333
제일한의원,35.21831473,129.1007511
금정여자고등학교,35.21924445,129.0995089
금정여자고등학교,35.21896352,129.0998684
서동시장,35.21705381,129.1022439
제일요양병원,35.21807302,129.1009622
서3동주민센터,35.21801363,129.1038095
서4동주민센터,35.2179,129.10373
중앙교회,35.21618167,129.1058683
서동시장입구,35.21717833,129.10257
부산대학교정문,35.23117365,129.0849447
금정등기소,35.23058895,129.0847999
부산대정문,35.23169851,129.0845673
부산대정문,35.23137227,129.0844965
부산대역.부곡대우아파트,35.23119062,129.0898718
부산대학교후문,35.22851256,129.0853922
부산대후문,35.22885132,129.0845887
신한은행,35.22847444,129.0854765
부산대학교후문,35.22859247,129.0839949
서동미로시장,35.21520792,129.102344
서1동새마을금고,35.21661549,129.0985802
누가병원,35.22339055,129.1132699
현대맨션,35.22390617,129.1123828
부산산림교육센터,35.2230014,129.1117112
현대맨션,35.2237426,129.1124609
부산산림교육센터,35.22277639,129.1112256
회동본동,35.22781918,129.1203047
평화탕,35.21415122,129.1020361
금정산SK뷰,35.22595861,129.0793414
장전SK뷰아파트109동,35.22594051,129.079739
롯데캐슬2단지,35.24948799,129.0870347
구서2동,35.25275934,129.0844103
상현마을입구,35.26664883,129.1112616
회동수원지입구,35.26420933,129.1069792
선동상현마을,35.26656669,129.112611
하정리,35.26468639,129.1031446
하정리입구,35.26452923,129.1007632
하정리,35.26470886,129.1034356
하정리입구,35.26458956,129.1014405
금정농협,35.24091549,129.0937061
신학대학,35.24151613,129.0947163
신학대학,35.24245225,129.0955605
지산고등학교,35.24324323,129.0967827
지산고등학교,35.2432999,129.0966096
부산가톨릭대학교,35.24394314,129.0978228
부산가톨릭대학교간호대학,35.24541611,129.0993749
오륜대순교자성지.박물관,35.24645316,129.100325
부산가톨릭대학교간호대학,35.24554265,129.0992415
부산가톨릭대학교,35.24414082,129.0979071
오륜대순교자성지.박물관,35.24696198,129.1014375
"새동네, 부산오륜학교",35.24784541,129.1027672
"새동네, 부산오륜학교",35.24794747,129.1026669
연꽃못,35.24712451,129.1100356
회동수변산책로.황톳길,35.24716447,129.1116185
임지아뜰리에.복자수녀원,35.24755405,129.1138201
오륜본동마을,35.24765129,129.1152177
회동수변산책로.황톳길,35.24727127,129.1119565
임지아뜰리에.복자수녀원,35.24761827,129.1134977
연꽃못,35.24744983,129.1107581
주말농장,35.24771828,129.1080243
분도농원,35.24830843,129.1072541
롯데마트,35.23928144,129.0918399
정원맨션,35.24261871,129.0939696
금정구청.부산가톨릭대,35.24233377,129.0932049
금정구청,35.24213663,129.09318
부산대생활환경관,35.23373314,129.0780379
부산대예술관,35.23324909,129.0778882
부산대화학관,35.23448619,129.0782658
부산대본관,35.2328365,129.0835395
부산대문창회관,35.23420688,129.0822738
부산대문창회관,35.23408922,129.08223
부산대제2도서관,35.23514919,129.0815564
부산대제2도서관,35.23501513,129.0815106
부산대사회관,35.23576513,129.080085
부산대사회관,35.2356276,129.0800151
광명사,35.23010325,129.0764148
부산대후문,35.23240407,129.0742231
경보아파트,35.22541281,129.0817163
서울슈퍼,35.25090858,129.05525
서문입구,35.2513123,129.0483584
연수암,35.2503302,129.0498354
포구나무집,35.25142604,129.0532493
동문,35.2432052,129.0644673
남문,35.24185919,129.061933
남문,35.24169519,129.061959
공해부락,35.24437796,129.0560013
산성공해마을,35.24389654,129.0570613
고별대,35.23946223,129.0688339
동문,35.24337598,129.0644358
부산대후문,35.23232122,129.0740617
고별대,35.23954498,129.0690008
샘골공원,35.26077165,129.0875529
구서2동,35.2621367,129.086115
구서동,35.24203168,129.0888398
구서동,35.24221962,129.0887752
사취등,35.11551001,128.9156735
사취등,35.11550095,128.9157625
강서경찰서,35.11820346,128.9066886
강서경찰서,35.11815804,128.9068072
중신,35.09541474,128.9044288
전등,35.09182167,128.9227267
오션모텔앞,35.093071,128.923506
정호농원,35.091338,128.907049
밭등,35.09191523,128.9058648
백양노인정,35.20953194,129.0436521
느루식당,35.20992686,129.0446057
한신아파트정문,35.21022228,129.045374
한신아파트정문,35.21004016,129.045608
한신아파트중문,35.20918896,129.0454588
한신아파트후문,35.20819942,129.0449652
동원아파트,35.21003394,129.0296274
만덕럭키아파트,35.20966495,129.0287309
그린코아아파트,35.20689775,129.0298991
만덕럭키아파트,35.20965667,129.0283719
백운농원입구,35.24730176,129.0337378
애기소,35.24426725,129.03001
흥아농장입구,35.24285361,129.0262652
화명수목원,35.24973503,129.0411343
백운농원입구,35.24863612,129.0355039
화명수목원,35.25016066,129.0420788
구포3동,35.19748954,129.0151758
구포3동,35.19754003,129.0150084
송정해수욕장,35.18247667,129.2039765
송정,35.18353542,129.2020861
송정해수욕장,35.18231062,129.2043004
석대사거리,35.21687167,129.1193783
반여농산물도매시장,35.21756496,129.1222907
반송본동,35.23085217,129.1514727
윗반송역,35.23290725,129.1550178
반송본동,35.23089335,129.1515426
본동,35.22974519,129.1519527
송운초등학교,35.23025208,129.1571026
석대사거리,35.2169163,129.1197832
과정교,35.18431501,129.1189856
원동IC교차로,35.19346648,129.1172258
원동IC교차로,35.19291754,129.1184454
원동IC교차로,35.19380003,129.1170949
동부지청,35.18908817,129.1282251
동부지청,35.18902224,129.1280314
동해선벡스코역,35.17208609,129.1329936
동해선벡스코역,35.17204109,129.133176
센텀고등학교,35.17704483,129.1289441
센텀센시빌,35.17483773,129.1314656
롯데백화점센텀시티점,35.16967324,129.1317843
시청자미디어센터.KNN방송국,35.17219256,129.130266
시청자미디어센터,35.1726602,129.1298768
영화의전당,35.17142,129.1282867
시청자미디어센터.KNN방송국,35.17202319,129.1299049
시청자미디어센터,35.17225569,129.1297408
SK텔레콤,35.17416149,129.127524
SK텔레콤,35.17406785,129.1277414
SK텔레콤,35.1734777,129.1282304
SK텔레콤,35.17356456,129.1280247
센텀중학교,35.17650852,129.1248377
센텀중학교,35.17694959,129.1251169
IS타워,35.17693354,129.1253638
센텀중학교,35.17529504,129.1252896
센텀파크,35.17907051,129.1228206
센텀초등학교,35.18066831,129.1216824
센텀스타,35.17753117,129.1240337
센텀초등학교,35.1805684,129.1217534
센텀파크.부산은행,35.17890454,129.1229575
유창맨션,35.18016332,129.1269583
재송초등학교,35.18387827,129.126468
재송농협,35.18556177,129.1259086
유창맨션,35.18034752,129.1269368
재송농협,35.18578049,129.125796
재송초등학교,35.18434342,129.1264057
동해선센텀역,35.18020797,129.1248338
센텀고등학교,35.17699966,129.128438
센텀센시빌,35.17525577,129.1310101
선수촌아파트,35.20372667,129.1232617
센텀롯데캐슬아파트,35.20373439,129.1228337
인지초등학교,35.20337306,129.1240182
(구)강변자동차매매단지,35.2062329,129.1218458
세월교입구.선수촌아파트,35.2040673,129.1200305
신촌입구,35.20651113,129.1232423
장산성당,35.20534508,129.1250316
(구)강변자동차매매단지,35.2065636,129.1218591
반송보건지소,35.22899019,129.1485607
반송시장,35.22750161,129.1484658
반송보건지소,35.22891493,129.1485543
반송시장,35.22744314,129.1484661
반송우체국.영산대역,35.22524636,129.1478969
반송초등학교,35.22354952,129.1456172
옹기골,35.22199539,129.1441463
석대역,35.21982696,129.1382007
석대동,35.22013587,129.129533
석대화훼단지,35.21947033,129.1258991
석대동,35.21984104,129.1286508
석대화훼단지,35.21927521,129.1259863
석대역,35.21944841,129.1396964
옹기골,35.22127074,129.1438203
반송초등학교,35.22372365,129.1460044
반여농산물도매시장동문,35.21472711,129.1246072
반여농산물시장역,35.21765091,129.1246055
반여농산물도매시장,35.21777634,129.1219971
당사입구,35.19782734,129.206313
구학초등학교,35.13702998,128.9945533
구학초등학교,35.13762636,128.9937219
구덕고교,35.13964322,128.9917491
여성문화회관,35.14057573,128.9898325
구덕고등학교,35.13943473,128.9921424
구덕극동아파트,35.13853115,128.9934175
축산물도매시장,35.14143252,128.9890393
구학초등학교,35.13729319,128.9948755
구학초등학교,35.13735191,128.9948191
주례사거리,35.14914942,129.0000063
주례사거리,35.14908022,128.9999863
신진정비공장,35.14795739,128.9998104
다누림센터·부산구치소,35.14667944,128.9947639
학장,35.14583331,128.9928725
부산구치소,35.14671685,128.9948567
학장,35.14587327,128.9929577
학장교차로,35.1448169,128.9884569
동양아파트,35.1447578,128.991211
다누림센터·부산구치소,35.14645099,128.9949091
학장교차로,35.14298719,128.9864645
동양아파트,35.14461567,128.9908873
학장교차로,35.14356348,128.9885078
삼락동,35.19495928,128.9857806
국제식품,35.1935112,128.9832971
경북철강,35.14706592,128.981185
경북철강,35.14666472,128.980784
유유철강,35.14236089,128.9796704
산업용품상가,35.15969137,128.976014
주감초등학교,35.15264441,129.0010717
백양마을,35.15402647,128.9979354
주감중학교,35.15549786,128.9955049
사상근린공원,35.15808993,128.9932944
능인사,35.16620585,128.9893574
주감중학교,35.15555902,128.9954577
서부시외버스터미널.사상역,35.16301183,128.9841008
서부시외버스터미널.사상역,35.16379457,128.9837255
사상초등학교,35.16685539,128.9825289
사상초등학교,35.1664161,128.9827156
괘법르네시떼역.르네시떼,35.16320945,128.9777924
르네시떼,35.16318582,128.9779317
삼대한의원,35.15897817,128.9879913
사상우체국,35.16055082,128.9864878
감전초등학교,35.15686034,128.9868182
성광약국,35.15753665,128.9847571
개금시장,35.14815362,129.0172296
백병원입구,35.14808221,129.0202257
개금시장,35.14815485,129.0171319
백병원입구,35.14808246,129.0201276
주례여자고등학교,35.14776514,129.0162184
개금현대아파트,35.14757881,129.0162608
주례지구대,35.14582802,129.0008692
동서대KIT생활관,35.14675303,129.0091766
동서대글로벌빌리지,35.14669555,129.0081159
동서대후문,35.14685167,129.0103016
주례지구대,35.14601178,129.0008776
냉정고개,35.15178194,129.0172457
반도보라아파트,35.15262101,129.0122723
한일유엔아이아파트입구,35.15290977,129.0109739
보훈병원,35.15278183,129.0043653
부산보훈병원,35.15305248,129.005496
엄궁초등학교.동백맨션,35.12918552,128.9758931
대림아파트,35.12888389,128.9776059
엄궁롯데캐슬,35.1286787,128.9745739
대림아파트,35.1291623,128.9775394
동백맨션,35.12941914,128.9758635
코오롱아파트후문,35.12587276,128.9767615
쌍용스윗닷홈,35.12463224,128.9753286
코오롱아파트정문,35.12738795,128.9781146
대동아파트,35.12359797,128.9738931
엄궁초등학교,35.12862952,128.9728668
(구)엄궁동부산은행,35.12887805,128.9711766
한신아파트후문,35.12331835,128.9725491
엄궁(기점),35.1236027,128.9721393
한신아파트정문,35.12429419,128.9708452
엄궁한신1차아파트,35.12564543,128.9681517
한신아파트정문,35.12400222,128.9707546
한신아파트후문,35.12311163,128.9723353
하단SK뷰아파트앞,35.11713376,128.9623579
쌍용스윗닷홈,35.12445834,128.9755157
대동아파트,35.12340448,128.9740309
코오롱아파트후문,35.1254552,128.9766422
코오롱아파트정문,35.12726821,128.9783607
사상전화국,35.14934487,128.9911544
부산구치소,35.14953384,128.9942036
주례교차로,35.14989092,128.9987651
사상전화국,35.14755259,128.9886491
롯데정비,35.19180745,128.9842931
금강화학,35.19032122,128.9801243
금강화학,35.19022599,128.9806222
국제식품,35.19236923,128.9825942
서부주유소,35.18352565,128.976042
(주)대정.성지,35.18635312,128.9772696
부산디지털고,35.10961592,129.0317187
금호아파트,35.11152362,129.030767
동아아파트,35.11320109,129.0302883
중구노인복지회관,35.10392548,129.025722
중구노인복지회관,35.10384946,129.0256025
한신스포렉스,35.10381642,129.0270409
한신스포렉스,35.10396155,129.0269842
남해슈퍼,35.10464059,129.0274664
남해슈퍼,35.10483151,129.0273999
산복도로교차로,35.10585057,129.0269213
보수아파트,35.10743972,129.0267579
보수어린이집,35.10659152,129.0269206
중구노인정,35.10612629,129.0284853
혜광고등학교후문,35.10866351,129.0266363
중앙공원,35.11212006,129.0279604
중앙공원,35.11213472,129.0281352
중앙도서관,35.11066445,129.0269499
증앙도서관,35.11047557,129.0269506
서구복지회관,35.11038224,129.025739
서구복지회관,35.11024264,129.025841
혜광분식,35.10965298,129.0256063
보수아파트,35.10748973,129.0265961
보수어린이집,35.1065776,129.0267267
중구노인정,35.10601186,129.0285922
혜광고등학교후문,35.10862668,129.026429
혜광분식,35.109737,129.0257016
중구종합사회복지관,35.10567175,129.0285908
중구복지관,35.1057439,129.0287104
보수아파트,35.10773648,129.0262382
혜광고교,35.10898934,129.0243997
락서암,35.11071274,129.0248857
대신여중,35.11300543,129.0261365
동대신2동,35.1152262,129.0239438
동대고개,35.11591801,129.0223718
산복도로교차로,35.10581248,129.0267662
서대시장,35.10931684,129.0161371
서대신역.서부경찰서,35.11036482,129.0135797
서대시장.동대신역,35.10979151,129.0173967
서대시장. 동대신역,35.10966206,129.0162654
동신초등학교,35.11497148,129.0188866
동신초등학교,35.11528762,129.0183503
동대신역,35.11107765,129.0171518
동대신역,35.11144226,129.0169838
서대신우체국,35.11290253,129.0164914
구덕운동장,35.11331345,129.0162525
구덕운동장(종점),35.11470736,129.015516
구덕운동장,35.11364651,129.0160705
문화아파트,35.11544584,129.0166483
문화아파트,35.11538806,129.0164753
부경고교,35.11425048,129.0139195
부경고교,35.11395298,129.013837
부경고교,35.11327967,129.013483
구덕실내체육관,35.11496661,129.0141867
동아대부민캠퍼스,35.10746929,129.0209207
동아대부민캠퍼스,35.10605336,129.0199656
서부교회,35.10863136,129.0193089
동아대부민캠퍼스,35.10618793,129.0203146
동대시장,35.11065502,129.0199411
서부교회,35.10930524,129.0181106
서부교회,35.10796827,129.0196215
서대시장.동대신역,35.1098648,129.0167973
동대신역,35.11073188,129.0176547
부산대학병원.토성역,35.10143078,129.0199978
토성동,35.09789946,129.0205712
부산방사선과앞,35.09813454,129.0203407
토성동역,35.09938146,129.0195524
토성역.아미동입구,35.0999728,129.0179624
부산대학교병원,35.09997457,129.0178586
아미파출소,35.10026876,129.0167904
동아대부민캠퍼스,35.10497964,129.0202387
영락교회,35.10317244,129.0207719
부산대학병원.토성역,35.10144527,129.0196889
충무동교차로,35.09640414,129.0234906
충무시장,35.09644442,129.023272
남부민시장입구,35.09265387,129.0221269
토성동,35.09791071,129.0210179
부산대학병원.토성역,35.09896016,129.0201312
부산방사선과앞,35.09782894,129.021099
대청마루,35.1145309,129.0257089
영산3동아파트,35.1160927,129.0229038
한국빌라,35.11545935,129.0245504
동대신2동,35.11491895,129.0239332
동대고개,35.11605684,129.0217543
대신여중,35.11324496,129.0256468
락서암,35.11033114,129.0245183
혜광고교,35.10889537,129.0241266
보수아파트,35.10736415,129.0260552
경남고등학교입구,35.11732128,129.0193895
송도입구,35.0797797,129.0174606
고신대학교복음병원,35.08147046,129.0161511
고신대학교복음병원,35.08117988,129.0160124
알로이시오의원,35.08214657,129.012843
알로이시오의원,35.08184599,129.0127779
감천초등학교,35.08253681,129.0098106
진동,35.09837553,128.9274212
동리,35.10046666,128.9280838
진동,35.09825166,128.9273758
동리,35.1005992,128.9281048
낙동강철새도래지,35.09007807,128.9167744
전등,35.09197902,128.922261
오션모텔앞,35.093456,128.922742
전등,35.09203,128.8892483
중신,35.09543454,128.9046021
중신뚝길,35.095245,128.904517
포니상회,35.096025,128.908031
중신입구,35.097674,128.911068
밭등,35.09181353,128.9057637
정호농원,35.091268,128.907097
당리마을,35.22080818,128.985345
신촌,35.22081637,128.9782654
신촌회관,35.22118146,128.9805821
당리마을입구,35.22021026,128.989981
당리마을,35.22088918,128.9844688
신촌,35.2207286,128.9777302
신촌회관,35.22102384,128.9805335
대저양수장,35.22053754,128.9701023
동연정입구,35.22071498,128.9725773
당리마을회관,35.22317413,128.9922812
당리마을입구,35.22029784,128.9914868
당리마을입구,35.21984258,128.9909051
수문할매집,35.21788628,128.9901157
수문할매집,35.21848169,128.9903712
당리마을입구,35.22026995,128.9908477
대저양수장,35.22040904,128.9701002
동연정입구,35.220612,128.972483
우편집중국,35.21924868,128.9595236
낙동중후문,35.22010203,128.9666711
대저상리,35.21959275,128.9632884
우편집중국,35.21914129,128.9595454
낙동중후문,35.21951512,128.9659022
대저상리,35.21947545,128.9631806
부산교도소,35.21625429,128.9517362
중리1구꽃동네,35.2185554,128.9555673
평강,35.21445371,128.9495487
부산공항여객차고지,35.1715934,128.951866
철우정밀,35.16494149,128.9428293
공항입구,35.17650271,128.9500094
김해공항차고지,35.17144572,128.9515818
철우정밀,35.16477238,128.9430317
순서,35.16201204,128.935968
공항활주로,35.1618693,128.9401476
순서마을,35.1618533,128.9359117
공항활주로,35.1617294,128.9401607
도도본리,35.16684015,128.935039
도도본리,35.16738429,128.9350259
정관도마을,35.16525835,128.926277
정관도마을회관,35.16722485,128.9313189
정관도삼거리,35.16910899,128.9335365
작지,35.14272194,128.9502781
교회앞,35.13831001,128.9481464
동자,35.13048308,128.944009
맥도자연생태공원,35.15094328,128.9538202
염막2구,35.11938564,128.9366945
염막2구,35.11893182,128.9370552
금호오리마을,35.15606134,128.956075
작지,35.1437483,128.9500589
교회앞,35.13889596,128.9477778
동자,35.13109082,128.9436935
맥도자연생태공원,35.15161605,128.953464
진목교회,35.13414762,128.9162213
진목교회,35.13416058,128.9160712
강서예술촌,35.13104065,128.9185847
구들목입구,35.12876887,128.9196208
금일정유소,35.12088408,128.9181148
청량사,35.1162705,128.9195923
찬호반점,35.124684,128.9182213
중곡,35.16418182,128.9130488
상곡,35.17224952,128.9151617
강동119안전센터,35.1747148,128.9158648
남광정밀,35.16631889,128.9133851
중곡,35.16420966,128.9128738
상곡,35.17187691,128.9149319
남광정밀,35.16670695,128.9133502
대저수문,35.2322661,128.9937575
대저수문,35.23230329,128.993422
당리마을회관,35.22322576,128.9918816
대저동,35.21100832,128.9858167
강서고.부산혜원학교,35.21472167,128.988841
대저동,35.2113954,128.9855987
강서구청역,35.21119914,128.9808196
강서구청,35.21242192,128.9826886
강서구청,35.21225774,128.9829393
롯데마트,35.08466343,128.9728738
사하경찰서,35.08609487,128.9776494
사하경찰서,35.08601639,128.9776424
장림,35.08484222,128.9792546
제일제당,35.08421068,128.9772115
제일제당,35.08412649,128.9771999
장림역,35.08310153,128.9771968
자동차검사장.롯데마트,35.08536959,128.9732537
내리,35.20069317,129.2067866
내리초등학교,35.2042978,129.2065646
반송보건지소,35.2292101,129.1487738
반송보건지소,35.22928933,129.1487838
반송1동주민센터,35.22502638,129.1485616
반송주공아파트,35.23266688,129.1594576
고촌역.대진여객,35.23499969,129.1591979
송운초등학교,35.22999504,129.1561048
본동,35.22992745,129.1519671
풍산금속,35.21271284,129.1253876
반여농산물도매시장남문,35.21336663,129.122351
반여농산물도매시장동문,35.21477405,129.1249354
중리,35.20840724,129.1236235
반석초등학교,35.20995708,129.1251453
중리,35.20849228,129.1234681
디지털엣지코리아,35.17510349,129.1275396
부산디자인진흥원,35.17395785,129.1299527
반송도개공입구,35.228827,129.1611839
남흥아파트,35.22816562,129.1626435
반송주공아파트입구,35.23003842,129.1589403
반송주공아파트,35.23257965,129.1596697
삼한아파트,35.22863116,129.1610389
반송주공아파트입구,35.22996056,129.1585854
반여2동,35.19574704,129.1308932
수협장산지점,35.19827718,129.1313302
반산초등학교,35.19421384,129.1303805
한국마트,35.19428517,129.1303868
반여시장입구,35.19519618,129.1274501
더샵센텀그린,35.19441887,129.1251551
재송삼익아파트,35.19197052,129.1207511
반여시장,35.19499575,129.1291677
제반보건지소,35.19286765,129.1228609
센텀파미르아파트,35.19451626,129.1257946
반여시장입구,35.19497416,129.127498
재송삼익아파트,35.19186269,129.1211127
반여시장,35.19478123,129.1291285
재반보건지소,35.19264016,129.1229868
반여시장입구,35.19495651,129.1276784
보훈아파트,35.1946853,129.1261218
재송삼익아파트,35.19200916,129.121702
원동IC교차로,35.19335769,129.1182933
일동아파트,35.20461536,129.1182633
송보자유아파트,35.20474967,129.1183647
센텀SK뷰아파트,35.20205051,129.116011
안락현대아파트,35.19921513,129.1133959
우방아파트,35.20370379,129.1172558
센텀SK뷰아파트113동,35.20274227,129.1165389
벽산한솔타운,35.20636483,129.1192785
센텀강변현대아파트,35.20846285,129.1198391
센텀SD아파트정문,35.20987936,129.1200339
센텀SD아파트후문,35.21152228,129.1197611
우신아파트,35.2130327,129.1188303
대우아파트,35.21462021,129.1171349
일동아파트,35.20500021,129.1183061
송보자유아파트,35.20479068,129.1181754
벽산한솔타운아파트,35.20613715,129.1191457
무정리길,35.20154567,129.1237016
선수촌아파트118동,35.20053686,129.1233577
인지초등학교,35.20313617,129.1245203
선수촌아파트정문,35.20095317,129.1235023
센텀롯데캐슬3차아파트,35.19969242,129.1231978
무정초등학교,35.19801098,129.1227126
무정초등학교,35.1984307,129.1226912
부일교회,35.18767018,129.1223962
재송시장입구,35.18729442,129.125206
해운대경찰서,35.18613966,129.1207662
해운대경찰서,35.1862404,129.1207649
동해선재송역,35.18931258,129.1208063
해운대경찰서,35.18532843,129.1211145
해운대경찰서,35.18522041,129.1211171
센텀동부센트레빌,35.18315998,129.1227385
재송농협,35.185436,129.1253704
동부지청어귀교차로,35.18227236,129.1224783
재송초등학교,35.18414287,129.1261959
재송노인복지회관,35.18035541,129.1266532
유창맨션,35.18022418,129.1266781
재송초등학교,35.18407578,129.1262085
재송농협,35.18526109,129.1249961
센텀동부센트레빌,35.18336781,129.122489
재송농협,35.18632514,129.1254108
재송농협,35.1863781,129.1254024
재송시장입구,35.18747892,129.1249025
부일교회,35.18787288,129.1219798
부일교회,35.18791828,129.1215792
재송시장,35.1874821,129.1248073
인지중학교,35.20414963,129.1251876
무정리길,35.20162472,129.1234846
선수촌아파트정문,35.201263,129.1233437
센텀롯데캐슬3차아파트,35.19971946,129.1229405
센텀롯데캐슬아파트,35.20383,129.1232017
센텀롯데캐슬아파트,35.20401456,129.1226793
반여3동,35.19986313,129.1313438
동백,35.28974904,129.2572076
동백선착장,35.28622704,129.2568387
새끝,35.30901849,129.2593615
문동,35.30633284,129.2566418
문동,35.3064028,129.256716
새끝,35.30897963,129.2593033
새끝,35.30901405,129.2595977
문동,35.30643479,129.2569744
문동,35.30649515,129.257026
새끝,35.30896009,129.2595463
문중,35.30232125,129.2572175
문중,35.30225502,129.2572401
기장문화예절학교,35.32363523,129.2725648
기장문화예절학교,35.32361004,129.2724597
묘관음사입구,35.32130161,129.2661902
임랑삼거리,35.31696504,129.2588904
임랑마을,35.31780643,129.2614378
묘관음사입구,35.3212621,129.2661181
월내시장,35.32641623,129.2770158
동해선월내역.월내시장,35.32645304,129.2770923
기장문화예절학교,35.3239048,129.2727352
기장문화예절학교,35.32386798,129.2726374
임랑삼거리,35.3173157,129.261125
묘관음사입구,35.32107538,129.2661331
묘관음사입구,35.3211318,129.266192
임랑삼거리,35.31726952,129.2610636
임랑해수욕장입구,35.31660946,129.2603823
임랑해수욕장입구,35.31653247,129.2603456
임랑삼거리,35.31716514,129.2601799
이동,35.27191757,129.2440587
이동,35.2718538,129.2440113
미동마을,35.28609289,129.168429
이곡,35.27530293,129.1790263
웅천,35.2891086,129.1680973
웅천,35.28932798,129.1681486
장전리,35.27520403,129.1448646
철마면행정복지센터,35.27432038,129.1504677
구림마을,35.27205716,129.157649
철마면사무소,35.27450018,129.150247
철마면행정복지센터,35.27404114,129.1498365
장전리,35.27546401,129.1454484
철마삼거리,35.27763187,129.1347199
철마삼거리,35.27729256,129.1337769
대선주조정문,35.35974379,129.2580559
기장구조대,35.3244532,129.21273
기장구조대,35.32445997,129.2128213
서편마을,35.32440363,129.2027292
예림마을,35.32518695,129.2063019
서편마을,35.32436637,129.2026537
예림마을,35.32516775,129.2063919
광명사입구,35.32132193,129.2283202
광명사입구,35.32134161,129.2285082
내덕입구,35.32163167,129.2321583
기장구조대,35.32463003,129.2127226
기장구조대,35.32462571,129.2126279
내덕입구,35.32166405,129.2323377
부산장안고등학교,35.32038251,129.2371321
광명사입구,35.32180812,129.228159
광명사입구,35.32183548,129.2279774
내덕입구,35.32225623,129.2321047
청광.아시아드컨트리클럽,35.29517039,129.2366683
청광.아시아드컨트리클럽,35.29545688,129.2367536
청광.아시아드컨트리클럽,35.29505809,129.2369004
청광.아시아드컨트리클럽,35.29531681,129.2369823
고원1차아파트,35.33223574,129.2831105
갈치고개,35.25082398,129.1794519
안평삼거리,35.25070336,129.1838498
갈치고개,35.25069112,129.1793269
상신리,35.2563585,129.1767039
상신리,35.25621042,129.1766049
구칠,35.26109443,129.1707263
구칠,35.2610551,129.1705338
점현,35.26595946,129.1648309
점현,35.26591926,129.1646444
갓안마을,35.26802137,129.1634369
갓안마을,35.26812663,129.163133
보림,35.27175432,129.1598485
마지회관,35.27416777,129.1650268
보림,35.27170178,129.1597675
마지마을,35.27417982,129.1649048
구림마을,35.27220533,129.1577032
철마면행정복지센터,35.27440636,129.1507109
동암정문,35.1963308,129.2222937
동암후문,35.19795611,129.2232723
동부산관광단지,35.1912408,129.2150969
용궁사.국립수산과학원,35.19410843,129.2200228
동암후문,35.19759192,129.2227163
동암정문,35.19615239,129.2218277
해광사,35.20560358,129.2242565
기차여행,35.20899607,129.2231181
서암입구,35.21087769,129.2224592
동부산관광단지,35.19108669,129.2152701
용궁사.국립수산과학원,35.19370038,129.21981
당사.공수마을,35.18606489,129.2111588
공수.양경마을,35.18377028,129.2100782
공수,35.18399967,129.2102622
당사.양경마을,35.18660642,129.2113591
남성한빛가든,35.08440698,129.0089786
감천사거리,35.0863325,129.0068682
신익아파트,35.07938458,129.0202897
부산관광고교,35.08210065,129.0220697
암남동주민센터,35.07967537,129.0217032
충무동해안시장,35.09615736,129.0252464
충무동해안시장,35.09620697,129.0258399
충무쇼핑.충무동새벽시장,35.09280787,129.0238584
공동어시장,35.08900625,129.0242459
충무동교차로,35.09566071,129.024165
대진아파트,35.08729124,129.024419
등대시장,35.08465013,129.024693
대림아파트,35.08231242,129.0249093
자갈치역.충무동교차로,35.09662684,129.0238026
충무동교차로,35.09675077,129.0229977
충무시장,35.09672602,129.0231375
동대신3동,35.11740747,129.0185638
동대신3동,35.1176039,129.0186373
동신초등학교,35.11507268,129.0181349
동신초등학교입구,35.11448978,129.0191861
서여고,35.11399517,129.0200785
동신초등학교,35.11501672,129.0182197
서여자고등학교,35.11408041,129.0199691
동아대병원입구,35.1174473,129.0167113
동아탕,35.11717951,129.0168595
초장중학교,35.09441219,129.0188878
하동상회,35.096082,129.018109
초장동,35.09285671,129.018436
아미초등학교,35.09780946,129.0172983
아미초등학교,35.0976906,129.0170938
광성사,35.09877845,129.0163951
산상교회.비석문화마을,35.09980395,129.0120733
세화어린이집,35.09916459,129.0145198
아미동공영주차장,35.09918881,129.0133172
아미청년회,35.09917995,129.0119605
아미초등학교,35.0989047,129.0158053
한샘슈퍼,35.09863859,129.0120141
미화당슈퍼,35.09945881,129.0131442
아미파출소,35.09999879,129.0167726
토성역.아미동입구,35.09970179,129.0185894
부산대학교병원,35.09970792,129.0183858
아미시장,35.09997131,129.0168426
토성역,35.09966197,129.01935
아미파출소,35.09943502,129.0160775
아동보호종합센터,35.10004562,129.0158419
천주교아파트,35.10027616,129.0134317
아동보호종합센터,35.10008161,129.015931
동원냉장,35.0655834,129.0127539
감천1.2.3부두,35.06786473,129.0098837
모지포마을,35.06366693,129.0145162
모지포마을입구,35.06268916,129.0162568
성진수산,35.06218652,129.0120101
동원냉장,35.06573783,129.0130486
영락교회,35.10344896,129.0206484
신익아파트,35.07992534,129.020313
부산관광고교,35.08245269,129.021766
남부민동,35.08285849,129.0186472
남부민2동주민센터,35.08376474,129.0204103
천마우편취급국,35.08515604,129.0221899
남부민초등학교,35.08775998,129.0234786
모지포마을입구,35.06282019,129.0164484
모지포마을,35.06374793,129.0146844
휴게소,35.06581598,129.0198588
암남공원,35.06346935,129.0193476
송도교차로,35.07833805,129.0182996
송도초등학교,35.07890367,129.0168396
송도해수욕장,35.07673569,129.0158819
송도공영주차장,35.07417241,129.0151844
송도혜성아파트·풍림아이원아파트,35.07230642,129.0158033
송도입구,35.07943788,129.0181268
구덕운동장,35.11661602,129.0168184
구덕야구장,35.1167491,129.0167287
구덕초등학교,35.1195851,129.0129313
경남고등학교,35.1188775,129.0183411
구덕초등학교,35.11936457,129.0127091
광성사,35.09864273,129.0163449
대진슈퍼,35.09831993,129.0119922
산상교회.비석문화마을,35.09974351,129.0121239
세화어린이집,35.09888332,129.0147734
아미동공영주차장,35.09901247,129.0134309
아미청년회,35.09908473,129.0121164
아미초등학교,35.09882022,129.0157726
미화당슈퍼,35.09933001,129.0130313
감천문화마을.부산교육역사관,35.09734615,129.0103338
구감,35.09559002,129.0103809
아미동감천삼거리,35.09804158,129.0113878
천주교아파트,35.1000685,129.0134112
아동보호종합센터,35.09995142,129.0160847
아동보호종합센터,35.09990344,129.0160114
천주교아파트,35.10011137,129.0133274
세신빌라,35.10060419,129.011417
까치새길입구,35.10137485,129.0117167
아름다운교회,35.10308314,129.0110521
사하경찰서,35.08628618,128.977319
사하경찰서,35.08620267,128.9773112
사하소방서 사하우체국,35.08898538,128.973104
사하경찰서,35.08529209,128.9795359
신평,35.08626061,128.9796878
기점,35.08484898,128.9798481
장림,35.0851852,128.9790958
제일제당,35.08452878,128.977569
제일제당,35.0843829,128.977564
장림역,35.08306072,128.9785337
홈플러스,35.0831318,128.9785741
장림2동주민센터,35.07766739,128.9727091
장림우체국,35.0794035,128.9726505
효림초등교,35.07611928,128.9727679
장림우체국,35.07922602,128.9726579
효림초등학교,35.07602943,128.9727728
스타우프코리아,35.06731944,128.9545485
경부산업,35.07054743,128.9559234
동아정밀,35.06397174,128.9576331
유성식당,35.06798016,128.9566058
주.현진,35.05778619,128.9590518
선보공업,35.05991822,128.9586962
금강공업.홍티아트센터,35.06240631,128.9580438
대우아파트,35.05002224,128.9666003
몰운대아파트,35.05006591,128.967505
몰운대아파트10,35.05168742,128.967285
중현초등학교,35.05135003,128.9659575
몰운대아파트102,35.0508186,128.9684134
다대해수욕장,35.04964714,128.9693024
성원아파트,35.04990737,128.9681831
몰운대아파트,35.05028715,128.9676809
대우아파트,35.05029548,128.9665586
다대포해수욕장,35.05005651,128.9704549
다대자유아파트,35.05157345,128.9709648
다대자유아파트,35.05164662,128.9709836
다대해수욕장,35.05013574,128.9704852
다대포해수욕장,35.04903932,128.9697239
다대5지구복지회,35.05163886,128.9632717
다대1동주민센터,35.05876094,128.9721124
다대포항역,35.05743966,128.9709729
다대우신아파트,35.05461949,128.970447
다대농협,35.05632426,128.970397
다대우신아파트,35.05469468,128.9704417
도개공아파트,35.05058183,128.9635405
조성하이츠,35.05093272,128.9653278
몰운대성당,35.05168814,128.9609732
몰운대아파트,35.05222933,128.9610821
스타우프코리아,35.06739785,128.9544353
CNG충전소,35.07755657,128.951778
대동중고등학교,35.08478312,128.982983
대동중고등학교,35.08477956,128.982878
홈플러스,35.08322109,128.9783092
대동중고등학교,35.08509292,128.9838731
주.현진,35.05781615,128.9592303
선보공업,35.05980496,128.9585329
금강공업.홍티아트센터,35.06236824,128.9578492
다대현대아파트,35.06163742,128.9766152
다대현대아파트,35.06166837,128.9767083
다대푸르지오아파트,35.06057788,128.9742711
다대푸르지오,35.06063771,128.9743214
풍조식품,35.08103497,128.9601291
서원유통,35.09590336,128.9624942
한신아파트상가,35.09736665,128.9650465
신평역,35.09480258,128.9620757
동성화학,35.0912366,128.9642607
동성화학,35.09161197,128.964012
신평역4번출구,35.09490816,128.9620306
신남초등학교,35.09758105,128.9613763
사하중학교,35.10303072,128.9832158
노블레스아파트,35.1004109,128.9857183
동덕아파트,35.10185349,128.9839069
아파트관리사무소,35.10090162,128.9880946
자유3차아파트,35.10182914,128.9900863
신익아파트,35.10356223,128.9809492
괴정시장,35.10085589,128.9956346
괴정역.괴정시장,35.10049969,128.9948542
괴정사거리,35.09904182,128.9934538
괴정사거리.국민은행,35.0991305,128.9934219
괴정역.괴정사거리,35.10002633,128.9922256
괴정역,35.09982046,128.9916761
괴정사거리,35.10107305,128.9927633
사하도서관,35.10229496,128.9918163
동아대입구,35.11232061,128.9642117
에덴공원,35.11064744,128.9653064
야구연습장,35.11225796,128.964251
동아대입구,35.11336585,128.9638513
향학서점,35.11062646,128.9660326
에덴공원,35.11008833,128.9658033
하단교차로,35.1079039,128.9671227
하단교차로,35.10749858,128.9673871
동아스포츠,35.10978702,128.9658553
에덴공원,35.1114089,128.9653082
동아대입구,35.11260332,128.964507
건국중학교,35.10657157,128.9703422
본병원,35.1062221,128.9687931
하단역,35.10580737,128.9673816
반여초등학교,35.20354052,129.1276754
인지중학교,35.20425336,129.1250235
인지초등학교,35.20355843,129.1244759
장산성당,35.20539917,129.125222
신촌입구,35.20666439,129.1232728
영진종합사회복지관,35.20547958,129.1264309
반여농산물도매시장남문,35.21315667,129.12243
반여농산물시장서문,35.21444418,129.1206255
동해선송정역,35.18722704,129.2028813
송정2휴먼시아,35.1906619,129.2044995
송정해수욕장입구(기종점),35.18468828,129.20173
브라보주유소,35.19488533,129.2055607
송정,35.18347555,129.201326
송정해수욕장,35.1822573,129.2039429
송정,35.183499,129.2016379
송정해수욕장,35.18233361,129.2037797
송정1단지주공,35.18132624,129.1991908
송정1단지주공,35.18147819,129.1992839
해동차고지,35.18457542,129.2016614
반송시장,35.22690861,129.1486268
반송시장,35.22699417,129.1486299
반송우체국.영산대역,35.22556829,129.1475619
반송골목시장,35.22323726,129.1502292
영산대학교입구,35.22246963,129.1509595
성주탕,35.22169094,129.1516747
반송골목시장,35.2236675,129.1501057
영산대학교입구,35.22257459,129.151138
성주탕,35.22183213,129.1518431
모던홈마트,35.2210221,129.1522939
장산초등학교,35.20059355,129.1192858
한화꿈에그린아파트,35.19845935,129.1184508
장산중학교.꿈에그린아파트,35.19873267,129.1186804
반여동부산은행,35.19638184,129.1184143
왕자아파트,35.19655175,129.118442
반여3동,35.19975138,129.131577
수협장산지점,35.19804296,129.1310353
반여2동,35.19562817,129.1306203
동부지청,35.18884717,129.1267755
동부지청입구,35.18836931,129.1271362
동부지청입구,35.1882365,129.1261934
반산초등학교,35.19407919,129.1306003
남성파크,35.19276193,129.1295704
재송중학교,35.19340343,129.129552
재송그린아파트,35.19193883,129.128094
재송그린아파트,35.19181578,129.1280211
재송중학교,35.1928495,129.128771
재송그린아파트,35.19194924,129.1283434
재송그린아파트,35.1918129,129.1282831
KT재송지사,35.18987561,129.1272035
동부지청,35.18930731,129.1265092
남성파크,35.19289931,129.1296678
무정초등학교,35.19799999,129.1229593
무정초등학교,35.19829246,129.1229393
센텀롯데캐슬2차아파트,35.19612529,129.1246583
무정삼거리,35.19604424,129.1212932
무정삼거리,35.19611626,129.1213995
무정리,35.195438,129.1204186
센텀롯데캐슬2차아파트,35.19633518,129.1247173
센텀스타,35.17709775,129.1249065
올림픽교차로환승센터,35.16827093,129.1380933
센텀홈플러스,35.17057287,129.13429
홈플러스,35.17040338,129.1340209
동해선벡스코역,35.17166466,129.1340826
센텀시티역.벡스코,35.16974238,129.1327741
센텀시티2번출구,35.16985076,129.1329691
시립미술관(벡스코),35.16729769,129.1364322
벡스코,35.16753979,129.1339473
벡스코,35.1673638,129.1337068
센텀호텔,35.16756075,129.1331413
센텀시티역.벡스코,35.1695174,129.1332553
벡스코,35.16942297,129.1330637
센텀시티1번출구,35.16946942,129.1331615
롯데백화점센텀시티점,35.16997953,129.1320357
센텀시티4번출구,35.17010617,129.1319188
신세계센텀시티,35.16887379,129.1312065
센텀시티,35.16858261,129.1305067
센텀호텔,35.16716723,129.1329719
영화의전당,35.1702054,129.1279042
신세계센텀시티,35.16766738,129.1298636
해강중고교,35.1631582,129.1365885
벡스코제2전시장,35.16691967,129.1348749
벡스코.시립미술관,35.17057256,129.1369897
요트경기장,35.16279603,129.1413822
해강중고교,35.16343218,129.1365446
중동119안전센터,35.16116778,129.1768173
동백초등학교,35.16386889,129.1816634
중2동주민센터,35.16234811,129.180295
동백초등학교,35.16377122,129.181584
중2동주민센터,35.16225051,129.1802101
중동119안전센터,35.16115683,129.1766365
동백초등학교.해운대보건소,35.16376433,129.1800511
신동아아파트,35.16296349,129.1557025
신동아아파트,35.16284965,129.1555523
아림비치맨션,35.16439793,129.1568641
엄궁농산물도매시장,35.12812375,128.9666105
엄궁농산물도매시장,35.12684941,128.9666843
농협공판장,35.13038013,128.9674096
부산청과,35.12814807,128.9663481
엄궁농산물도매시장,35.12810775,128.9663334
엄궁롯데캐슬,35.12856641,128.9748023
엄궁화물터미널(종점),35.1271463,128.9657406
주례우체국,35.15132365,128.9975094
주례1동주민센터,35.15110403,128.9979845
북부산세무서.감전역,35.15519429,128.9919245
삼락생태공원,35.17037751,128.9771057
삼락생태공원,35.16843972,128.9765704
KEB하나은행,35.15973473,128.9841509
감전교회,35.15730996,128.9846832
감전초등학교,35.15669181,128.9865745
감전시장,35.15648176,128.9832659
산업용품유통상가,35.15852909,128.9801021
서감초등학교,35.15797059,128.9832594
감전동종점,35.15751764,128.9792025
괘법르네시떼역.르네시떼,35.16392538,128.9758001
덕포시장,35.17103491,128.9830798
덕포시장.덕포역,35.17250446,128.983623
덕포시장.사상생활사박물관,35.17160228,128.9832662
덕포역,35.17327124,128.9839391
새벽시장,35.15398764,128.982638
제일약국,35.15517836,128.981049
럭키슈퍼,35.15555326,128.9791144
부산전문장례식장,35.15470903,128.9734968
진흥스틸,35.14774684,128.9839291
학장초등학교,35.14602164,128.9852308
학장동 종점,35.14565485,128.9873384
학장초등학교,35.14567064,128.984498
학장초등학교,35.14513497,128.984673
학장교차로,35.14263459,128.9862417
학장교,35.14140785,128.9834847
엄궁농산물단지서비스동,35.13042938,128.9670995
농협공판장,35.13051006,128.9671261
철강단지,35.13202648,128.966348
엄궁중학교,35.13663885,128.9763893
반도보라아파트,35.13810135,128.9783142
학장중학교,35.13992837,128.9816748
엄궁럭키아파트,35.13346737,128.9737196
경동스틸,35.13639935,128.9750781
케스텍코리아,35.1390613,128.9773046
엄궁정비,35.13661957,128.9712993
학장입구,35.1498053,128.9860519
학장입구,35.14956635,128.9854261
학장입구,35.15045279,128.9854378
사상전화국,35.14726863,128.9890798
북부산세무서.감전역,35.15500044,128.9917189
감전역,35.15512938,128.99152
삼덕라이닝,35.1532977,128.9942185
온골마을입구,35.15266527,128.9951072
북부산세무서.감전역,35.1550072,128.9907053
북부산세무서.감전역,35.1548615,128.9909335
북부산세무서,35.15454421,128.9908475
사상구청,35.15143374,128.9897662
북부운전면허시험장,35.1765955,128.9804494
사상소방서,35.1750916,128.9800785
덕포시장.사상생활사박물관,35.17249245,128.9789615
삼락생태공원,35.17059188,128.9785108
삼락동주민센터,35.17751303,128.9764963
북부운전면허시험장,35.17696724,128.9800358
사상소방서,35.17518521,128.9796201
학장교차로,35.14470861,128.9879107
덕포청구아파트,35.16931213,128.9903828
한전북부산지점,35.16866849,128.9905719
덕포청구아파트,35.16934643,128.990288
덕포경동1차아파트,35.17090472,128.9903342
덕포경동2차아파트,35.17034522,128.9909297
덕포청구아파트,35.1692901,128.9907009
오양힐타운아파트,35.17211303,128.9888987
감전시장,35.15661368,128.9835846
사상구청,35.15277034,128.9904156
사상구청,35.15235407,128.990288
쌍용자동차,35.15104077,128.989937
감전동,35.1491897,128.9711354
주감초등학교,35.15332434,129.0016635
주감초등학교,35.1525966,129.0016464
주감초등학교,35.15294601,129.0010684
보훈병원,35.15246956,129.004134
동일아파트,35.15391944,129.0022551
주례청구아파트후문,35.15495872,129.0023449
주례동일1차아파트,35.15444547,128.9981857
엄궁한신1차아파트,35.12570777,128.9676211
엄궁아파트,35.13012538,128.9739479
대학당약국,35.15623787,128.9819471
주례현대아파트,35.15398575,129.0035651
주례현대아파트,35.15382242,129.003286
부산보훈병원,35.15309839,129.0052487
참사랑어린이집,35.15497736,129.0039419
백운사,35.15588304,129.0039422
까치고개,35.10448842,129.0115063
삼육부산병원.서대신역,35.11154248,129.0118194
서대신역,35.11146355,129.0118602
광민약국.서대신동,35.11118352,129.0096891
광민약국.서대신동,35.11109889,129.0096689
삼육부산병원,35.11230926,129.0105869
협성아파트,35.11319656,129.0106087
남성한빛.대신더샵,35.11656072,129.0107133
대신롯데캐슬아파트,35.11533534,129.0106997
협성아파트,35.11353768,129.0112313
서대신역.서대신교차로,35.11225669,129.0132317
부경고교,35.11354157,129.0139598
서대신역,35.11167848,129.0128949
부경고등학교,35.11346574,129.0139218
서대신역.서부경찰서,35.11031152,129.0130246
서대신교차로.서대신역,35.11057689,129.0111201
삼육부산병원,35.11266757,129.0116632
동산교회,35.08439027,129.0157694
해강노인관,35.08452649,129.0197764
남부민동경로당,35.08749759,129.0218997
동천아파트,35.09002075,129.0217588
대원사,35.09168922,129.019981
초장동,35.09262909,129.0188277
민방위교육장,35.12111575,129.0094463
부산터널입구,35.11166396,129.0228448
화랑초등학교,35.10991056,129.022278
동대시장.동대신역,35.11041004,129.0184501
동대신시장,35.11076351,129.0193595
부산은행,35.11135343,129.0210646
민들레맨션,35.10914612,129.0094662
자유아파트,35.1096349,129.0096281
대티배수지,35.10783456,129.0096118
부민석유,35.10584071,129.0163546
부민e편한세상아파트,35.10420942,129.0168414
산월경로당,35.10660572,129.0122124
연성아파트,35.10785678,129.0107212
대신푸르지오,35.10721641,129.0148143
청송슈퍼,35.10387964,129.0164988
한일공업사,35.10686045,129.0137112
남부민시장입구,35.0931682,129.0221187
남부민초등학교,35.08821463,129.023193
천마우편취급국,35.08593527,129.0224777
남부민2동주민센터,35.08355896,129.0202943
대원사,35.09153594,129.0198346
동천아파트,35.09054675,129.021544
남부민동경로당,35.0877169,129.0216716
해강노인관,35.08511842,129.0202185
남부민동,35.08326948,129.0179927
초장중학교,35.09445526,129.0191443
하동상회,35.09622505,129.018337
광민약국.서대신동,35.11105227,129.0098956
광민약국.서대신동,35.11097364,129.0098851
삼육부산병원,35.11232643,129.0108663
민들레맨션,35.10876245,129.0091275
자유아파트,35.10971878,129.0093804
민방위교육장,35.12125555,129.009713
대신롯데캐슬아파트,35.11729325,129.0095852
민방위교육장,35.12039216,129.0095852
효목빌라,35.11883144,129.0093479
대신중학교,35.11702327,129.0139236
경성전자고등학교,35.11605574,129.0135498
구덕운동장,35.11707219,129.0139902
서부교육청,35.11791697,129.0122111
서대신금호아파트(종점),35.11949953,129.0112862
경성전자고등학교,35.11670757,129.0128738
금호아파트,35.11900036,129.011634
남성한빛.대신더샵,35.1177464,129.0122864
동아대학교병원,35.12025594,129.0163645
동아대학교구덕캠퍼스,35.12077851,129.0174768
아미파출소,35.10053486,129.0163013
부산서교회,35.10202209,129.0165728
대티배수지,35.1079994,129.009731
부민석유,35.10573923,129.0166346
부민e편한세상아파트,35.10414326,129.0170263
산월노인정,35.10664154,129.012504
연성아파트,35.10798185,129.0114726
대신푸르지오,35.10740471,129.0148765
청송슈퍼,35.10309384,129.0166055
한일공업사,35.10707108,129.0137848
부산서교회,35.10238746,129.0164145
서여고,35.11255487,129.0213371
구덕꽃마을,35.12725896,129.0070587
구덕꽃마을,35.12729994,129.0073494
성진수산,35.06213807,129.0130999
부산국제수산물도매시장,35.05988632,129.0112792
마리아수녀회,35.08234815,129.0122988
동아대학교병원,35.11942772,129.0166502
경남고등학교입구,35.11715714,129.0192323
동대신3동,35.1172523,129.0182343
동대신3동,35.11748737,129.0183296
대청마루,35.11467296,129.0258802
영산3동아파트,35.11619284,129.0230023
한국빌라,35.11557976,129.0246995
초량역3번출구,35.12021611,129.0415405
하단역환승센터,35.10634479,128.9663905
하단역,35.10634881,128.9661092
하단교차로,35.10766361,128.967766
에덴공원,35.11082519,128.9656662
하단오거리,35.10730665,128.9679728
뉴코아아울렛,35.09804436,128.9941039
뉴코아아울렛,35.09797394,128.9941156
신평입구,35.09763916,128.986494
까치슈퍼,35.09650871,128.992202
동아고교,35.09665728,128.9885394
동아공고,35.09675674,128.9871455
천일로얄맨션,35.09678757,128.990767
사남신익아파트,35.09673224,128.9833407
사남초등학교,35.09677212,128.9809547
사남초교,35.09676679,128.9810545
신익빌라,35.09673208,128.9832579
감천삼거리,35.0914992,128.9933298
구평고개,35.08803267,128.9939549
구평화신아파트,35.08641155,128.9931171
감천고개,35.09244836,128.9929357
구평고개,35.08811485,128.9939823
구평화신아파트,35.08651388,128.9931803
감천삼거리,35.09350834,128.9929758
장평중학교.감천삼거리,35.09320216,128.992955
구평초등학교,35.08545481,128.9905792
구평초등학교,35.08552506,128.9904526
삼풍아파트,35.09592492,128.9934533
삼풍아파트,35.09578806,128.9934209
까치슈퍼,35.09673456,128.9922893
동아고교,35.09687061,128.9885519
동아공고,35.09695827,128.9872245
천일로얄맨션,35.09699521,128.9907501
하단역,35.10557575,128.9675998
하단1동주민센터,35.10431229,128.963989
YK스틸,35.08583375,128.9861538
YK스틸,35.08578706,128.9860698
YK스틸,35.08558587,128.9864234
YK스틸,35.08555214,128.9863656
구평동주민센터,35.08207462,128.9877586
금호아파트,35.08367975,128.9851016
대동중고등학교,35.0850884,128.982123
대동중고등학교,35.08507782,128.9828249
구평e편한세상입구,35.08269112,128.9857628
장림2치안센터,35.08056627,128.9775013
장림역,35.08006624,128.9771508
영남중학교,35.07814639,128.9771099
신장림역,35.07487866,128.9765081
영남중학교,35.07804818,128.9770982
장림역,35.07999896,128.9771529
신장림역,35.07476117,128.9764738
장림초등학교,35.08071712,128.9758641
장림우체국,35.0807395,128.9731586
장림우체국,35.08073912,128.9730695
장림초등학교,35.08071664,128.9761811
신장림역,35.07500029,128.9768694
영남중학교,35.07836399,128.9774625
장림역,35.08005698,128.9774908
영남중학교,35.07819183,128.9774486
장림역,35.08014239,128.9774953
신장림역,35.07484765,128.9768242
극동정림아파트,35.07246105,128.9763766
벽산하버스,35.10122272,129.0036366
성신슈퍼,35.1024426,129.0037103
성신슈퍼,35.10233971,129.003938
롯데마트,35.1027868,129.0016955
괴정화신아파트,35.09972911,129.0000551
동주경로당,35.09993939,129.0022826
감천2동,35.09088816,129.00666
수협,35.08891603,129.0053075
감천문화마을.부산교육역사관,35.09728657,129.0106665
구감,35.09567975,129.0105951
한샘슈퍼,35.09781006,129.0114563
감천2동삼거리,35.09286664,129.008809
감천2동새마을금고,35.09240586,129.00846
감천2치안센터,35.09449351,129.0100766
하단SK뷰아파트정문,35.11667451,128.9606618
을숙도초등학교,35.11456877,128.9616732
가락타운115동,35.11259604,128.9596416
가락타운104동,35.10932954,128.9586911
하단SK뷰아파트정문,35.11656494,128.9605761
다대새마을금고,35.0574957,128.973493
다대새마을금고,35.05743062,128.9733167
다대회센터,35.05506483,128.9716905
다대포항역.다대수협,35.05604727,128.9716518
다대수협,35.0561201,128.9716498
다대회센터,35.05514119,128.9717194
몰운대아파트102,35.05133346,128.9683656
오리엔트조선,35.05131684,128.9986523
부광조선,35.05589194,128.997158
양평슈퍼,35.05421771,128.9978139
한국선박,35.05788441,128.9955483
부광조선,35.05585114,128.9968995
양평슈퍼,35.05434877,128.997475
한국선박,35.05758957,128.9954858
한국선박,35.0630548,128.9922105
두송대선터널앞,35.05396492,128.9948754
아림비치맨션,35.16451046,129.1569185
우성빌라트,35.16355317,129.1849124
동백초등학교.힐스테이트위브아파트,35.16461629,129.1833021
현우산화맨션,35.16409384,129.184541
동백초등학교.힐스테이트위브아파트,35.16485964,129.1831707
SK뷰아파트,35.16672524,129.1836988
경남선경아파트,35.16560915,129.1850381
해월정사,35.16300732,129.1865794
새터,35.16153069,129.1875582
슈퍼앞,35.16113502,129.1897047
부대앞,35.17424874,129.1645251
양운우체국,35.17406639,129.1660551
해운대해수욕장,35.15918393,129.1590618
동백섬입구,35.15826481,129.1527652
벽산아파트,35.17066865,129.1789713
벽산아파트,35.17080813,129.179263
두산2차아파트,35.16827034,129.1797673
벽산1차아파트,35.16932848,129.1789897
장산역.화목아파트,35.17095335,129.1787675
대우2차아파트,35.17229438,129.1824509
한라아파트,35.17058136,129.1825393
한라아파트,35.17044085,129.1825796
부흥고.해운대백병원,35.17309065,129.1814365
해운대백병원,35.17277436,129.1816654
부흥고,35.17409614,129.1807656
부흥고.해운대백병원,35.17321448,129.1813699
동일아파트,35.1668413,129.1708724
좌동재래시장입구,35.17230572,129.1752943
좌동재래시장,35.17328765,129.1732969
대우아파트,35.1674258,129.1804424
대우.상록아파트,35.16728711,129.1810148
두산2차아파트,35.1682907,129.1799242
벽산1차아파트,35.1693633,129.1791693
양운고등학교,35.17675658,129.1714331
해운대해수욕장,35.15948708,129.1609336
해운대해수욕장,35.15933068,129.1586047
노보텔앰베서더호텔,35.16035343,129.1630085
그랜드조선부산호텔,35.1602742,129.1629049
해운대해수욕장입구,35.15975989,129.1609812
중동역.순복음교회,35.16839628,129.1680183
코오롱아파트,35.17045785,129.1696897
코오롱아파트,35.16975944,129.1691061
해운대순복음교회,35.16814101,129.1677756
코오롱아파트,35.17022208,129.169126
중동역.순복음교회,35.16844609,129.1676933
순복음교회,35.16834754,129.1676154
코오롱아파트,35.17035516,129.1692326
한일아파트,35.17327394,129.1707821
한일아파트,35.17213984,129.1700047
한일아파트,35.17237269,129.1700434
LH뜨란채아파트,35.17369561,129.1680205
신성아파트,35.17361252,129.1683863
한일아파트,35.17344091,129.1706569
벽산아파트,35.17073487,129.182853
중1동,35.16207319,129.1672457
중1동,35.16203113,129.1673953
중1동,35.16219734,129.1673583
해운대시장,35.16208113,129.1633003
해운대구청,35.16309075,129.164525
해운대구청,35.16323778,129.164404
해운대기점,35.16316219,129.161305
해운대,35.16360408,129.1613798
해운대전화국,35.16370606,129.1609475
해운대,35.16372351,129.1614873
해운대기점,35.16308799,129.1614407
건널목삼거리,35.16694668,129.1626987
건널목 삼거리,35.16679595,129.1627226
건널목삼거리,35.16691949,129.16247
건널목삼거리,35.16640781,129.1627229
건널목삼거리,35.16732546,129.1625965
해운대고교,35.17025237,129.1629679
해운대고교,35.16989443,129.1624479
해운대고,35.16976563,129.162444
중1동,35.16220862,129.1675479
미포.문탠로드입구,35.16173834,129.1727066
미포.문탠로드입구,35.16172429,129.172626
중동119안전센터,35.16134384,129.1765077
동백초등학교,35.16403898,129.1814759
중2동주민센터,35.16244193,129.180089
동백중학교,35.16253413,129.176119
장산역.웅신시네아트,35.16913932,129.1762407
장산역,35.16967967,129.1768692
장산역,35.16972303,129.1769637
장산역,35.16963751,129.1767392
장산역,35.16898436,129.175948
동백중학교,35.16237826,129.1771659
동일아파트,35.16657029,129.1707827
동일아파트,35.16657177,129.1706629
이마트.중동역,35.16682327,129.1690874
동백섬입구,35.15821745,129.1539744
대동아파트,35.17826158,129.1743715
대림1차아파트,35.1776131,129.1721939
대림1차아파트,35.17824436,129.1741453
대동상가,35.17826269,129.1742608
덕산마을,35.32265939,129.1833578
가화테라스1차,35.32112194,129.1898931
강변마을,35.32210667,129.1933156
강변마을,35.32214089,129.1934065
가화테라스1차,35.32138258,129.1896973
독점마을,35.32337038,129.2008292
강변마을,35.32262344,129.1939602
강변마을,35.32259881,129.1938713
서편마을,35.32425093,129.2028636
예림마을,35.32504288,129.20574
독점마을,35.32339526,129.2010551
서편마을,35.32429361,129.2029376
예림마을,35.32505209,129.205817
독점마을,35.32352731,129.2008026
독점마을,35.32351415,129.200712
신동아파밀리에후문,35.3269422,129.1765314
정관읍사무소.기장소방서,35.32509347,129.1805875
평전마을,35.328835,129.1736094
산막입구,35.33054322,129.1719469
정관읍사무소.기장소방서,35.32512362,129.1805242
정관읍행정복지센터.기장소방서,35.32457139,129.1804159
덕산마을,35.32275824,129.183017
정관신도시 롯데캐슬,35.33050238,129.170211
정관신도시 롯데캐슬,35.33027789,129.1703766
롯데캐슬,35.33024123,129.1703034
한진해모로,35.32225994,129.173628
계룡리슈빌,35.32357597,129.1718865
휴먼시아1차,35.32763557,129.1689595
정원초등학교,35.33199538,129.1668847
모전마을,35.3370626,129.1636874
신정초등학교,35.32993187,129.1679585
신정초등학교,35.32985608,129.1680028
정원초등학교,35.33206029,129.1668553
모전마을,35.33670235,129.1637629
정원초등학교,35.33109547,129.1669705
솔마루공원,35.3345182,129.1652293
태광주유소,35.3410555,129.1609963
정관고개,35.34539625,129.1588411
정관고개,35.34532698,129.1585432
태광주유소,35.3414,129.1604967
부산추모공원,35.34769043,129.1591742
부산추모공원,35.34774626,129.1588707
백운제1공원,35.35057115,129.1584836
용천사,35.35249731,129.1546947
백운제1공원,35.35050138,129.1581449
두명마을,35.35554632,129.1483201
월평교차로,35.35783981,129.1415762
이천,35.26647932,129.238168
이천,35.26650527,129.2382587
동부산농협,35.26655333,129.2355926
동부산농협,35.26656234,129.2356857
이천,35.266642,129.2381134
이천,35.26665499,129.2382024
삼덕입구,35.27098609,129.2314294
부전아파트,35.26882267,129.2341711
삼덕입구,35.27104268,129.2313609
동부산농협,35.2664107,129.2355535
동부산농협,35.26641587,129.2356537
동해선일광역,35.26571655,129.2333117
일광해수욕장입구,35.26302996,129.232096
구.일광역,35.26483199,129.2330591
일광해수욕장입구,35.26328372,129.2323748
동해선일광역,35.26562937,129.2332858
이동수산,35.27215313,129.2506457
이동수산,35.27223635,129.2511807
이동방파제,35.27331574,129.2465867
이동방파제,35.27330338,129.2466786
이동수산,35.27224085,129.2510797
부대앞,35.27610166,129.2549203
온정,35.28376971,129.2566205
부대앞,35.27618035,129.2548738
온정,35.28367544,129.2565999
이동방파제,35.27313047,129.2467006
이동수산,35.27215494,129.2507618
이동방파제,35.27311233,129.246781
이동,35.27205958,129.2439419
이동,35.27199608,129.2438969
신평,35.29562558,129.2591787
칠암,35.2985713,129.2585477
신평,35.29557212,129.2591935
칠암,35.29852128,129.2585611
동백,35.28955899,129.256936
동백선착장,35.28637041,129.2566237
동백,35.28950925,129.2568937
동백선착장,35.28644992,129.2566094
칠암,35.29853099,129.2583958
신평,35.2957113,129.2589741
신평,35.29579935,129.2589583
칠암,35.29860131,129.2583791
문중,35.30192793,129.2575308
문중,35.3018592,129.2575436
온정,35.28363053,129.2563529
부대앞,35.27626582,129.2546155
부대앞,35.2761866,129.2546396
온정,35.28374718,129.2563831
동백선착장,35.2862888,129.2568269
동백,35.28967336,129.2571685
인창병원,35.1227471,129.0427968
경남여중,35.12421247,129.0423661
인창병원,35.12246662,129.0429253
부산고교,35.12052857,129.0390687
이편한세상부산항.(구)성분도병원,35.12249678,129.0401174
걸스카우트회관,35.12291259,129.0393737
부산고교,35.12061588,129.0387625
부산역,35.11604668,129.0398873
국민은행,35.11713225,129.0399662
인창병원,35.12212237,129.0419297
초량,35.11949667,129.0413567
부산역.초량시장입구,35.11687316,129.0401425
초량시장입구,35.11870938,129.0407938
부산진역,35.12802937,129.0477987
부산서중학교,35.12599072,129.035342
아르미나아파트,35.12552096,129.0357889
부산서중학교,35.12547035,129.0378607
초량6동,35.12424674,129.0346384
부산컴퓨터과학고교,35.12209114,129.0334725
금수사,35.1196332,129.0300703
부산서중학교,35.12593656,129.0357555
부산서중학교,35.12615931,129.0348798
부산서중학교,35.12588781,129.0347105
수정초등학교,35.13067483,129.0468402
수정초등학교,35.13062693,129.0469193
수정5동,35.1339176,129.0451059
수정5동,35.13395472,129.0450343
수정성당,35.13298688,129.0462719
수성초등학교,35.13384987,129.042792
수정삼거리,35.13526256,129.045157
동여중,35.13243737,129.0421996
수정산가족체육공원입구,35.13175671,129.0404965
서광교회,35.1400527,129.0511784
아름빌아파트,35.14152152,129.0522487
아름빌아파트,35.14163678,129.052363
나웅하이빌,35.13882056,129.0536388
범일초등학교입구,35.13986031,129.0514893
범일초등학교,35.13989321,129.0497692
문화아파트,35.13649168,129.0538113
금성고등학교,35.13454005,129.0520825
좌이경로당,35.13299917,129.0498494
나웅하이빌,35.13902244,129.0535964
범일초등학교입구,35.14003167,129.0514351
하승빌라,35.13422494,129.0478473
수정5동,35.13402505,129.0445682
수정성당입구,35.13225835,129.0460234
수정5동,35.13396754,129.0446491
수정성당,35.13243143,129.0460026
수정삼거리,35.13538041,129.0457377
수정삼거리,35.13532662,129.0457895
좌이경로당,35.13282805,129.0497953
금성고등학교,35.13453542,129.0523556
문화아파트,35.13641478,129.0539988
하승빌라,35.13426989,129.0480962
수정삼거리,35.13531703,129.0454691
수정삼거리,35.13523896,129.0455329
수정삼거리,35.13524665,129.0445173
수성초등학교,35.13387452,129.0425191
부산역후문,35.11553655,129.0445104
부산역후문,35.11722833,129.045605
2부두,35.10847059,129.0401062
"중부경찰서,연안여객터미널",35.10596514,129.0389702
부산범천교회,35.14184118,129.0548604
범천교회,35.1418131,129.0545284
아름빌아파트,35.14174416,129.0521617
서광교회,35.14057938,129.051049
아름빌아파트,35.14184374,129.0522588
서광교회,35.13991363,129.0509454
금수사,35.1197897,129.0308001
부산컴퓨터과학고교,35.12219577,129.0339054
초량6동,35.12430863,129.0348512
초량어린이집,35.11952188,129.0319135
초량6동주민센터,35.12013879,129.0343615
(구)해룡약국,35.11961152,129.0359598
부산고교,35.12028667,129.0383648
화신아파트,35.11847943,129.0300503
동일파크맨션,35.11687512,129.0336164
영주삼거리,35.11528264,129.0330303
4부두,35.11983419,129.0474474
부산역후문,35.117405,129.0452133
부산역후문,35.11417862,129.0428964
4부두,35.11929193,129.0474625
부두119안전센터,35.12567358,129.0513983
부두119안전센터,35.12561266,129.0502116
좌천동가구거리(좌천역),35.13514769,129.0555232
서광교회,35.13960911,129.0507172
범일초등학교,35.14023286,129.0488626
성북고개,35.13833572,129.0477556
범일초등학교,35.14077493,129.0490741
삼화약국,35.14321307,129.0488852
범곡새마을금고,35.14066236,129.0490874
삼화약국,35.14304735,129.0489239
덕산탕,35.14176633,129.0490378
한국선박수리공업,35.05740554,128.994992
낫개역,35.06430394,128.9796673
다대삼환아파트,35.06439106,128.9796635
다대자유아파트,35.05166167,128.9706535
다대포해수욕장,35.0501812,128.9701258
다대자유아파트,35.05173269,128.970678
다대해수욕장입구,35.05026253,128.970169
다대우신아파트,35.05472676,128.9707739
다대포항역,35.05646906,128.9708196
고려냉장,35.07079238,128.9769839
고려냉장,35.07070917,128.9770048
103번종점,35.06924108,128.9749824
자연병원,35.06917467,128.9772311
동원자동차정비공업사,35.06923164,128.9748836
성보냉장,35.06917718,128.9771184
고려냉장,35.07058114,128.9774161
성보냉장,35.06897425,128.9771269
고려냉장,35.0705132,128.9774359
극동정림아파트,35.07194799,128.9768879
다송초등학교,35.06847205,128.9798717
삼환2차아파트,35.06749829,128.9819921
다대포해수욕장,35.04906491,128.9700944
다대포해수욕장역,35.04845334,128.965591
다대포,35.04933536,128.9616028
다대포해수욕장역,35.0482346,128.965308
롯데캐슬입구,35.05189811,128.9588549
다대포,35.04953435,128.9618924
다대문화체육센터,35.04957067,128.9617883
다대포해수욕장역,35.04885108,128.9642094
부영아파트,35.1052736,129.0058013
당리중학교후문,35.10135769,128.9811741
괴정삼익아파트,35.09912264,128.9858084
사하역,35.10009491,128.9810064
KT사하지점,35.10026167,128.9810683
괴정삼익맨션,35.099076,128.98604
당리중학교,35.10214973,128.9777959
당리국민은행앞사거리,35.102214,128.977508
대티고개,35.10697971,129.0081704
대티고개,35.10670329,129.0072751
을숙도초등학교(종점),35.11441347,128.9622878
협성르네상스타운아파트,35.07378249,128.9728173
협성아파트,35.07370571,128.9728174
장림2동주민센터,35.07767183,128.9729907
장림우체국,35.07912189,128.9729319
협성아파트,35.07448286,128.9730671
효림초등교,35.07595332,128.9730407
장림우체국,35.0789105,128.9729408
효림초등학교,35.07603414,128.973036
부일전자디자인고교,35.08873608,129.000829
부일외국어고교,35.08883543,129.0006881
부일전자디자인고교,35.08999241,128.9995111
삼성여고,35.09093573,128.9976987
삼성여고,35.09082289,128.9979412
다대푸르지오아파트,35.06055447,128.974662
다대푸르지오,35.06061238,128.9747139
다대1동주민센터,35.05912729,128.972028
다대1동주민센터,35.05922239,128.9721522
괴정자유아파트,35.0990903,128.9895433
자유아파트,35.09917,128.988914
신평입구,35.09745188,128.986197
괴정삼익아파트,35.09955944,128.9853104
사하역,35.1005143,128.9807769
사하우체국,35.10044827,128.9809998
사하역,35.09962493,128.9848255
안구평,35.07596272,128.9902949
원영조선,35.0788294,128.9901693
구평동주민센터,35.08240568,128.9876945
금호아파트,35.08354136,128.9858492
괴정초등학교.대티역,35.10291305,128.9998032
괴정초등학교,35.10258652,128.9983599
괴정시장,35.10153935,128.9962684
괴정3치안센터,35.10147462,128.9960943
괴정초교,35.10263012,128.9984513
괴정초등학교,35.10228047,128.9985465
괴정초교,35.10223688,128.998476
괴정시장.괴정역,35.10051478,128.9938169
가락타운2.3지구,35.10154943,128.9609557
하남초등교,35.0981344,128.960173
하남초등학교,35.09912438,128.958989
가락타운2.3단지,35.10159845,128.9583278
하남초등학교,35.09884496,128.9589634
오리엔트조선,35.05121909,128.9990022
구평방파제 종점,35.04814571,128.9999227
대일조선,35.04942006,128.9994277
도시가스,35.07801559,128.9540527
일진종합상사,35.07854231,128.9569591
미광사,35.07334124,128.9549936
반도식당,35.07658112,128.9541518
경부산업,35.06987231,128.9558783
동아정밀,35.06401073,128.9574235
유성식당,35.06789402,128.9564319
미광사,35.07405707,128.9550326
반도식당,35.07662272,128.9543648
동매교사거리,35.10027524,128.9765451
대림1차.양운고,35.17700597,129.1710472
동부아파트,35.17726003,129.177039
동신아파트,35.17634145,129.1787486
동부아파트,35.17730826,129.1768422
롯데아파트,35.1769338,129.1780647
부흥중,35.17555168,129.1792598
부흥초교,35.17641742,129.1786868
해운대교육지원청,35.17696777,129.1761088
대림1차아파트,35.176837,129.1716081
대동아파트,35.17787164,129.1744569
대림1차아파트,35.17793372,129.1741315
대림1차.양운고,35.17707017,129.1719916
대동상가,35.17788775,129.174313
대림3차아파트,35.17584642,129.1688836
양운초등학교,35.17407038,129.1672605
대림아파트406동,35.17559529,129.1684876
양운초교,35.17424946,129.1673351
양운고등학교,35.17709407,129.1712062
신도시시장.아세안문화원,35.17519079,129.1806982
해운대역,35.16338939,129.1581344
부산문화여고,35.16281218,129.144815
요트경기장,35.16329761,129.1414489
동백섬,35.15768313,129.1514109
장산역13번출구,35.16903923,129.1756573
한일아파트,35.17200618,129.1702548
한일아파트,35.17249527,129.1703785
현대아파트,35.16555324,129.1784482
현대아파트,35.16534024,129.1787504
좌동재래시장입구,35.17255505,129.1750948
해운대교육지원청,35.17693592,129.1763768
해운대구청어귀삼거리,35.16533688,129.1616356
해운대구청어귀삼거리,35.1653927,129.1617399
영남아파트,35.1680066,129.182952
SK뷰아파트,35.16631581,129.1839555
경남선경아파트,35.16523621,129.1850406
상록아파트107동앞,35.16586281,129.1813296
대우아파트,35.16741592,129.1813719
대우.상록아파트,35.16744346,129.1812578
SK뷰아파트,35.16503437,129.1810894
해운대보건소,35.16374471,129.1794036
상록아파트,35.1652637,129.1794923
상록아파트,35.16531148,129.1794226
신도시시장.아세안문화원,35.1748612,129.1808257
신도시시장.아세안문화원,35.17478212,129.180638
부흥고.해운대백병원,35.17409255,129.1803438
해운대백병원,35.17296888,129.1811219
부흥고.해운대백병원,35.17361572,129.1806943
동신아파트,35.17639856,129.1792061
동부아파트,35.1775904,129.1771017
동부아파트,35.17751948,129.1773747
동부아파트,35.17753097,129.177269
동신아파트,35.17651338,129.1791269
좌동재래시장,35.17314497,129.1729563
해운대도시철도역,35.16316109,129.1583039
신동아아파트,35.16329385,129.1564109
공작맨션,35.1667001,129.1584289
공작맨션,35.16683671,129.1583626
우1치안센터,35.166127,129.1576505
해운대관광고등학교,35.16789995,129.15722
공작맨션,35.16663977,129.1582619
해운대관광고등학교,35.16799181,129.1569194
우1치안센터,35.16601797,129.1574105
우1치안센터,35.1661956,129.1574239
해운대관광고등학교,35.16785731,129.1569685
파라다이스호텔,35.16073906,129.1643739
요트경기장.경남마리나아파트,35.16062832,129.1419443
대우마리나아파트,35.15910713,129.146979
마린시티,35.15678683,129.1412238
한화리조트,35.15412625,129.1452934
요트경기장.경남마리나아파트,35.16082252,129.1422367
대우마리나아파트,35.15889935,129.1466066
우성빌라트,35.16353378,129.1850883
현우산화맨션,35.16414731,129.1848094
동해사,35.16277524,129.1843136
송정1단지주공,35.18148317,129.1997145
송정해수욕장입구,35.18272208,129.2005223
송정1단지주공,35.18160853,129.1997978
광어골입구,35.17975204,129.1981289
광어골입구,35.17954771,129.1984636
KT송정타워,35.1774189,129.1965953
해운대문화회관,35.17040412,129.1749901
동일아파트,35.16597441,129.1716474
이마트.중동역,35.16655317,129.1690019
이마트.중동역,35.16654517,129.168879
삼정코아아파트,35.16954298,129.1784569
삼정코아아파트,35.16942582,129.1782068
장산역,35.1700149,129.1767684
장산역,35.16993251,129.1765752
장산역.해운대문화회관,35.1704656,129.1753503
동일아파트,35.16612278,129.1712498
KT송정타워,35.17689391,129.1967239
양운초등학교,35.17411651,129.1676885
대림3차아파트,35.17547676,129.168875
롯데아울렛,35.19094185,129.2150003
기차여행,35.20873074,129.222894
해광사,35.2053903,129.224034
연서교회,35.21487363,129.2222595
서암,35.21555947,129.2234119
신암,35.21778492,129.2253886
연화리,35.21994344,129.2267224
서암,35.21596918,129.2238492
연서교회,35.21511032,129.222353
신암,35.2182976,129.2254411
연화리,35.22074275,129.2267509
대변항입구,35.22414038,129.2266771
석길,35.28724615,129.1641734
석길마을,35.28717037,129.1639039
백길마을,35.2836921,129.1562298
석길,35.28704123,129.1638988
백길,35.2833916,129.15586
백길,35.2833097,129.1560253
와여마을,35.27808795,129.1514687
와여마을,35.27817667,129.15152
와여마을,35.27792412,129.1516174
철마면사무소,35.27497972,129.1498845
연꽃공원앞,35.29577219,129.1703296
연꽃공원입구,35.29401712,129.168242
연꽃공원앞,35.29574412,129.1701365
소산마을,35.29969063,129.1687763
웅천,35.28937363,129.1679437
연꽃공원입구,35.29399576,129.1684282
한국폴리텍동부산캠퍼스,35.31669229,129.1786433
매곡리,35.31664961,129.1760085
구연동,35.31996942,129.1807012
한국폴리텍동부산캠퍼스,35.31694147,129.1790553
매곡리,35.31511008,129.1744778
아세아자동차전문,35.31576994,129.1695704
곰내재,35.30674454,129.1722356
기장실버홈,35.31414124,129.1699471
곰내재,35.30661025,129.1723915
소산마을,35.29956365,129.1686317
월내초등학교,35.32924026,129.2819229
월내초등학교,35.3293623,129.2822312
월내농협,35.32771694,129.2790785
월내농협,35.32767081,129.2790054
월내농협,35.32749948,129.2790804
월내농협,35.32754642,129.2791435
좌동삼거리,35.3174471,129.2418905
부산장안고등학교,35.3206519,129.2373011
부산장안고등학교,35.32037003,129.2377413
메가마트기장점,35.25425246,129.222735
기장체육관,35.25183183,129.2208388
메가마트기장점,35.25409637,129.2226349
이진아파트,35.2503554,129.2089455
이진아파트,35.25029394,129.208986
궁전아파트,35.24106108,129.2105113
기장고등학교,35.23997189,129.2102016
궁전아파트,35.24106571,129.2102588
차고지,35.24099259,129.2120417
차고지,35.24100542,129.2118333
기장성당,35.24149111,129.2177597
기장성당,35.24140893,129.2177802
동해선기장역.기장중학교,35.24425393,129.2168119
동해선기장역.기장중학교,35.244132,129.2168161
기장성당,35.24099505,129.2179599
기장전화국,35.24176532,129.2136374
기장전화국,35.24186762,129.213636
아름공원,35.24108959,129.2151336
기장지구대,35.24615991,129.2169449
한신아파트정문,35.2478263,129.2170038
기장지구대,35.24628025,129.2169468
한신아파트,35.24773922,129.2170081
동해선기장역.기장중학교,35.24384863,129.2165536
동해선기장역.기장중학교,35.24367278,129.216533
기장시장,35.24523267,129.2160923
기장종합사회복지관,35.23618402,129.2133333
기장종합사회복지관,35.23615722,129.2130745
청강사거리,35.23680781,129.2181847
청강사거리,35.23623253,129.2173671
기장도서관,35.2501375,129.2171675
기장도서관,35.2502094,129.2171777
기장도서관,35.2500661,129.2168218
기장도서관,35.2500381,129.2169162
기장도서관,35.24982343,129.2168846
기장도서관,35.24988519,129.2168686
한신아파트후문,35.25018473,129.2148345
교리,35.25268326,129.2158808
한신아파트정문,35.24778421,129.2167228
기장지구대,35.24629421,129.2166459
기장지구대,35.24617027,129.2166432
한신아파트,35.24787827,129.2167225
죽성사거리,35.23968833,129.2204635
대변,35.22477335,129.2282593
대변항입구,35.2239199,129.2263317
기장읍사무소,35.23792642,129.2149417
기장읍사무소,35.23766196,129.2149453
월평교차로,35.35751014,129.1414335
두명마을,35.35527397,129.148043
월평교차로,35.3584213,129.1414864
안창마을입구,35.14439282,129.0482457
호천마을입구,35.14414295,129.0502718
서호정사,35.14547959,129.0512802
삼화약국,35.14349157,129.0485018
범일초등학교,35.14060254,129.0488846
삼화약국,35.14354232,129.048427
범곡새마을금고,35.14077398,129.0488643
안창마을입구,35.14551498,129.0465857
안창마을종점,35.14600474,129.042347
안창삼거리,35.14450784,129.0479931
보각사,35.14556627,129.0464568
동구종합사회복지관,35.14596502,129.0424963
동부경찰서,35.12946785,129.0486843
수정시장,35.12859824,129.0461721
수정초등학교,35.13125641,129.0470349
수정초등학교,35.1310634,129.046968
(구)성분도병원,35.12254824,129.0403584
초량지구대,35.11792622,129.0377286
(구)해룡약국,35.11991401,129.0356547
초량6동주민센터,35.12020421,129.0336995
부산고교,35.12061036,129.0384774
초량어린이집,35.11968113,129.0318436
부산고교,35.1195063,129.0388219
초량지구대,35.11796453,129.037998
수정1동공영주차장,35.12484024,129.0390241
한림유치원,35.12393281,129.0399311
동구청,35.12674209,129.045081
수정아파트,35.12724245,129.0408077
동구노인종합복지관.묘심사,35.12657113,129.0395126
수정2동,35.13028734,129.040702
수정아파트5동,35.12742535,129.0370895
수정아파트중간계단,35.12764692,129.0378464
백련정사입구,35.12804639,129.0391097
수정4동(종점),35.1273822,129.0387264
동구종합사회복지관,35.14582207,129.0419428
안창마을,35.14477694,129.0403457
고관입구,35.12647814,129.0453751
동구청.우체국,35.1276755,129.04555
부산진역1번출구,35.12710845,129.0464455
수정시장,35.12903716,129.0468778
수정시장,35.12894177,129.0467753
동구청,35.12681228,129.0448283
수정2동,35.12951534,129.0411366
동여중,35.13178573,129.0419847
남해지방해양경찰청,35.12765226,129.0548772
범내골역3번출구.춘해병원,35.14670783,129.0588964
부산범천교회,35.14200911,129.0551364
범천교회,35.14200868,129.0553939
경남아파트,35.14355267,129.0561925
경남아파트,35.14432558,129.0560871
축복예식장,35.13960572,129.0617944
시민회관.동부산우체국,35.13825857,129.0624629
시민회관.동부산우체국,35.1388906,129.0624732
자유.평화시장,35.14091479,129.0605433
"자유,평화시장",35.14099813,129.0604636
부산진성공원,35.13737074,129.0624202
부산시민회관,35.13756719,129.0650413
한양아파트,35.13973396,129.0637919
범5호교,35.14057007,129.0631308
조방면옥,35.14105106,129.0639072
국밥골목,35.1415152,129.061859
평화시장,35.14149121,129.060251
하모니웨딩타운,35.14154446,129.0635739
오션브릿지,35.13297698,129.0594497
부산진성공원,35.13587937,129.062904
부산진성공원,35.13463724,129.0608085
보급창,35.13204207,129.0595382
한성기린아파트,35.13913388,129.0566812
한성기린아파트,35.13936817,129.0566929
좌천동가구거리(좌천역),35.13534754,129.0551343
국제호텔,35.138095,129.0612783
부산진시장입구,35.13754558,129.0592028
범일동국민은행,35.13892595,129.0608784
(구)영남예식장,35.13891657,129.0604551
대양산업·하버시티,35.13137842,129.0572241
범일5동주민센터,35.13121429,129.0551245
범일5동주민센터,35.13094116,129.0547222
대양산업·하버시티,35.13125542,129.0588871
두산위브,35.13102114,129.0557531
대양산업·하버시티,35.13125893,129.0587318
범일5동주민센터,35.13031861,129.0542349
남해지방해양경찰청,35.1274789,129.0544724
범일5동주민센터,35.13042096,129.0542133
동부경찰서방범순찰대,35.12951832,129.0543003
남해해양경비안전본부,35.12767719,129.0544624
범곡교차로,35.14198207,129.0567416
범곡교차로,35.14071798,129.056323
범곡교차로,35.14008672,129.0562938
부산보건고,35.08297634,129.0414306
봉래동,35.09311361,129.0515467
봉래2동마을건강센터,35.09372689,129.0529215
영월사,35.09397172,129.0543299
청학고개,35.09426827,129.0567377
센트럴에일린의뜰,35.09263942,129.0501032
센트럴에일린의뜰,35.09230916,129.0494699
사하구청.당리역,35.10289012,128.9751842
사하구청,35.10299333,128.9752283
낙동초등학교,35.1044662,128.9704326
하단시장입구,35.104924,128.9695
반도보라아파트,35.1083515,128.977549
동원아파트상가,35.10952295,128.9811415
혜성아파트,35.10950947,128.9802273
당리시장,35.1059364,128.9746702
당리시장,35.10546573,128.9746562
당리시장,35.10520482,128.9746053
푸르지오아파트,35.104288,128.9761033
당리역,35.10436182,128.9721059
장림시장번영1길,35.08236928,128.969864
장림시장번영2길,35.08242011,128.9681221
장림시장,35.08078609,128.968021
장림중소기업은행,35.08059637,128.9702691
장림우체국,35.08056777,128.972273
장림시장,35.08103808,128.9676257
장림시장,35.0808532,128.9679207
중소기업은행,35.08059123,128.9701851
중앙병원,35.08056655,128.9723459
장림1동행정복지센터,35.08275245,128.9656782
장림1동주민센터,35.08274931,128.9659686
삼창아파트,35.10435842,128.9725913
영락교회,35.10370129,128.970838
낙동초등학교,35.10452106,128.97135
낙동초등학교,35.10487441,128.9703232
하단오거리,35.10505623,128.9699073
장림시장번영2길,35.08265417,128.9686923
한성기린아파트,35.09283838,128.9780541
(구)괴정2치안센터,35.10551825,129.0037144
대티역,35.10394404,129.001138
대티역,35.10385594,129.0013389
(구)괴정2치안센터,35.10551473,129.0040271
괴정초등학교.대티역,35.10315095,128.9995321
하남초등교,35.0980835,128.9604214
신평역,35.09527265,128.9600725
신평역,35.09524168,128.960357
서부정비,35.09000129,128.9615942
강변아파트,35.10465863,128.9585542
햇님공원,35.10357408,128.9604253
가락타운2.3단지,35.10138169,128.9580533
사하구민 장례식장,35.08046014,128.9627305
하단1동주민센터,35.10388794,128.9637595
동아대학교정문,35.11363255,128.9660513
다대초등학교,35.05883818,128.9746821
다대큰샘,35.0587888,128.9747241
다대코오롱아파트,35.06552808,128.9812375
다대롯데캐슬블루,35.06637814,128.9796633
다대롯데캐슬블루,35.06645604,128.9796581
다대롯데캐슬블루,35.06769889,128.9793331
다대롯데캐슬블루,35.06775299,128.9792649
낫개역,35.06426621,128.9793505
다대현대아파트,35.06226891,128.9771674
낫개역,35.0643447,128.9793443
다대현대아파트,35.06221493,128.9771005
다송중학교,35.06328062,128.9827947
다송중학교,35.06335378,128.9827432
두송복지관,35.06162378,128.9848854
주공4지구117,35.06133424,128.9856357
주공4지구120,35.06295823,128.986181
국제그린아파트,35.06536262,128.9846986
국제그린아파트2,35.06741752,128.9832525
다송아파트,35.06412965,128.9860264
국제그린아파트,35.06526241,128.9844124
국제그린아파트2,35.06727696,128.9830344
다송아파트,35.06392567,128.9859979
다송초등학교,35.06860262,128.9800381
삼환2차아파트,35.06773949,128.9817836
다대5지구복지회,35.05124248,128.9627571
롯데캐슬입구,35.05304551,128.9618797
몰운대성당,35.05155991,128.9608222
몰운대아파트,35.05235316,128.960948
롯데캐슬입구,35.05366426,128.9623493
강림인슈,35.05681696,128.9567257
을숙도초등학교,35.11409622,128.9626186
을숙도초등학교,35.11465428,128.9626243
신평,35.0861217,128.9793801
공과대학,35.11569972,128.9677682
공대2호관,35.11607014,128.9672293
대학본부,35.11478506,128.9658828
동아대학교정문,35.11370015,128.9653043
부산여고,35.11247383,128.9659944
몰운대아파트10,35.05183822,128.9671489
금화맨션,35.10397202,129.006862
동보하이츠아파트(사하구치매안심센터),35.10376178,129.0060129
아미까치공영주차장,35.10455206,129.009382
대암아파트,35.10503713,128.9833216
사동초등학교,35.10391559,128.9819461
삼성타워,35.10543635,128.9840673
대암아파트,35.10513171,128.983221
삼성타워,35.10555418,128.9841347
사하중학교,35.10323305,128.9831782
괴정자유아파트,35.09937318,128.9886722
서화의원,35.09939395,128.9890842
대림아파트406동,35.17552265,129.1689649
주공아파트,35.1762766,129.1703979
신성아파트,35.17344422,129.1680232
신성아파트,35.1734146,129.1682219
한마음스포츠센터,35.18017873,129.1773249
우일시장,35.1654314,129.1603441
한화리조트,35.1540544,129.1455329
부대앞,35.17399198,129.1642092
영남아파트,35.16869001,129.182715
해운대구청어귀삼거리,35.16530269,129.1621547
스펀지,35.16540224,129.1623313
미포.문탠로드입구,35.16143415,129.1726881
미포.문탠로드입구,35.16145423,129.1727749
해운대온천사거리,35.16163202,129.1646121
해운대온천사거리,35.16167657,129.1646835
해운대온천사거리,35.16106175,129.1634543
우일시장,35.16541262,129.15994
새터,35.16168449,129.1875672
슈퍼앞,35.16127114,129.1897811
청사포,35.16068228,129.19269
해월정사,35.16298847,129.1867687
중동119안전센터,35.16087313,129.1756698
중동우체국,35.16131869,129.1760768
주공입구,35.16081587,129.1758221
일신하일라빌라.경동메르빌골드,35.15911218,129.1765013
일신하일라빌라.경동메르빌골드,35.15919917,129.1766472
해월정입구.힐사이드슈퍼,35.15772725,129.1802841
달맞이요양병원,35.15846494,129.1809047
해월정입구.힐사이드슈퍼,35.15782721,129.1801579
달맞이요양병원,35.15852633,129.1807294
송림마트,35.15994694,129.182149
송림마트,35.15968412,129.1817276
달맞이성당,35.16042774,129.1825712
달맞이성당,35.16047519,129.1823646
추리문학관,35.16158268,129.1835315
추리문학관,35.16165283,129.1833782
동해사,35.1627103,129.1844798
반여동탑마트,35.20413577,129.1200719
삼어교입구.선수촌아파트,35.20394362,129.1201939
장산초등학교,35.20077354,129.1191137
한화꿈에그린아파트,35.19870005,129.1183417
반여1동주민센터,35.20083543,129.1191143
브라보주유소,35.19476676,129.20516
송정2휴먼시아,35.19081247,129.2041362
동해선송정역,35.18722883,129.202474
송정해수욕장입구,35.18441461,129.2011819
송정역,35.18738901,129.2025387
차고지,35.19497333,129.20634
동해선센텀역,35.17986898,129.1233542
포스코앞교차로,35.17757425,129.1252262
왕자맨션,35.1944933,129.1190188
혜성골든아파트,35.19240608,129.1328797
재송글로리아파트,35.19119771,129.1330819
세명그린아파트,35.19086264,129.1346414
장산.동국아파트,35.19266758,129.1337877
KT재송지사,35.1898868,129.1273859
반석초등학교,35.2105488,129.1253431
왕자맨션,35.19502378,129.1184694
영원프라자,35.19493206,129.1184439
왕자맨션,35.19433295,129.1191808
삼경아파트후문,35.07684954,128.983651
부경보건고등학교,35.07853141,128.9823514
장림여중,35.07875876,128.9810419
부경보건고등학교,35.07854985,128.9820948
삼경아파트후문,35.07699271,128.9829876
장림여중,35.07859028,128.9810145
협진태양맨션,35.07873834,128.9799115
협진태양맨션,35.07870015,128.9793004
장림2치안센터,35.08045878,128.9777358
강남아파트,35.07212884,128.9712493
국제마마아파트,35.07092397,128.9709576
벽산마마아파트,35.06947551,128.9717864
강남아파트,35.07215891,128.9711051
국제마마아파트,35.07091418,128.9708519
협성르네상스,35.0733468,128.9720774
벽산아파트,35.07016032,128.9727794
동원자동차정비공업사,35.0690661,128.9749875
103번종점,35.06906279,128.9748928
자연병원,35.06897778,128.9772706
벽산마마아파트,35.06963935,128.9718977
벽산아파트,35.07043421,128.9729779
협성르네상스타운아파트,35.073375,128.9730761
부산현대미술관,35.10876133,128.9421777
동매교사거리,35.10034363,128.9769114
사남초등학교,35.09658684,128.9811425
사남신익아파트,35.09650085,128.9835899
신평배고개,35.09615475,128.9786079
사남초교,35.09658461,128.9810443
신익빌라,35.09650734,128.9834991
신평배고개,35.09627037,128.9790801
신평,35.09356476,128.9737806
신평배고개,35.09576888,128.9774778
신평배고개,35.09570835,128.9774311
한성기린APT,35.09306107,128.9777486
원영조선,35.07902687,128.990492
양지마을,35.15627418,129.0044248
창신주택,35.15541806,129.0049157
양지공원,35.15423197,129.005147
한일유앤아이아파트,35.15378902,129.0109941
주례럭키아파트,35.14938818,129.0040571
동주초등학교,35.14758855,129.0062684
글로벌빌리지 스포츠센터,35.14650578,129.0077827
동주초등학교,35.14760218,129.0064234
글로벌빌리지 스포츠센터,35.14664264,129.0076818
동서대KIT생활관,35.14660098,129.0091071
동서대글로벌빌리지,35.14654078,129.0081357
동서대후문,35.14668007,129.010324
세일마트,35.14763634,129.0105259
세일마트,35.14810596,129.0103073
주례2동주민센터,35.14897685,129.0103867
냉정역5번출구,35.15090312,129.0107956
냉정역,35.15101834,129.0121579
주례2동행정복지센터,35.15023955,129.0102673
트윈빌딩,35.15070403,129.0115231
냉정역1번출구,35.15108542,129.0131125
태화주유소,35.15131689,129.0158819
성일주유소,35.15115362,129.0140182
냉정시장,35.14942513,129.0126985
냉정역,35.15009927,129.0128029
냉정시장,35.149138,129.0128944
경남정보대학교,35.14823368,129.0128119
광우맨션,35.1465271,129.0129471
주례중학교,35.14791735,129.0130205
주례여자고등학교,35.14563399,129.0140145
주례청구아파트110동,35.15550563,129.0011513
주례청구아파트정문,35.15501801,128.9992749
일신주택,35.14512613,129.0031925
일신주택입구,35.14537092,129.002273
주례벽산아파트,35.14540297,129.0013653
일신주택입구,35.14549839,129.002274
주례벽산아파트,35.14551678,129.0015793
동서대입구,35.14436082,129.0145788
동서대학교,35.14445762,129.0118206
부산솔빛학교,35.18180038,128.9793107
조광페인트,35.18027938,128.9789373
사상중앙병원,35.17876165,128.9783867
사상중앙병원,35.17778592,128.9783163
구학초등학교,35.13726849,128.9936795
모라주공아파트,35.184566,129.0011826
럭키슈퍼,35.15529065,128.9790647
감전동주민센터,35.15508376,128.9802819
모라주공아파트,35.18474352,129.0011876
시내버스종점,35.18471734,129.0014091
파라곤호텔,35.16230942,128.9818876
원자력의학원,35.32103524,129.2423366
원자력의학원,35.32086308,129.242112
좌천삼거리,35.3128699,129.2438699
장안제일고등학교,35.31455905,129.2433698
장안제일고등학교,35.31448166,129.2434138
좌천삼거리,35.31297159,129.2438494
안평.고촌,35.23780904,129.1731354
고촌주택단지,35.23955527,129.169802
철마삼거리,35.24622995,129.1799719
안평차량기지,35.24262479,129.1767542
철마삼거리,35.2459472,129.1795809
안평차량기지,35.24270212,129.1767905
안평.고촌,35.23807792,129.1730302
안평.고촌,35.23804122,129.1729398
대진여객.고촌역,35.2357414,129.1597889
안평.고촌,35.23776218,129.1730493
고촌주택단지,35.23933215,129.1698116
고촌역.대진여객,35.23534139,129.1591831
대진여객.고촌역,35.23573608,129.1580897
고촌역,35.23570208,129.1580025
안평삼거리,35.25051187,129.1838572
철마삼거리,35.24611728,129.1793425
철마삼거리,35.24596901,129.1791811
만화리입구,35.25311031,129.205012
만화리,35.25657809,129.1995571
만화리입구,35.25313674,129.2049237
만화리입구,35.25300751,129.2042708
농업기술센터,35.25297724,129.1926736
농업기술센터,35.25299804,129.1927486
농업기술센터,35.25298844,129.191806
만화리영락동산,35.25040469,129.1891556
농업기술센터,35.25295442,129.1917303
만화리영락동산,35.25034579,129.1890898
만화리영락동산,35.25028827,129.1894075
만화리영락동산,35.25035356,129.1894582
부산대청중학교,35.23392455,129.2129589
연화교차로,35.21743445,129.210872
연화교차로,35.21696298,129.2124736
기장군청,35.24329163,129.2229994
신천,35.2419458,129.2265505
기장실버타운,35.24449992,129.2414369
신앙촌,35.2445525,129.2381518
원죽1구,35.2436939,129.2433697
기장군청,35.24312261,129.2228472
신천,35.24174531,129.2267992
죽성사거리,35.24195313,129.220712
중앙중학교,35.32227833,129.1855667
교통순찰대.센트럴에일린의뜰,35.0940957,129.0465983
영도봉래시장,35.09330626,129.0431487
봉래시장,35.09343993,129.0427941
미광아파트,35.09449453,129.0442357
미광마린타워,35.0936158,129.0432
부산대교입구,35.09394712,129.0423846
영도우체국,35.09154296,129.0410323
대교사거리,35.09168765,129.0392207
대교사거리,35.09160976,129.0391745
대교동,35.09271672,129.0387085
구민장례식장,35.09299082,129.0399407
영광골든타워,35.09400141,129.0405077
영도초등학교,35.08945564,129.0446442
영선위교차로,35.08477532,129.042137
영선동윗로터리,35.08460764,129.042038
영선위교차로,35.08532114,129.0428705
영선위교차로,35.08554256,129.0423867
영선아랫교차로,35.08629169,129.0403412
영선아랫교차로,35.08611954,129.0400258
남항동,35.08917852,129.0386084
영도배수지,35.09090761,129.0481582
시영아파트,35.09196131,129.0525553
영광아파트,35.09106768,129.0569392
삼거리슈퍼,35.09190424,129.0506397
깡깡이예술마을,35.09102893,129.0375102
(구)전차종점,35.08961379,129.0378958
대동대교맨션,35.09098082,129.0352456
토토볼링장,35.09028569,129.0366812
대평동,35.09247625,129.0329257
진주슈퍼,35.09184487,129.033752
남항시장,35.08830886,129.0427153
영선119안전센터,35.08958066,129.0433757
남항시장,35.0886198,129.042859
영선2동행정복지센터,35.08733332,129.0417051
GS25,35.08874935,129.0408822
남항동농협,35.08847538,129.0416294
세븐일레븐,35.08913117,129.039871
해동병원,35.09121396,129.044299
해동병원,35.09173366,129.0445848
영선1동주민센터,35.09026638,129.044133
영선119안전센터,35.0901588,129.0431914
영도우체국,35.09162759,129.041614
영도우체국,35.09148066,129.0420142
영도병원,35.09199914,129.0405819
영도소방서,35.09120054,129.0427815
봉학초등학교,35.09559818,129.0536148
신도브래뉴아파트,35.09724964,129.0555272
한성맨션,35.09504787,129.0507605
한성맨션,35.09447588,129.050117
홈플러스,35.09573948,129.0446493
외나무약국,35.08867127,129.0472512
남해숯불갈비,35.08751799,129.0467092
외나무약국,35.08856298,129.0472094
외나무약국,35.08830315,129.0468633
남해숯불갈비,35.08782143,129.046628
외나무약국,35.0883745,129.0469087
교통순찰대.센트럴에일린의뜰,35.09358727,129.0465121
해동병원,35.09200165,129.0442436
봉래동교차로,35.09340988,129.0436959
영남교회,35.08111638,129.042841
흰여울문화마을,35.08023511,129.0443772
흰여울문화마을,35.08010123,129.0443365
흰여울문화마을,35.08015482,129.0441314
GS25,35.08854835,129.0407903
남항동농협,35.08821874,129.0417065
세븐일레븐,35.0889106,129.0398115
남항동,35.0891148,129.0382883
(구)전차종점,35.08979118,129.038031
영도경찰서,35.09302932,129.0378327
영도경찰서,35.0929331,129.0381016
강남병원,35.08791011,129.0440577
강남병원,35.08749003,129.0440388
강남병원,35.08750215,129.0435982
탑마트,35.08662774,129.0431206
강남병원,35.08779426,129.0434708
신선동주민센터,35.08339079,129.045451
명신교회,35.0818515,129.0450643
남도여중,35.08598487,129.04619
신선동주민센터,35.08386563,129.0453478
중복도로입구,35.08209514,129.0457828
신선초등학교입구,35.08355626,129.0465916
신선영광아파트,35.08433028,129.0469211
신선초등학교입구,35.08358597,129.0464188
샛별아파트,35.08502341,129.0471809
신선영광아파트,35.08430301,129.0467578
금잔디길삼거리,35.08570573,129.0473869
샛별아파트,35.08511889,129.0470253
신선아파트,35.08640382,129.047573
금잔디길삼거리,35.08571467,129.0472037
매일유업,35.08716534,129.0477931
신선아파트,35.08641721,129.0474192
산제당입구,35.08773835,129.0479559
매일유업,35.08719657,129.047607
형제슈퍼,35.08860259,129.048226
산제당입구,35.08788214,129.0478389
형제슈퍼,35.08862677,129.0480465
동원베네스트1차아파트,35.11011915,128.9832923
동원아파트상가,35.10963792,128.9817719
동원베네스트2차아파트,35.11052955,128.9838546
이화한증막,35.10558361,128.9896775
자유2차후문,35.10420097,128.9896977
자유3차아파트,35.10323653,128.9899812
효산신대우빌라,35.10466702,128.9894592
양지마을,35.10440987,128.9910337
해인정사입구,35.10536812,128.9903522
OK슈퍼,35.20055923,129.0685695
백제약국,35.20102849,129.0706515
농심가,35.20111715,129.0716328
동남.동원아파트,35.20147922,129.0726165
금정시장,35.20191199,129.0737341
농심가,35.2014109,129.0719946
동남.동원아파트,35.20166694,129.0726931
광제약국,35.20243794,129.0750347
금정시장,35.20208011,129.0737833
동영아파트,35.20267192,129.0751678
대우아파트,35.20363413,129.0755259
대우아파트,35.2035502,129.075347
동래럭키아파트,35.20581264,129.0751158
동래교육청후문,35.20565805,129.0901798
동호탕,35.2062896,129.0911012
코끼리유치원,35.20676497,129.0933952
한국상사,35.20675065,129.0918244
충렬사역.서원시장,35.2013346,129.0983382
충렬아파트,35.20041659,129.1079961
충렬중학교,35.20213017,129.1084703
혜화여고.충렬고,35.20209667,129.1109158
충렬고등학교후문,35.2033008,129.1096815
혜화여고.충렬고,35.20199428,129.110726
충렬고등학교후문,35.20342481,129.1093165
혜화여고.충렬고,35.20209377,129.1106382
명장1동행정복지센터,35.20493016,129.1051462
명장1동새마을금고,35.20485551,129.1058749
명장시장,35.20469529,129.1076929
충렬초등학교,35.1991657,129.1123438
충렬초등학교,35.20051005,129.1124563
내성상회,35.20584586,129.091968
전자공고,35.21512004,129.0774941
부산전자공업고등학교,35.21498797,129.0774164
명륜역,35.21252349,129.0787143
신화아파트,35.21461142,129.0791781
동래더샵아파트,35.21578883,129.0798078
기점,35.18334229,129.1154712
해군예비군훈련장,35.10816797,129.1163782
SK뷰아파트104동입구,35.10475419,129.1182566
이기대입구,35.12399877,129.1123634
이기대입구.용호복지회관,35.12434846,129.1124032
용호3동주민센터,35.12139501,129.1121277
용문중학교,35.1262697,129.1103642
용문중학교,35.1262069,129.1104925
무지개다리,35.14253706,129.0642584
성동아파트,35.14180733,129.0647806
문현동,35.14269527,129.0656035
이마트문현점,35.14482211,129.0642662
범2호교,35.14311711,129.0636459
국제금융센터.부산은행역,35.14548053,129.0670469
문전교차로,35.14751486,129.0669441
국제금융센터.부산은행역,35.14538276,129.0670473
문전교차로,35.14711825,129.0670034
성동초등학교입구,35.14310955,129.0665166
국제금융센터.부산은행역,35.14471797,129.0664802
성동초등학교입구,35.14320216,129.0665067
문현교차로,35.13478895,129.0668413
삼성아파트.문현역,35.13959047,129.0674754
문현역,35.13847579,129.0678722
성동초등학교입구,35.14263325,129.0670767
성동초등학교입구,35.14252546,129.0670887
문현역,35.13806027,129.0674612
문현역,35.13834569,129.0673685
7부두,35.12630053,129.0677385
문현교차로,35.13479364,129.0675017
문현지하도,35.13663336,129.0688418
구우암2동사,35.12940808,129.0710941
장고개,35.13066998,129.0707199
배정고등학교삼거리,35.13273288,129.0698984
아신아파트,35.12778664,129.0717781
동항성당,35.12671956,129.0710152
남부중앙새마을금고,35.12549297,129.070927
구우암2동사,35.1294778,129.071233
목화그린빌라,35.12884824,129.0748478
포부대,35.1297004,129.0758776
남구종합사회복지관,35.12800977,129.0748704
목화빌라삼거리,35.12792651,129.0757474
한샘어린이집,35.12847334,129.0743743
문현3동행정복지센터,35.13898826,129.0709752
한양아파트,35.14336039,129.0713107
문현교차로,35.13653845,129.0719419
지게골역,35.13477802,129.0756453
문현교차로,35.13636263,129.0724715
지게골역,35.13486714,129.0754833
문현교차로,35.13708849,129.0714578
문현교차로,35.13706922,129.0716228
장고개,35.13061824,129.0705344
문현교차로,35.13468386,129.0674321
문현곱창골목,35.13558355,129.0691918
정현냉동,35.07119941,128.9902644
정현냉동,35.07158199,128.9902838
구평삼거리,35.07940648,128.9904245
부산천연가스발전소,35.08826105,129.0027885
감천1동주민센터,35.08787501,129.0042867
부일외국어고교,35.08963898,129.0000974
수협,35.08930958,129.0056767
감천우체국,35.0877835,129.0052637
감천2동,35.09080693,129.006887
감천사거리,35.08666098,129.0059139
남성한빛가든,35.08424708,129.0086711
감천초등학교,35.08269943,129.0092678
감천119안전센터,35.08632124,129.0050261
감천119안전센터,35.08637987,129.0049626
감천초등학교,35.08345114,129.0063571
대한수산,35.08230973,129.0058247
원스탑마트,35.08430919,129.0058202
감천2동,35.09085493,129.0069304
감천사거리,35.08783758,129.0052228
수협,35.08880507,129.0055063
대티터널입구,35.1037143,129.0036412
두송중학교,35.06090547,128.9844924
대선조선,35.05329559,128.9922837
두송중학교,35.06076122,128.9842204
한진해운,35.06297805,128.9918366
인터지스보세창고,35.06312019,128.9916347
(주)모든석유(세방),35.06595015,128.990591
세방,35.06656187,128.9905893
인터지스보세창고,35.06364249,128.9916583
(주)모든석유(세방),35.06637974,128.9902624
세방,35.06667536,128.9902633
안구평,35.07568259,128.990634
정현냉동,35.07084556,128.9906191
구평동,35.07560905,128.9906337
정현냉동,35.07147741,128.9906156
두송복지관,35.06150009,128.984716
주공4지구117,35.06119979,128.9857624
주공4지구120,35.06269149,128.986163
다송중학교,35.06329511,128.9831409
다송중학교,35.06337074,128.9830833
을숙도문화회관,35.10777321,128.9468976
을숙도,35.10791956,128.9462061
을숙도문화회관,35.10801339,128.9472931
을숙도,35.10803042,128.9470866
신평2동교차로,35.08932087,128.9649986
한국주철관,35.08643513,128.9648921
신평2동교차로,35.08957301,128.9650022
한국주철관,35.0865368,128.9648963
경도산업,35.09022116,128.9642063
한창섬유,35.09023679,128.9612909
코오롱·무지개아파트,35.09103129,128.9690777
동성화학,35.09122612,128.9649651
삼진냉장,35.09083635,128.9724991
동성화학,35.09172828,128.9643201
신평역,35.09526784,128.9622741
한국주철관,35.08632956,128.9652445
신평2동교차로,35.08901423,128.9653248
신평2동교차로,35.08924577,128.9653153
한국주철관,35.08588711,128.965226
제일전기,35.08427133,128.9675309
장림포구입구,35.08456569,128.9647784
장림포구(서부산자동차),35.08477221,128.9647882
신남초등학교,35.09765985,128.9609787
신남초등교,35.09755898,128.9610145
신남초등학교,35.09813195,128.9611647
가락타운2.3지구,35.10182157,128.9606252
강변아파트,35.10399358,128.9582012
가락타운104동,35.10889505,128.9590199
가락타운115동,35.11244343,128.9599563
장림1동행정복지센터,35.08248972,128.9659117
장림1동주민센터,35.0824908,128.9658227
동원로얄아파트입구,35.08099565,128.9645441
장림포구입구,35.08424648,128.9651599
장림포구(서부산자동차),35.08395984,128.9651469
도시가스,35.07846715,128.9548309
일진종합상사,35.07881765,128.9568251
장림초등학교,35.08053772,128.9761533
장림초등학교,35.08053622,128.9760176
장림중소기업은행,35.08076614,128.9709486
장림시장,35.08101829,128.9680977
장림시장,35.08109128,128.9679757
중소기업은행,35.08075892,128.9710327
대광고등학교,35.10175561,128.9727266
당리새마을금고,35.10196078,128.9756265
당리중학교,35.10150365,128.9781194
한사랑병원,35.101616,128.977984
사하구청.당리역,35.10300777,128.9759167
사하구청.당리역,35.10358746,128.9741856
사하구청,35.103712,128.973404
사동초등학교,35.10360751,128.9815472
푸르지오아파트,35.10418866,128.9765368
신평시장,35.08954998,128.9767289
신평시장,35.0895448,128.9768045
동매역,35.08986526,128.9741339
영도배수지,35.09006763,129.0487
영도배수지입구,35.09035186,129.0482581
삼거리슈퍼,35.09184322,129.0507894
영도배수지,35.08988036,129.0484303
월광슈퍼,35.0820588,129.0464242
복지회관,35.08137457,129.0476129
북천사,35.08210648,129.0474817
신선초등학교,35.08288024,129.0467451
대원아파트,35.08216704,129.0426943
조양아파트,35.07129839,129.0699516
해동중학교,35.07164405,129.0691712
체육고등학교,35.07133118,129.0668745
청학성당,35.09568023,129.0629423
부산은행,35.09613456,129.0618694
청학성당,35.09562894,129.0630538
청학시장,35.09403515,129.0592606
청학고개,35.09402492,129.0570681
청학고개,35.09402289,129.056476
영월사,35.09404186,129.0546675
봉래2동마을건강센터,35.09386086,129.0527659
봉래동,35.09336711,129.0518141
영광아파트,35.09095667,129.0571359
황토탕,35.09018931,129.0576723
영광아파트,35.09116805,129.057007
시영아파트,35.09212928,129.0526246
시영아파트후문,35.0923958,129.0543717
청학동공영주차장,35.09151435,129.0557538
동삼삼거리,35.0845467,129.0738071
송강중공업,35.08867969,129.0721718
국제크루즈터미널입구,35.08132248,129.0767442
청학동부산은행,35.0963731,129.0619541
청학동부산은행,35.09657386,129.0614612
영도구청,35.08937444,129.0682062
동삼주공아파트입구,35.08688981,129.0715404
동삼주공아파트입구,35.08683096,129.0716134
영도구청,35.08931649,129.068283
영도구청,35.0899447,129.0678965
미주아파트,35.08788442,129.0645823
성일하우징,35.08918354,129.0645505
청학주유소,35.09406,129.0648738
청학초등학교사거리,35.09399223,129.0600947
청학동시장,35.09522918,129.0604718
청학초등학교,35.09247789,129.0596711
청학2동,35.09206096,129.0606663
청학시장,35.09417868,129.0594428
국민은행,35.07627774,129.071708
태종대,35.06214826,129.0814248
태종대초등학교,35.06487991,129.0811904
하리,35.06877174,129.0805029
태종대초등학교,35.06531888,129.0810322
태종대.태종대온천,35.06351104,129.0809444
해양대승선생활관,35.07357019,129.0844635
하리,35.06792875,129.0808333
해양대삼거리.동삼동패총전시관,35.07137399,129.0786981
에일린의뜰2단지아파트,35.07257077,129.0753782
한국해양대.부산해사고,35.07244974,129.0774197
영도여고,35.07256444,129.0651554
체육고등학교,35.07158588,129.0663295
절영복지회관,35.07180614,129.0623307
영도여고,35.07273955,129.0647185
반도보라비치타운아파트,35.07120658,129.0608922
반도보라비치타운아파트,35.0710111,129.0609301
절영복지회관,35.07157993,129.0622808
함지그린아파트,35.07011826,129.0613993
75광장,35.07098935,129.0585071
영도여자고등학교,35.0738806,129.066101
푸른어린이공원,35.07410153,129.0679427
봉삼초등학교,35.07489251,129.0646775
와치종합사회복지관,35.07612183,129.0652089
영도여자고등학교,35.07401796,129.0659729
푸른어린이공원,35.07431331,129.0679425
영도교회,35.07686376,129.0733005
동삼혁신지구입구.동삼교회,35.07380395,129.074382
동삼국민은행앞교차로,35.07625361,129.0720149
동삼혁신지구입구,35.07532098,129.073675
영도교회,35.07690816,129.0735132
동삼1동행정복지센터,35.07539649,129.0678131
절영아파트,35.07637172,129.0658435
봉삼초등학교,35.07493218,129.0644649
와치종합사회복지관,35.07649145,129.0652842
고신대학,35.0780911,129.0645661
고신대학교정문,35.0779802,129.0645666
국제크루즈터미널입구,35.0802089,129.0773159
아르떼뮤지엄·미창석유,35.08586223,129.0758507
동삼초등학교,35.079372,129.0740819
동삼국민은행앞교차로,35.07575705,129.0724517
삼창파크맨션,35.07538487,129.0724629
KT동삼빌딩,35.07315616,129.0726163
부산전신전화국,35.07322722,129.0727352
삼창파크맨션,35.07514912,129.0727492
탑마트,35.07418195,129.07333
국민은행,35.07641741,129.0718432
동삼삼거리,35.0846578,129.0722925
문현4동주민복합센터,35.13243191,129.0698185
동화장식,35.13446599,129.0693738
금정슈퍼,35.13354849,129.0695398
문현동부산은행,35.13666691,129.0707137
대림시티프라자,35.13667714,129.0699728
문현곱창골목입구,35.13656087,129.0696572
대연고개,35.13397738,129.0803075
청호탕,35.13400948,129.0768197
지게골역,35.13507528,129.0756529
지게골역,35.13458936,129.0765879
문현3동행정복지센터,35.13885306,129.0712406
문현교차로,35.13662216,129.071521
문현교차로,35.13713288,129.0703986
문현교차로,35.13713748,129.0701294
문현현대아파트,35.1443174,129.0767633
현대주유소,35.14331191,129.0760116
문현삼거리,35.14167366,129.0730512
대연SK뷰아파트,35.1413729,129.0787279
대연SK뷰아파트,35.14131388,129.0787654
문현삼거리,35.14160407,129.0727498
현대주유소,35.14351713,129.0760183
문현초등학교,35.1454576,129.0724182
한양아파트,35.14343523,129.0710324
문현현대아파트,35.14418541,129.076575
문현현대1차아파트,35.14412157,129.0766433
문현초등학교,35.14570496,129.0723773
문현현대2차아파트,35.14736624,129.0747184
전포고개,35.15053552,129.073433
남부산교회,35.15200679,129.0730823
장백아파트,35.14942163,129.090881
남부중앙새마을금고,35.12557159,129.0710989
동항성당,35.12680554,129.0712283
아신아파트,35.12777572,129.0719521
남부중앙새마을금고,35.12501809,129.0717318
우암초등학교,35.12443177,129.0762724
우암초등학교,35.12441217,129.0768872
남부중앙새마을금고,35.12534609,129.0703375
7부두,35.12690265,129.0678442
우암뉴서울아파트,35.12511854,129.079463
뉴서울아파트,35.12503221,129.0794118
일신보라아파트,35.12560701,129.0796686
우암파출소,35.12459478,129.078258
우암초등학교,35.12471135,129.0764453
우암초등학교,35.12470173,129.0765593
우암새시장입구,35.12511883,129.0736638
감만창의문화촌,35.11941543,129.0808915
감만창의문화촌,35.11848791,129.0802775
감만시장,35.11673026,129.0809051
남구청.못골역,35.13458211,129.0839929
못골역,35.13458026,129.0840366
대연SK뷰아파트,35.14146286,129.0789559
대연SK뷰아파트,35.14153722,129.0789059
문현현대1차아파트,35.14285307,129.0780977
탑마트,35.13329375,129.0781034
현대아파트,35.11126944,129.082882
감만현대2차아파트,35.11075747,129.0821972
용당동,35.11571362,129.0952205
부경대용당캠퍼스,35.11827928,129.0964663
현대오일뱅크,35.11053391,129.0879189
동천초등학교,35.12240261,129.0838307
동천초등학교,35.12231438,129.0835361
동천초등학교,35.12219433,129.083152
국제아파트,35.12280525,129.0851487
홈플러스,35.12182307,129.0818848
우암자유아파트,35.12368072,129.0801511
남광시장,35.12337091,129.0868729
석포초등학교,35.12678838,129.0902675
대우아파트,35.12443528,129.0884975
석포초등학교,35.12672967,129.0902315
남광시장,35.12354149,129.0872744
국제아파트,35.12208821,129.0858713
동천초등학교,35.12263161,129.0836524
동천초등학교,35.12273692,129.0840237
시립박물관,35.12880774,129.091714
문화회관입구,35.12834288,129.091408
석포초등학교,35.12703929,129.0900864
남광시장,35.12390084,129.0873441
남광시장,35.12394185,129.0874275
대우아파트,35.12501784,129.0886126
석포초등학교,35.12685336,129.0899659
남구청후문,35.13579486,129.0839071
남구청.남부교육지원청,35.13577335,129.0853608
남구청.남구보건소,35.13579553,129.0856878
연포초등학교,35.13815681,129.0831078
세연고등학교,35.13799895,129.0866989
세연고등학교,35.13799433,129.0866274
남구청후문,35.13590226,129.0836118
연포초등학교,35.13851758,129.081578
못골시장,35.1347768,129.0875829
못골시장,35.13475613,129.087292
동성하이타운,35.13312503,129.0878042
롯데슈퍼,35.13391898,129.0868532
남구청.못골역,35.13483642,129.0841109
못골사거리,35.13548497,129.0869463
부산공고,35.12998795,129.0884607
대연푸르지오클라센트·동림리라,35.12871029,129.0854611
신평시장,35.08977192,128.9765975
신평시장,35.08977508,128.9765085
신평시장,35.0904832,128.9779671
동매역,35.09034744,128.9731903
사하소방서,35.09024332,128.9731829
동매역,35.08965551,128.973735
사하소방서,35.08965204,128.9738235
사하소방서 사하우체국,35.08905758,128.9728207
신평,35.09342061,128.9739933
배고개,35.09466818,128.9765562
배고개,35.09469535,128.9766407
신평,35.09295793,128.9734941
삼진냉장,35.09105489,128.9719717
코오롱·무지개아파트,35.09115159,128.9697218
롯데마트,35.0856929,128.9729313
제일전기,35.08554627,128.9682308
롯데마트,35.08466806,128.9725889
열린교회,35.08151695,128.8788716
신호초등학교,35.08243117,128.8769706
강서체육공원,35.20770644,128.9740759
신덕삼거리,35.20440599,128.9741128
강서체육공원복지회관,35.20737414,128.9741084
대저119안전센터,35.2144492,128.9769716
대저119안전센터,35.21449708,128.976397
수로다리,35.21500353,128.9700177
강서구청역,35.21095778,128.9796594
대저농협,35.1802063,128.9551787
경전철덕두역,35.18122989,128.9532416
국제화물청사,35.17828178,128.9505203
공항파출소.덕두역,35.1810967,128.9531647
경전철덕두역,35.18131954,128.9541054
덕두역,35.18133442,128.9541826
신덕복지회관,35.20004598,128.9271669
딴치,35.20340347,128.92923
핏대섬새동네,35.20753505,128.9317386
농협공판장,35.21065249,128.9336398
강동동행정복지센터,35.21390888,128.9356201
강동치안센터,35.21601902,128.9369087
강서해수랜드,35.19779143,128.9256892
국제선청사,35.17356904,128.9475622
명지시장,35.11235191,128.9322142
성산,35.12418046,128.8967826
가리새마을,35.13462541,128.8971684
장락새동네,35.13649556,128.8907201
장락포,35.1345916,128.8972845
보감사,35.12634754,128.8990827
생곡삼거리,35.13750712,128.8854626
성산삼거리,35.12241948,128.8948579
성산,35.12409347,128.8966403
장락,35.13539479,128.8942563
성산2구,35.11931049,128.8912861
녹산중학교,35.11775269,128.8896856
성산다리,35.12185301,128.8938755
녹명초등학교,35.11413953,128.8857792
본녹산녹명초등학교,35.11407482,128.8857094
녹산중학교,35.11770462,128.8896298
성산,35.12179494,128.8938179
성산2구,35.11937059,128.8913315
명지시장,35.11156791,128.9318826
명지시장,35.11149654,128.9318367
명지시장,35.1116755,128.9319624
명지새동네,35.10797157,128.9299541
명지새동네,35.10817681,128.9300536
차량등록사업소,35.08748522,128.9033804
롯데캐슬,35.08565747,128.903377
차량등록사업소,35.08728667,128.9035133
명지신도시,35.0891944,128.9006793
신호대교,35.08920418,128.900492
삼성전기기숙사,35.09302214,128.8528126
희망공원,35.093345,128.853228
삼성전기기숙사,35.09301006,128.8524002
삼성전기후문,35.09784647,128.8561318
삼성전기후문,35.0978549,128.8558825
삼창기전,35.09806833,128.84988
동아밸브,35.09810386,128.8495944
삼창기전,35.09811488,128.851998
신호소방서입구,35.08528619,128.8815707
일천아파트,35.0884422,128.8819094
윌아파트,35.08799618,128.8772945
신호프라자,35.08632078,128.8769496
신호소방서입구,35.08528003,128.8819158
르노자동차남문,35.0888219,128.8813917
르노자동차남문,35.08882345,128.8812596
윌아파트,35.08800983,128.8769744
르노자동차정문,35.08916642,128.8766907
르노자동차정문,35.08916573,128.8767864
신호하수처리장,35.08915827,128.8725597
신호윌아파트105동,35.08825769,128.8772868
윌아파트,35.08833958,128.8773014
삼성자동차남문,35.08826843,128.8821521
일천아파트,35.08845241,128.8816469
르노자동차남문,35.08917669,128.881395
르노자동차남문,35.08918397,128.8812569
삼성자동차남문,35.08811738,128.881794
상리종합사회복지회관,35.08548047,129.0709452
상리종합사회복지관,35.08555505,129.0710346
관리사무소,35.08504407,129.0675633
나상가,35.08633512,129.0673567
동삼그린힐아파트,35.08548043,129.0675081
동삼3동주민센터,35.08435898,129.0687061
동삼3동주민센터,35.08436146,129.0691046
상리종합사회복지회관,35.08495726,129.0705897
상리복지사회복지관,35.08526457,129.0711276
동삼3동주민센터,35.08460596,129.0687562
동삼3동주민센터,35.08465592,129.0693678
고신대학,35.07748342,129.0644597
절영아파트,35.07656803,129.065285
고신대학교정문,35.07775333,129.0643392
고신대3강의동,35.08039729,129.0639356
광명고교,35.08249778,129.0628897
고신대학교후문,35.0803,129.0639448
밤나무집,35.08173588,129.0633295
청학2동,35.09227562,129.0606131
청학초등학교,35.0925921,129.0598234
82번종점,35.09218677,129.0609352
청학초등학교,35.092884,129.0597294
해양대승선생활관,35.07370682,129.0843793
롯데캐슬블루오션,35.07306991,129.0728686
부산전신전화국,35.07326562,129.0731749
조양아파트,35.07230327,129.0712548
중리초등학교,35.07345069,129.0720783
중리초등학교,35.0741808,129.0716305
에덴금호아파트,35.07150439,129.0763431
해양대삼거리.동삼동패총전시관,35.07123221,129.0781609
벽산비치타운,35.07527549,129.0705305
동삼중학교,35.07499084,129.0707839
절영로사거리,35.07540218,129.068825
중리초등학교,35.07334584,129.0718142
중리초등학교,35.07375313,129.071572
동삼1동행정복지센터,35.07560463,129.0686025
벽산비치타운,35.07513499,129.0710073
절영로사거리,35.07562453,129.0688077
동삼중학교,35.07561098,129.070541
남고교,35.06961587,129.066492
영도중리,35.06953029,129.0669591
남고교,35.0697257,129.0672765
함지그린아파트,35.07039077,129.0620263
75광장,35.07076697,129.0582103
함지골수련원,35.07300225,129.0539466
백련사,35.07613226,129.0483138
광명고등학교,35.08269788,129.0629627
광명고교,35.08194104,129.062541
고신대3강의동,35.0804126,129.0637305
고신대학교후문,35.08032843,129.0637314
밤나무집,35.08167562,129.0631636
광명고등학교,35.08276485,129.0627752
남부여객(종점),35.08422373,129.0625223
(구)쌍용자동차학원,35.08637475,129.0594827
쌍용자동차학원,35.08621494,129.0597223
원우아파트,35.08517634,129.0613354
(구)쌍용자동차학원,35.08628932,129.0593356
남부여객(종점),35.08422599,129.0622461
쌍용자동차학원,35.08612949,129.0597234
원우아파트,35.08503602,129.0611384
롯데낙천대,35.08836789,129.0607859
롯데낙천대아파트입구,35.08771315,129.0607624
롯데낙천대아파트입구,35.08787012,129.0608895
롯데낙천대아파트후문,35.08841727,129.061885
일신마리나아파트,35.08666427,129.0630713
롯데낙천대아파트삼거리,35.08779652,129.0611525
롯데낙천대,35.0881177,129.0606294
(구)해사고,35.08886619,129.0597485
해양경찰청교육센터,35.08899241,129.0595925
해양경찰청교육센터,35.08883815,129.0596545
(구)해사고,35.08899987,129.0593949
황토탕,35.09011687,129.0580231
황토탕,35.08999745,129.0579142
삼신아파트,35.09242389,129.0545602
영광아파트,35.09109428,129.05726
황토탕,35.09031358,129.0577867
나상가,35.08629974,129.067154
관리사무소,35.08516676,129.0673328
동삼그린힐아파트,35.08483545,129.0673283
동삼그린힐상가,35.08622829,129.0671569
오성할인마트,35.08984316,129.0623406
롯데낙천대아파트정문,35.08902423,129.0621195
빅마트슈퍼,35.09149956,129.0619242
수정방앗간,35.09091476,129.0628194
고은식육점,35.08597936,129.0650346
영도자동차학원,35.0864807,129.0652886
일신마리나아파트,35.08655274,129.0635801
광명고등학교후문,35.08467964,129.0654413
동삼그린힐아파트,35.08580003,129.0670652
백련사,35.07612861,129.0480279
함지골수련원,35.07284063,129.0535007
영선아파트,35.07776546,129.0464053
영도경찰서,35.0931284,129.0371379
성지고등학교,35.1272725,129.0812047
부산공업고등학교후문건널목,35.12928159,129.0869197
대연푸르지오클라센트·동림리라,35.12861025,129.085147
성지고등학교,35.12738752,129.0815469
부산공업고등학교후문,35.13003618,129.0885758
부산세무고등학교,35.13782087,129.0867669
세연고등학교,35.13817083,129.0860954
세연고등학교,35.13816571,129.0861666
해연중학교,35.13832868,129.0831202
서원유통,35.13831944,129.0889115
남산2차타워,35.1383204,129.0890809
동천고등학교,35.14121806,129.0890146
LG메트로시티입구,35.12758293,129.1096376
LG메트로시티214동,35.13103181,129.1099064
자연유치원,35.13002703,129.1108978
산성교회,35.13008523,129.0904336
부영카정비,35.13149131,129.0897762
동성하이타운,35.13306866,129.0888186
부산공업고등학교정문,35.13156055,129.0882867
롯데슈퍼,35.13387534,129.0870867
대천중학교,35.12808492,129.1027085
대천중학교,35.12855807,129.103458
LG메트로시티234동,35.13207019,129.1082357
부산박물관,35.13005122,129.0934465
유엔조각공원,35.13001995,129.0985092
부산시립박물관,35.13005934,129.093077
유엔교차로(산성교회),35.13027902,129.0915436
대연역.부산은행,35.13391368,129.0920731
대연역.부산은행,35.13463911,129.0917962
대연역,35.13519854,129.0913926
한국도로교통공단,35.13093844,129.103184
한국도로교통공단,35.13107734,129.1027893
남부면허시험장,35.13023902,129.1059398
대연자이아파트,35.13040545,129.1037791
대연자이아파트,35.13040584,129.1033223
평화공원,35.12763898,129.1010904
유엔조각공원,35.13023111,129.0979372
부산시립박물관,35.13024848,129.0937778
부경대대연캠퍼스,35.13287689,129.1012804
경성대학교입구,35.13642336,129.1007044
부경대대연캠퍼스,35.13296701,129.1012758
경성대학교입구,35.13638111,129.1007375
자연유치원,35.13020355,129.1110667
하이츠자이아파트,35.1315201,129.1110003
분포중학교,35.12774193,129.1147214
메트로유치원,35.12621601,129.1128781
용당동갓골,35.12466316,129.0976384
석포여중,35.12516749,129.0957616
석포여자중학교,35.12538648,129.0956992
"유엔기념공원, 부산문화회관",35.12642323,129.0954683
UN기념공원,35.12721835,129.0954581
부산문화회관(박물관),35.12881736,129.0938656
동명대학교,35.12059462,129.1005555
동명불원,35.11895308,129.1031717
현대아파트,35.11968458,129.1006811
예문여자고등학교,35.11913124,129.1069419
동명불원,35.11886657,129.1040798
동명대학교정문,35.12259847,129.0993979
한국산업인력공단남부지사,35.12711637,129.1019278
동명대학교입구,35.12250179,129.0993556
동명대학교,35.12080539,129.099166
동명대학교후문,35.12058127,129.0980137
동명오거리,35.12078642,129.0981758
한신문화타운,35.12347233,129.0971914
한신아파트,35.12335918,129.0972999
한신문화타운,35.12334462,129.0970257
한신아파트,35.1232451,129.097116
석포여중,35.12478416,129.096125
석포여자중학교,35.12439187,129.0964226
유엔공원.부산문화회관,35.12623259,129.0957381
유엔평화공원,35.12573178,129.095837
LG메트로시티입구,35.12747342,129.1098788
용문중학교,35.12603073,129.1101478
용문중학교,35.12593717,129.110337
남부운전면허시험장,35.12812033,129.1077036
남부면허시험장,35.12804998,129.107792
솔밭공원,35.11988349,129.1085765
유엔공원.부산문화회관,35.12681707,129.095324
부산박물관.부산문화회관,35.12915414,129.093063
부산박물관.부산문화회관,35.12893374,129.0930048
부산문화회관,35.12897446,129.092904
시립박물관,35.12889317,129.0913692
남부산농협석포지점,35.12931377,129.0917037
남부운전면허시험장,35.12803257,129.1073149
남부면허시험장,35.12808316,129.1072605
더비치푸르지오써밋 102동앞,35.13573317,129.1104207
부산도시가스,35.13651166,129.1106412
하이츠자이아파트,35.13128193,129.1110502
LG메트로시티214동,35.13145608,129.1099291
못골시장,35.13507308,129.0887344
못골시장,35.13506424,129.0884758
못골시장,35.13507,129.0886578
경림유통,35.13592279,129.0915775
대연초등학교,35.13618421,129.0918248
대연초등학교,35.13637805,129.0917479
글로리빌딩,35.13574913,129.087727
동원로얄듀크아파트,35.13611815,129.0871221
빅벤,35.08459168,128.8523308
대일목재,35.09053906,128.8659534
우진목재,35.092112,128.865837
우진목재,35.09301015,128.8659661
우진목재,35.09209951,128.8655944
우진목재,35.09188333,128.86568
녹산하수처리장,35.0891563,128.8648086
녹산하수처리장,35.08947167,128.86583
신호하수처리장,35.08881671,128.8726081
녹산하수처리장,35.08942091,128.8659893
녹산하수처리장,35.08879643,128.8662236
녹산하수처리장,35.08879631,128.8663086
녹산하수처리장,35.08914922,128.865385
삼성자동차출고사무소,35.09768023,128.8664314
삼성출고사무소,35.09821638,128.8663711
사암입바위,35.10135059,128.868546
삼성자동차출고사무소,35.09849389,128.8659515
화전마을입구,35.0998515,128.8662762
삼성출고사무소,35.09761167,128.8666083
대한제강,35.09812011,128.8612772
삼성서비스코너,35.09317283,128.8685402
삼성서비스코너,35.09374,128.86857
삼성서비스센터,35.09383581,128.8686254
태광금속,35.0936075,128.8651193
정화선박,35.09359167,128.8650517
삼보목재,35.09356,128.8626217
갑을녹산병원,35.09044584,128.8528257
갑을녹산병원,35.08977539,128.8524094
녹산염색공단,35.08877645,128.8601185
녹산염색공단,35.088778,128.859956
녹산염색공단,35.08916528,128.8601835
삼덕통상,35.08649011,128.8572472
삼덕통상,35.08682296,128.8569916
풍국철강,35.08471803,128.8570316
강서소방서 무성산업사,35.08881401,128.8587965
강서소방서 무성산업사,35.0886794,128.8569953
부산지방중소벤처기업청,35.08915633,128.8557542
강서소방서,35.08914667,128.8554722
풍국철강,35.08444815,128.8564115
삼성서비스센터,35.09398204,128.8682011
삼성전기,35.09333781,128.8536658
삼성전기,35.09333994,128.8545182
삼성전기후문,35.0935853,128.8532501
광성공업사,35.087876,128.85144
부산지방중소벤처기업청,35.08878335,128.8555523
부산지방중소벤처기업청,35.08877767,128.8552682
학산,35.0887729,128.8537786
대흥공업사거리,35.09345333,128.8586733
대흥공업사거리,35.09360394,128.8587608
삼보목재,35.0933507,128.8625759
태광금속,35.09335224,128.8651616
삼보목재,35.093469,128.862384
정화선박,35.09334696,128.8649852
삼보목재,35.09371132,128.8618191
대흥공업사거리,35.09355667,128.8595917
대흥공업사거리,35.09333521,128.8597161
삼성전기,35.09358527,128.8536543
삼성전기,35.09358807,128.8545896
효성스틸,35.09785904,128.8587031
삼성전기후문,35.09811015,128.8555598
삼성전기후문,35.09811033,128.8556439
대한제강,35.09778408,128.8597908
효성스틸,35.09812897,128.8587311
대한제강,35.09786837,128.8613577
대한제강,35.09811434,128.8614557
화물터미널,35.09781411,128.8373934
화물터미널,35.09781685,128.8372345
화물터미널,35.09807862,128.8386976
농심,35.09646225,128.839732
리노공업,35.09330269,128.842406
리노공업,35.093467,128.842363
DSR,35.09357261,128.8402982
DSR,35.093473,128.840433
해덕파워웨이,35.09332524,128.848586
해덕파워웨이,35.09349,128.8487633
동서열처리,35.09357551,128.8453296
리노공업,35.09357052,128.8424306
동서열처리,35.09355833,128.8454117
해덕파워웨이,35.09357268,128.848625
해덕파워웨이,35.09357,128.8485917
동서열처리,35.09332521,128.845568
동서열처리,35.09349833,128.8455583
리노공업,35.09354667,128.843155
DSR,35.09331555,128.8402662
DSR,35.0935,128.840589
정원화학,35.09058435,128.8392028
부산프라스틱공업,35.09356814,128.838616
부산프라스틱,35.09354333,128.8384367
부산프라스틱공업,35.09331058,128.8386305
부산프라스틱,35.09339167,128.83853
성광산업,35.09779303,128.8465278
두산정비,35.09785161,128.8454364
송정마을입구,35.09818241,128.8430608
삼광사입구,35.17623995,129.0466567
삼광사,35.17518959,129.0438039
초읍초등학교,35.18045558,129.0523336
초읍우신아파트,35.18133523,129.0544955
초읍초등학교,35.18097556,129.0527891
창신아파트,35.18151745,129.0546317
원당골,35.18147535,129.0590484
초읍대우아파트,35.18028232,129.0576089
초읍중학교,35.17993,129.0559401
동의대학교도서관,35.14142866,129.0340979
동의대학교본관,35.14007955,129.0339129
동의대학교입구,35.14720842,129.0339031
동의대학교자연대학,35.14371831,129.0345696
양정역4번출구,35.17324109,129.0723865
파리바게뜨,35.17374361,129.0736928
백조아파트,35.17368621,129.0699147
하마정,35.17674541,129.0680996
백조아파트,35.17393291,129.0689306
하마정,35.17447258,129.0672891
하마정,35.17497826,129.0662019
세정고·양정119안전센터,35.17488513,129.076587
현재자동차앞,35.17586238,129.0739325
양정현대아파트,35.17457166,129.0652702
정묘사,35.17456423,129.0614434
화인아파트,35.17191062,129.0590679
화인아파트,35.17162543,129.059415
정묘사,35.17420818,129.0617097
화인아파트,35.1719134,129.0597277
부산시민공원,35.17108889,129.0563759
양정청소년수련원,35.17679901,129.0718401
양정자이더샵SK뷰,35.17205254,129.0754701
부산진여자고등학교,35.1701999,129.074982
동의의료원사거리,35.17199038,129.0744192
양정성당,35.17153053,129.0729252
범내골역.상공회의소,35.14776933,129.0610247
범내골역.상공회의소,35.14785833,129.0612876
범내골역,35.14656417,129.0587892
범내골역,35.14757121,129.0589575
범내골역,35.14759415,129.0590126
지오플레이스,35.14919404,129.063214
부전역,35.1613074,129.0627536
전포초등학교,35.15931461,129.0621763
부전역,35.16226676,129.0622154
부전시장,35.1632453,129.0615757
송상현광장,35.16440723,129.0632215
양정대원칸타빌,35.17064857,129.0675273
대원칸타빌아파트,35.17076465,129.0675333
자유.평화시장,35.1406355,129.0602515
범일역,35.14056596,129.0603218
좋은문화병원,35.14071837,129.059162
성북초등학교,35.14974719,129.0672117
성북초등학교,35.14969052,129.0670578
문전교차로,35.14834518,129.065959
국제금융센터.부산은행역,35.14527605,129.0664696
지오플레이스,35.14926504,129.0645068
경남공고,35.151939,129.0624046
경남공고(전포역),35.15272739,129.0656476
부산은행(전포역),35.15443771,129.0659411
전포1동주민센터,35.15445392,129.0677671
경남공고(전포역),35.15310859,129.0651011
부전도서관,35.15457639,129.0628666
전포사거리,35.15570191,129.0656076
동성고교,35.15154167,129.0684283
동성고등학교,35.15133427,129.0685025
부산진여자중학교,35.15350804,129.0684894
부산마케팅고등학교,35.1500849,129.0694985
부산마케팅고등학교,35.15008435,129.0692747
성북초등학교,35.15009508,129.067177
영도경찰서,35.09280445,129.0376312
해양대대학본부,35.07495266,129.0874941
해양대해사대학관,35.07568002,129.0886526
해양대구본관,35.0765318,129.0878085
해양대방파제입구,35.07452545,129.0858326
LG디스커버리랩,35.16956819,129.0501659
LG디스커버리랩,35.169995,129.0500617
세동한신아파트,35.17219407,129.0495
성곡시장,35.17419328,129.0486517
성곡시장,35.17449628,129.0491021
삼광사입구,35.17726774,129.048346
어린이대공원입구,35.18058638,129.0474515
창곡종합시장,35.17752932,129.04712
성곡시장,35.17410513,129.0484689
삼광사입구,35.17639933,129.0467
어린이대공원,35.18189613,129.0467276
초연중학교,35.17927707,129.0466678
어린이대공원,35.18210165,129.0474897
어린이대공원,35.18243851,129.0472925
어린이대공원,35.18182294,129.0477187
어린이대공원입구,35.18109045,129.0470875
삼광사입구,35.17770541,129.0480164
성곡시장입구,35.17505105,129.0487438
성곡시장,35.17388743,129.049066
어린이대공원,35.18238312,129.0467009
초연중학교,35.17944588,129.0463967
초읍삼거리,35.18170557,129.049409
부산진고교,35.17754553,129.0537369
연지한신타워,35.17579031,129.0545223
초읍초등학교,35.18046777,129.0513505
시민도서관,35.18042426,129.0514213
래미안어반파크,35.17325225,129.0547495
국립부산국악원,35.17164726,129.0548957
연지청구아파트,35.17624029,129.054748
부산진고교,35.17824717,129.0536678
초읍삼거리,35.18209011,129.0498477
시민도서관,35.18304494,129.0511454
초읍고개,35.18458785,129.0530007
개인택시조합,35.18678579,129.0557105
시민도서관,35.18324388,129.0513496
초읍고개,35.18448951,129.0528916
개인택시조합,35.18661455,129.0554487
초읍삼거리,35.18191647,129.0490502
연제공용버스차고지,35.1852289,129.0531938
연제공용버스차고지,35.18577114,129.0537699
동원초등학교,35.17208038,129.0328087
용사촌입구,35.17103902,129.0335446
동원초등학교,35.17225531,129.0327172
용사촌입구,35.17118969,129.0333876
선암사입구,35.17363905,129.030649
백양가족공원,35.1723293,129.0288738
선암사입구,35.1737253,129.0307728
주공사거리,35.17245676,129.0290346
부산진구생활문화센터,35.16805068,129.0371246
미진마트,35.15219034,129.0358445
가야1치안센터,35.1538997,129.0370674
가야1치안센터,35.15400778,129.0371639
미진마트,35.15192568,129.0356322
부암교차로,35.16735253,129.0515079
고려한방병원,35.16715609,129.0516605
삼부아파트,35.16627538,129.0505769
삼부아파트,35.16633174,129.0505767
메리움아파트,35.1638172,129.0506097
부암초등학교,35.16358028,129.0498965
부산진구청정문,35.16318292,129.0525043
일성아파트,35.16412388,129.051124
부암삼성래미안,35.16671402,129.0387451
협성피닉스,35.16994193,129.0384898
협성프라자,35.17070512,129.0380892
가야1치안센터,35.15393578,129.0368104
미진마트,35.15210774,129.0354703
가야1치안센터,35.15407344,129.0368993
미진마트,35.15241993,129.0356919
개금주공아파트,35.15942893,129.0315338
백양로교회앞,35.16422074,129.0316494
백양로교회,35.16423323,129.0316867
개금주공아파트,35.15900789,129.0305283
개포초등학교,35.15846038,129.0282943
개금주공아파트,35.15953468,129.0318245
개포초등학교,35.15803429,129.0282448
개금주공아파트,35.15874701,129.0312663
개포초등학교,35.15856003,129.0276255
부산진구청,35.16353346,129.0543725
부산진구청,35.16320496,129.0546346
부산진구청,35.16355024,129.0524187
부산진구청.시민공원남1문,35.16444832,129.0539629
부산진구청,35.16458413,129.0538466
부산정중앙공원·백양산롯데캐슬,35.16997782,129.036354
늘푸른교회,35.16997917,129.0365127
백양맨션,35.1702209,129.035029
백양맨션,35.17022669,129.0351909
부산정중앙공원·백양산롯데캐슬,35.17020168,129.03637
늘푸른교회,35.17019509,129.0365345
가야공원입구,35.14766383,129.0288708
대연역,35.13532545,129.0948685
경성대학교,35.13600957,129.097387
경성대학교,35.13561749,129.0963507
대연동제일은행,35.13525784,129.0945181
경성대.부경대역,35.1369453,129.0994235
대연사거리(대연역),35.13532052,129.0934069
대연우체국,35.13563863,129.0933098
동부변전소,35.1476794,129.0946104
경동메르빌,35.14957877,129.0928874
경동아파트,35.14971559,129.0924729
영웅주유소,35.14653267,129.0959829
성모병원.대남초등학교입구,35.14760811,129.095258
대연교회,35.1380472,129.0907682
대연초등학교,35.13652177,129.0914643
대연교회,35.13803156,129.0905304
대연초등학교,35.13686164,129.091391
대연교회,35.1381797,129.0901975
대연교회,35.13817671,129.0901391
경성대.부경대역,35.13751268,129.1006343
경성대.부경대역,35.13748217,129.1005542
경성대학교입구,35.13637681,129.1003691
부경대대연캠퍼스,35.13234515,129.1010586
경성대학교입구,35.13622467,129.1004761
부경대대연캠퍼스,35.13245902,129.1010496
경성대학교,35.13654414,129.097944
대연역,35.1356259,129.0951632
경성대학교,35.13652004,129.0978988
대연동제일은행,35.13560925,129.0950533
낙농마을,35.14507178,129.0980475
경성대.부경대역,35.13816893,129.1012642
경성대학교후문,35.14278524,129.0984874
대연롯데캐슬,35.14071388,129.1003735
대연삼정그린코아더베스트,35.14432649,129.0976927
대남초등학교,35.14673253,129.0962844
용호사거리,35.12122627,129.1123662
이기대입구,35.12327117,129.1125731
용호3동주민센터,35.12089533,129.1123205
이기대입구.용호복지회관,35.12317256,129.1125638
용주탕,35.11950138,129.1122895
용호중학교,35.11864152,129.1161541
용호2동주민센터,35.11582507,129.1108973
용호사거리,35.11909094,129.1117588
부산성모병원,35.11230507,129.1108615
용호사거리,35.11935057,129.1118561
용호동우체국,35.11784032,129.1113582
용호2동시장,35.11601997,129.1108949
용호2동주민센터,35.11446766,129.1108845
부산성모병원,35.11243841,129.1108532
솔밭공원,35.12023762,129.1097086
용호사거리,35.11980906,129.1117176
남부경찰서,35.15164598,129.09065
청구아파트,35.15389482,129.088919
남부경찰서,35.15172469,129.0906611
청구아파트,35.1538644,129.0890219
장백아파트,35.14942328,129.0908099
더비치푸르지오써밋,35.1376772,129.1081011
더비치푸르지오써밋,35.13773925,129.1080222
용호사거리,35.11978078,129.1110216
예문여자고등학교,35.1197697,129.1079131
경성대.부경대역,35.13837971,129.1024864
대연푸르지오아파트,35.138525,129.1014276
대연힐스테이트푸르지오112동,35.14274015,129.0987496
대연힐스테이트푸르지오중문,35.14082126,129.1004938
대연삼정그린코아더베스트,35.14430848,129.0979461
LG메트로시티,35.13251715,129.1086219
대천중학교,35.1279612,129.1031637
대천중학교,35.12791882,129.1030867
한국산업인력공단남부지사,35.1271415,129.1015171
동명대학교정문,35.12275288,129.0990674
평화공원,35.12623756,129.1008378
평화공원,35.12630776,129.1008793
동명대학교후문,35.120201,129.0981137
동명오거리,35.11960773,129.0976041
동명대학교후문,35.11968035,129.0976587
용당동,35.11565552,129.0948786
부경대용당캠퍼스,35.11796307,129.0957618
신선대부두입구,35.11380502,129.0954929
부경대용당캠퍼스정문,35.11855104,129.095933
백운포고개,35.10861721,129.1121985
백운포고개,35.10877122,129.1121461
용호동벽산아파트,35.10881226,129.1148363
용주탕,35.11938821,129.1136285
용호동경동아파트,35.11748414,129.1179447
용호중학교,35.11891762,129.1157155
삼익아파트,35.15290211,129.0885557
신원아파트,35.15232979,129.0886582
삼익아파트,35.15280717,129.0885788
신원아파트,35.15224292,129.088668
못골시장,35.13483638,129.0887562
성지교회,35.12544477,129.0767483
금릉슈퍼,35.12702958,129.0759452
남구선거관리위원회,35.1281415,129.0748176
목화빌라삼거리,35.12803828,129.0758364
한샘어린이집,35.12846943,129.0745408
목화그린빌라,35.12903224,129.0751541
신연초등학교후문,35.12936511,129.0770273
신연초등학교,35.1285538,129.077364
농심,35.09809432,128.8430004
동아밸브,35.09784651,128.8498012
동아밸브,35.09785059,128.8496067
삼창기전,35.0978527,128.8520524
극동스텐,35.09819018,128.8485464
두산정비,35.0980824,128.8451667
송정마을입구,35.09778087,128.8430446
농심,35.09783972,128.8431482
농심,35.09642422,128.8391392
화물터미널,35.09808649,128.8387965
송정방근마을,35.09966565,128.8420388
송정방근마을,35.09966656,128.8421366
(구)검문소,35.10147246,128.8396825
송정방근마을,35.09944979,128.8420496
송정방근마을,35.09945452,128.8421537
용원,35.09795032,128.8224259
태웅스틸,35.09782668,128.8333448
태웅스틸,35.09782984,128.8332069
국제휠타사거리,35.09691148,128.8297961
국제휠타,35.09709184,128.8300551
태웅스틸,35.09807852,128.8334065
태웅스틸,35.09808273,128.8332475
송정다리,35.09357764,128.8340265
송정다리,35.09339167,128.834495
국제휠타사거리,35.09665931,128.8301519
국제휠타,35.09676786,128.8300812
STABILUS,35.09597831,128.8300232
국제휠타,35.09679347,128.8294189
(주)거보,35.09518235,128.8309756
매일정기,35.095264,128.831117
(주)태광본사,35.08949651,128.8329349
해광테크,35.09459255,128.8274835
부광산업,35.09632918,128.8244534
부광산업,35.09624886,128.8245509
해광테크,35.09446549,128.8267261
해광테크,35.09458414,128.8270741
부광산업,35.09595543,128.8242867
부광산업,35.09589314,128.824384
해광테크,35.09427642,128.8264148
우일철강,35.09767567,128.8258547
영남자동화기계,35.09789403,128.8280796
영남자동화기계,35.09762276,128.8279754
영남자동화기계,35.09768333,128.8280333
영남자동화기계,35.09797,128.827945
우일철강,35.09788085,128.8256948
영도산업,35.09950184,128.8256212
영도산업,35.09946833,128.825815
풍강산업지원엔텍,35.10049842,128.8239666
영도산업,35.09978586,128.8257302
영도산업,35.099915,128.82548
송정다리,35.09331695,128.8339804
송정다리,35.09346167,128.833695
(주)거보,35.09530671,128.8312629
매일정기,35.09528833,128.8311267
서해식품,35.0844518,128.8483337
백송강재,35.08458958,128.8457297
부산협동상사,35.0845922,128.8431129
송정,35.10586025,128.8424762
송정,35.10516493,128.843185
(구)검문소,35.10335032,128.8391654
풍영산업,35.09110029,128.8392264
풍영산업,35.09170593,128.8397004
풍영산업사,35.09063398,128.8397031
보람공원,35.08914558,128.8478672
조일산업,35.08765,128.849225
조일산업,35.087571,128.849221
빅벤,35.08444114,128.8518615
서해식품,35.08460936,128.8489951
부림특수강,35.08443413,128.843003
백송강재,35.08442865,128.845339
경제자유구역청,35.08692454,128.839214
경제자유구역청,35.08579302,128.8399836
경제자유구역청,35.08667839,128.8397226
경제자유구역청,35.08680466,128.8397214
경제자유무역청,35.08556215,128.8397937
보람공원,35.08877346,128.8474476
경제자유구역청사거리,35.08912533,128.8387994
경제자유구역청사거리,35.08875993,128.8387009
평강농협,35.2133918,128.9471721
대사리3구,35.21612679,128.9436394
(구)국립농산물품질관리원,35.21708395,128.9407366
대사리3구,35.21603013,128.9438818
(구)국립농산물품질관리원,35.21706263,128.9408079
(구)국립농산물품질관리원,35.21678019,128.9405347
대사리3구,35.21585386,128.943303
(구)국립농산물품질관리원,35.21681945,128.9404668
대사리3구,35.21583045,128.9433924
강동동행정복지센터,35.21424998,128.9355759
농협공판장,35.21135223,128.9337743
핏대섬새동네,35.20771374,128.9315715
딴치,35.20357661,128.9290571
신덕복지회관,35.20112021,128.9275965
강동치안센터,35.21621949,128.9367707
성북초등학교,35.15006378,129.0670779
지오플레이스,35.15039138,129.0643478
경남공고,35.1528676,129.0622701
경남공업고등학교,35.15295788,129.0622733
부전도서관,35.15499546,129.0624361
동성고교,35.15175785,129.0682891
동성고등학교,35.15162894,129.0682941
부산진여자중학교,35.15324134,129.0682755
부산은행(전포역),35.15458588,129.0659402
전포1동주민센터,35.15459706,129.0675789
전포고개,35.15584833,129.0683633
(구)대우자동차,35.15767301,129.0667375
전포사거리,35.15660238,129.0650703
(구)NC서면점,35.15788602,129.0630348
(구)NC서면점,35.15789149,129.062925
전포사거리,35.1581946,129.0650668
부산진여자중학교,35.15531042,129.068216
(구)대우자동차,35.15824,129.06819
NC서면점,35.15767124,129.0630806
(구)NC서면점,35.15766551,129.0629357
부전도서관,35.15579376,129.0622394
전포초등학교,35.15999348,129.0624276
전포초등학교,35.15973673,129.0624271
전포초등학교,35.15889322,129.0624295
전포어린이놀이터,35.15974112,129.0669411
전포어린이놀이터,35.15952566,129.0672766
전포초등학교,35.16110858,129.0641093
부전시장,35.16222366,129.0582076
동해선부전역,35.16344296,129.0611246
부전시장입구,35.15942737,129.0575851
국민은행,35.15927102,129.0577025
부전시장,35.16056828,129.0566465
부전시장,35.16169657,129.0561416
부산시민공원,35.16415874,129.0624059
부전역,35.16236539,129.0618335
부산은행,35.16392788,129.0635922
새마을금고,35.16475298,129.062569
양정대원칸타빌,35.17144606,129.0671752
대원칸타빌아파트,35.17168525,129.0671863
현대아파트209동,35.17213766,129.0656687
현대아파트213동,35.17212979,129.0666583
(구)대우자동차,35.15814676,129.0680539
전포동어린이놀이터,35.15956833,129.067345
전포어린이놀이터,35.15956679,129.0675501
부전시장입구,35.15902619,129.0582699
서면부속상가,35.15765496,129.0610211
햇님공원,35.10376907,128.9606274
(구)양정육교,35.17047543,129.0695093
양정역,35.17254604,129.0711211
부산시민공원,35.16588827,129.0613979
범전치안센터,35.16647887,129.0626499
동해선부전역,35.16457052,129.0623605
새마을금고,35.16462272,129.0622804
한신아파트,35.16249608,129.0655907
롯데캐슬,35.16307224,129.0640455
쥬디스태화,35.15473232,129.0593428
부산여자대학교정문,35.16901861,129.071079
성모여자고등학교,35.16839773,129.0705825
동의과학대사거리,35.16801632,129.0701704
양정하이츠아파트,35.16682744,129.069945
동의의료원사거리,35.17174838,129.0742742
양정성당,35.17111353,129.07276
양정성당,35.17128275,129.0726048
부산진여자상업고등학교,35.1706207,129.0720918
동의의료원,35.17020478,129.0764302
부산진여자고등학교,35.17021621,129.0751765
양정자이더샵SK뷰2.3단지,35.17144359,129.0749095
전포고개,35.15185939,129.0715241
전포고개,35.15160248,129.0713786
전포삼거리,35.15318954,129.0719062
부산마케팅고등학교,35.15059335,129.0690121
부산마케팅고등학교,35.15058569,129.06911
전포삼거리,35.1536011,129.0719262
전포아파트,35.15595992,129.0715635
전포아파트,35.1560393,129.0715252
문현현대2차아파트,35.14777291,129.0742136
전포고개,35.15072293,129.0731463
남부산교회,35.15255363,129.0724597
전포삼거리,35.15338153,129.0717045
전포고개,35.15163678,129.0711364
전포고개,35.15172082,129.0711912
전포삼거리,35.15326512,129.0717139
전포아파트,35.15522761,129.0715829
전포아파트,35.15511296,129.0716004
파티마의원,35.15690581,129.0711571
파티마의원,35.15701409,129.0710855
협성아파트,35.15792072,129.0710313
부전시장입구,35.16047655,129.0554962
영광도서,35.1584994,129.0574479
네오스포,35.15306558,129.053985
부암역.부산도시공사,35.15598519,129.0512762
서면역.롯데호텔백화점,35.15785695,129.0557802
롯데호텔백화점.서면역,35.15785765,129.0554305
서면시장,35.15610907,129.0576696
서면복개로,35.15389953,129.0576908
롯데호텔백화점.서면역,35.15707778,129.0579028
진성아파트,35.14884146,129.0264654
벽산아파트,35.14771413,129.0236104
한국신발관,35.1578437,129.0256885
한국신발관,35.1577992,129.0255784
개금3동주민센터,35.15589958,129.0233092
신개금엘지아파트,35.15486249,129.0194834
신개금LG아파트,35.15483779,129.0193584
개금3동주민센터,35.15594582,129.0233789
한국신발관,35.15730198,129.0254802
주택공사,35.15744977,129.0257956
개금3동주민센터,35.15614576,129.0230068
부암역,35.15666741,129.0483454
CBS방송국,35.15275808,129.0495478
연지일동아파트,35.16960657,129.0523903
부암교차로,35.16695211,129.0514901
고려한방병원,35.16670982,129.0516701
부암교차로,35.16680569,129.0501516
부암교차로,35.16696048,129.0501682
부암고가교,35.16794623,129.0497246
부암교차로,35.16805192,129.0498368
부산시설공단,35.17161211,129.0498486
부산시설공단,35.17113082,129.0499595
골목시장,35.15116361,129.024353
가야2동새마을금고,35.15120524,129.0291505
(구)개금1치안센터,35.15049666,129.0211068
가야지구대,35.15290586,129.0298487
개금역,35.15175008,129.0204209
개금변전소,35.15041318,129.0202813
개금역,35.15166814,129.0204127
골목시장,35.15088673,129.02493
(구)개금1치안센터,35.15016556,129.0208646
가야2동새마을금고,35.15097583,129.0294892
당감시장,35.16641447,129.0414151
백양맨션,35.17001755,129.0352652
백양맨션,35.17001591,129.0353997
청수탕,35.1699181,129.034635
용사촌입구,35.17118529,129.0337403
동원초등학교,35.1721579,129.0330759
동원초등학교,35.17233674,129.0329662
용사촌입구,35.1712987,129.0336043
태우선파크APT,35.16739306,129.0328788
당감백산아파트,35.16930592,129.033014
개성고등학교,35.17031162,129.0318279
개포초등학교,35.15866666,129.027252
개원초등학교,35.16540541,129.0287831
도개공103동,35.16361784,129.0248613
도개공112동,35.16268065,129.0258589
동원화인아파트,35.16386003,129.0273528
삼환아파트,35.16243439,129.0236665
우성상가,35.16019146,129.0269181
한진아파트,35.16138191,129.0256444
화인아파트,35.16534092,129.0288186
개원초등학교,35.16549134,129.0280869
도개공103동,35.16366198,129.0250206
도개공115동,35.16287805,129.026278
동원화인아파트,35.16386655,129.0271775
삼환아파트,35.16231095,129.0237013
우성상가,35.16003676,129.0266911
한진아파트,35.16146182,129.025291
국제백양아파트,35.16877011,129.0274837
개원초등학교,35.16618027,129.0288223
국제백양아파트,35.16634479,129.0287151
국제백양아파트앞,35.168703,129.0275281
태을의원,35.1652329,129.0385907
태을의원,35.16523082,129.0385617
개성고등학교입구,35.16504845,129.0342437
당감주유소,35.16505091,129.0343187
진양교차로,35.16232841,129.0466554
진양교차로,35.16191865,129.0484321
당감1치안센터,35.16199136,129.0428052
백병원입구,35.14829828,129.0198773
개금시장,35.14835906,129.0173295
개금시장,35.14836268,129.0172561
백병원입구,35.14829314,129.0196931
부산백병원,35.1465946,129.0199656
성황리마트,35.14733383,129.0201658
부산백병원,35.14634698,129.0196389
신개금엘지아파트,35.15450149,129.0192993
신개금LG아파트,35.15434321,129.0186919
신주례엘지아파트,35.15383443,129.0157336
신주례LG1차아파트106동,35.15382903,129.0156425
개금역.개금초등학교,35.15411755,129.0213317
개금역.개금초등학교,35.1542554,129.0214341
개금역,35.15223776,129.0201777
개금변전소,35.15067204,129.020017
개금역,35.151916,129.0201451
부암초등학교,35.16305905,129.0503443
진양교차로,35.16255012,129.0481453
당감1치안센터,35.16267131,129.0438354
진양교차로,35.16283369,129.0466645
개성고등학교입구,35.16485347,129.0347962
당감주유소,35.16483823,129.0347053
백양로교회앞,35.16437451,129.0313332
백양로교회,35.16444056,129.0314325
포부대,35.13006154,129.0764438
신연초등학교후문,35.12948943,129.0771347
신연초등학교,35.12850135,129.0775688
현대석유,35.13107424,129.0769819
대성주택11동,35.13087327,129.076051
수정사,35.13074663,129.0756675
대성주택,35.13186819,129.0767945
호명사,35.1312667,129.076231
대성주택11동,35.13079627,129.076126
수정사,35.13086662,129.0753872
우성아파트,35.13285671,129.0779094
탑마트,35.13306226,129.078398
대성주택,35.13189676,129.0765377
우성아파트,35.13221106,129.0768532
호명사,35.13145826,129.0761248
청호탕,35.13396283,129.0770724
현대석유,35.13101949,129.0771197
부산공업고등학교사거리,35.1298908,129.0898944
동성하이타운,35.13343817,129.0880271
동원로얄듀크아파트,35.13599592,129.0869592
부산세무고등학교,35.13783288,129.0869323
대우아파트,35.15099801,129.0891152
대우아파트,35.15084528,129.0891861
부산예술대학,35.14183969,129.0866396
부산예술대학,35.1419527,129.0869522
SK뷰아파트104동,35.10466121,129.1184121
해군예비군훈련장,35.10774206,129.1172465
부산해군회관,35.10457796,129.1166453
솔개삼거리,35.11361987,129.0835741
현대1차아파트,35.11289252,129.0823687
현대아파트,35.11136743,129.0824239
감만동,35.11557718,129.0815443
동항초등학교,35.11459627,129.0817438
감만시장,35.11598676,129.0815261
감만동,35.11574454,129.0815006
감만시장,35.11703389,129.0811713
현대오일뱅크,35.11029783,129.0880225
성도맨션,35.11234589,129.0864767
부경대용당캠퍼스,35.11286485,129.0864033
부경대용당캠퍼스,35.11461126,129.0874802
유창그린아파트,35.11501398,129.0871265
해양맨션,35.11310403,129.0849481
유창그린아파트,35.11487804,129.0870879
평화탕,35.11642033,129.0840216
이원아파트,35.11680808,129.0857081
감만시장,35.11628099,129.082729
평화탕,35.1167128,129.0845127
이원맨션,35.1171284,129.0857163
동항중학교,35.11861339,129.0843803
동항중학교아랫골목,35.1178037,129.0848007
한림맨션,35.11946732,129.0849904
동항중학교,35.11882416,129.084117
동항중학교아랫골목,35.11806559,129.0845285
대유그린빌,35.11999029,129.0861221
안전가스상사,35.12066473,129.0864377
한림맨션,35.11972642,129.0850561
대유그린빌라,35.12037496,129.086242
국제아파트,35.12181073,129.086193
자유5차아파트,35.12261896,129.0858519
백운포고개,35.10852072,129.111922
백운포고개,35.1090608,129.1117404
부산성모병원,35.11202105,129.1111283
용호2동주민센터,35.1151221,129.1111589
용호2동주민센터,35.11574831,129.111164
용호사거리,35.11893631,129.1120039
부산성모병원,35.11124981,129.1112362
용호2동주민센터,35.11393361,129.1111505
용호2동시장,35.1156273,129.11116
용호동우체국,35.11752919,129.1115412
용호동사거리,35.11850417,129.1118678
연포초등학교,35.13838185,129.0813595
해연중학교,35.13821791,129.0822605
대연롯데캐슬레전드후문,35.1385604,129.080725
연포초등학교,35.13855302,129.0814881
마마빌라,35.1381253,129.0776831
중앙고등학교,35.13799179,129.0786869
대연롯데캐슬레전드후문,35.13841993,129.0807317
일산아파트,35.13844367,129.0800564
마마빌라,35.1381915,129.077844
중앙고등학교,35.13808799,129.0785395
일산아파트,35.13851035,129.0794014
백운포,35.10453572,129.1125539
백운포,35.10452498,129.1128735
유림아파트,35.26211547,129.0168758
금곡화목아파트,35.2633538,129.0193287
금곡주공1단지,35.26715898,129.0185996
금곡동부산은행,35.26635386,129.0172674
금곡주차장,35.26766853,129.0179787
금곡주차장,35.26770667,129.0178842
금곡주차장,35.26747062,129.017805
금곡주차장,35.26749773,129.0177142
금곡동부산은행,35.26618807,129.0175065
금곡동새마을금고,35.264954,129.0166995
금곡동국민은행,35.26260666,129.0166156
유림아파트,35.26186445,129.0171916
금곡중학교,35.26035522,129.0161897
금곡중학교,35.26047332,129.0161832
금곡동새마을금고,35.2641578,129.016813
금곡동국민은행,35.26294813,129.016342
대사역.대사리2구,35.21851839,128.9365558
대사역.대사리2구,35.21854351,128.9364733
대사리1구,35.21977936,128.932928
대사역.대사리2구,35.21808405,128.9366599
대사리1구,35.21920259,128.9334933
대사역.대사리2구,35.21806583,128.9367286
중덕마을,35.21016422,128.9215621
중덕마을,35.21096474,128.9218442
대사리1구,35.21983546,128.932791
대사리1구,35.21934485,128.9329898
산양마을,35.11256278,128.8699991
성고개,35.1104898,128.8565031
산양마을입구,35.11182584,128.8727291
성고개,35.11030944,128.8573185
산양마을,35.11226334,128.8702185
녹산중학교,35.11711622,128.8895001
성산2구,35.11922401,128.891619
녹명초등학교,35.11362809,128.8857752
성산다리,35.12147109,128.8939735
본녹산녹명초등학교,35.11357137,128.8856965
녹산중학교,35.1170495,128.8894291
성산,35.12140165,128.8939184
성산2구,35.11915964,128.8915679
본녹산,35.11265384,128.8823583
본녹산,35.11265734,128.8824879
순아3구,35.1188289,128.9031424
노적봉능엄사 입구,35.12103734,128.8968354
청량사,35.11620801,128.9198418
금일정유소,35.12098667,128.918265
구들목입구,35.12906833,128.9197
강서예술촌,35.13110193,128.9187107
강서예술촌,35.13116136,128.9186447
찬호반점,35.12481211,128.9183833
사취등,35.115991,128.9150137
사취등,35.11595605,128.9151496
협성휴포레,35.10686587,128.9186014
진목,35.1128515,128.9264021
경일고등학교입구,35.1133906,128.9240097
진목,35.11283727,128.9264965
경일고등학교입구,35.11337326,128.9240858
경일고등학교,35.112305,128.9240017
중리새동네,35.10877465,128.9256445
명지농협,35.11089692,128.9245192
옥포마을,35.11690562,128.8447237
덕두새동네,35.17442552,128.950378
국내선,35.17055766,128.9493273
국내선,35.17077603,128.9494215
국내선청사,35.17071226,128.9496235
김해공항국내선(1층),35.17065227,128.9497674
국제선청사,35.17355056,128.9473035
김해공항국내선(2층),35.17049383,128.9495331
김해공항국제선(2층),35.17342232,128.9473147
렛츠런파크입구,35.15205854,128.8810629
세산입구,35.1480882,128.8775533
녹산주민문화회관,35.14473927,128.8756831
세산사거리,35.14188791,128.8748115
녹산주민문화회관,35.14469554,128.8763438
세산입구,35.14823837,128.8783333
세산사거리,35.14071927,128.8746983
가달,35.13869234,128.8782891
생곡마을,35.13798387,128.8801457
가달,35.13879383,128.8780706
생곡입구,35.13802448,128.88001
세산삼거리,35.14076134,128.8746201
세산사거리,35.14080989,128.8732667
세산사거리,35.14094709,128.8733799
가락농협,35.19446854,128.9030916
가락동행정복지센터,35.19604721,128.9017063
죽림삼거리,35.19259892,128.9035911
해포,35.17208751,128.9001335
통전,35.17936061,128.9013336
해포,35.1702578,128.8991411
삼성자동차동문,35.09442827,128.8866652
사암입바위,35.10149995,128.8681718
삼성자동차출고사무소,35.09813163,128.8652735
화전마을입구,35.09928052,128.8656053
동리,35.10042606,128.927623
진동,35.09823456,128.9269256
동리,35.10141994,128.9279439
진동,35.09812,128.9269105
명지초교.명지중학교,35.1042202,128.9268764
명지국제신도시입구,35.10464743,128.9232456
명지초교.명지중학교,35.10423102,128.9267669
강서구생활문화센터,35.108006,128.926237
중리새동네,35.1087834,128.9258065
명지농협,35.11094456,128.9246407
경일고등학교,35.112145,128.924105
영강,35.10751687,128.9284189
명지새동네,35.10855393,128.9308073
명지새동네,35.10865538,128.9308505
덕두시장,35.17902738,128.9577446
덕두,35.17876008,128.9577895
덕두시장,35.1797359,128.9571847
강서구청,35.2129709,128.9815249
롯데호텔백화점.서면역,35.15634588,129.0578977
"서면,광무교",35.15014631,129.058308
서면유림노르웨이숲,35.15013414,129.0584153
부산진초등학교,35.1507127,129.0570994
부산진초등학교,35.15111489,129.0579426
서면1번가,35.15408195,129.0579148
서면1번가,35.15369314,129.0579026
부산진초등학교,35.15105691,129.057933
서면역,35.15728105,129.0594598
부산진초등학교,35.14963611,129.0557489
경남아파트,35.14397913,129.0558092
신암,35.14855587,129.0539473
CBS방송국,35.15180362,129.050835
부산진구청후문,35.16148564,129.052528
서면역.롯데호텔백화점,35.15737315,129.0566301
부산진경찰서,35.16031613,129.0548003
부산시청.시청역,35.17789728,129.0753886
더샵센트럴스타,35.15226109,129.0605557
양정자이더샵SK뷰2.3단지,35.17151587,129.0747189
양정역6번출구,35.1737427,129.0730445
수정약국,35.16834061,129.0632411
범전치안센터,35.16669266,129.0626918
부산시민공원,35.16605112,129.0613114
수정약국,35.16858529,129.0632311
녹동아파트,35.16751553,129.0638289
박구정학원,35.16761724,129.0649664
녹동아파트,35.16763501,129.0639617
동원아파트,35.16854887,129.0655745
양성초등학교,35.16972434,129.0657661
박구정학원,35.16772451,129.0648522
동원아파트,35.16891618,129.065632
김해쌀집,35.17130949,129.0643959
현대아파트2차후문,35.17187534,129.0637038
김해쌀집,35.17123456,129.0642578
양성초등학교,35.17016091,129.0654929
한신아파트,35.16318233,129.0655781
새마을금고,35.16321425,129.0670322
롯데캐슬스카이,35.16294705,129.0651866
항도중학교,35.16356423,129.064983
적십자회관,35.16243177,129.0634733
한신아파트,35.16333406,129.0658982
새마을금고,35.16337355,129.0672478
경로당,35.16457719,129.0674016
천지탕,35.16362649,129.067687
경로당,35.16446668,129.0672918
천지탕,35.16361706,129.067517
만호빌라,35.15949165,129.0686126
기와집,35.15913457,129.0693491
영화약국,35.16027679,129.0689623
파티마의원,35.15648131,129.0711163
파티마의원,35.15639767,129.0711445
협성아파트,35.15781637,129.0707143
전홍빌라,35.1587715,129.0710947
대동아파트,35.16046584,129.0707323
양정사진관,35.16922764,129.0699577
동의과학대학교,35.16623453,129.0719819
동의고등학교,35.16663735,129.0711168
성모여자고등학교,35.16797786,129.0705522
동의고등학교,35.16675124,129.071273
동의과학대학교,35.16637546,129.0720478
동의의료원,35.17036256,129.0763366
양정역,35.17272658,129.0714733
동평유치원,35.16817912,129.0408174
부암3동주민센터,35.16871853,129.0393648
협성피닉스,35.17014307,129.0386879
부암3동주민센터,35.16866514,129.0395628
진성아파트,35.14871059,129.0266878
벽산아파트,35.14736799,129.023516
기점,35.17104174,129.0317615
개성고등학교,35.17023349,129.0315471
당감백산아파트,35.16908607,129.0329367
기점,35.17095543,129.0316037
만덕터널입구,35.21183353,129.0573294
개별화물협회,35.21498508,129.0650106
온천장역.CGV동래,35.22200701,129.0853726
온천장역.SK허브스카이,35.22176173,129.0848877
식물원입구,35.22420669,129.0823043
온천시장(목욕타운),35.22335133,129.0834424
온천입구,35.21676543,129.0851393
온천입구,35.21624715,129.0843777
동래구노인복지관,35.21361278,129.0830369
동래구노인복지관,35.21335445,129.0829778
온천장입구,35.2168293,129.0861885
온천장역.SK허브스카이,35.22109137,129.0850024
동래한전,35.19644394,129.1058968
부산원동역,35.19437106,129.1121171
뜨란채아파트,35.19405762,129.1084318
우성아파트,35.20556395,129.0864416
복산동주민센터,35.20629181,129.0855667
복산동주민센터,35.20582203,129.0860018
"현대아파트, 명륜아이파크",35.20666541,129.0852102
무량사,35.20678494,129.089779
우성아파트,35.20573282,129.086948
롯데백화점동래점.명륜역,35.21336811,129.0791299
명륜역,35.21272455,129.0795593
롯데백화점동래점.명륜역,35.21276314,129.0781263
롯데백화점동래점,35.21240501,129.0783662
온천장,35.21754552,129.0842659
태우선파크APT,35.16736139,129.0331259
부암새고개,35.16585731,129.0451432
동원아파트,35.16632465,129.0483862
부암동원맨션,35.1668114,129.0489252
부암고개,35.16579998,129.045536
당감시장,35.16604343,129.0412438
당감사거리,35.16567959,129.0396643
당감사거리,35.1657135,129.0398041
당감시장,35.16606495,129.0413523
당감시장,35.16625792,129.041732
동평유치원,35.1678289,129.0412324
당감동일스위트,35.16915763,129.0267989
부산국제중고등학교,35.16924886,129.0267392
백양터널,35.17141529,129.0247198
반도아파트,35.14960579,129.0327949
동의대역1번출구,35.15391302,129.033189
동의대역,35.15389031,129.033039
동의대역,35.15318789,129.0320547
부산진구생활문화센터,35.16770022,129.0366563
청수탕,35.1699401,129.0351193
부산시민공원,35.17062662,129.0561944
연지일동아파트,35.16996051,129.0521212
래미안어반파크,35.17387771,129.0550132
국립부산국악원,35.17142774,129.0552429
부암고가교,35.16767778,129.0498598
부암교차로,35.16780765,129.0499964
동원아파트.협성휴포레,35.16649702,129.0481342
부암새고개,35.1660568,129.0457498
부암동원맨션,35.16713885,129.0488538
미주아파트,35.16627043,129.0441001
부암고개,35.16606094,129.0456435
수정터널,35.14948102,129.0338061
가야여중,35.14782325,129.0346958
가야여자중학교,35.14775567,129.034614
동의대학교도서관,35.14111621,129.0338861
동의대학교본관,35.14009601,129.0337329
동의대학교입구,35.1473446,129.0335799
동의대학교자연대학,35.14350754,129.0342128
가야고교,35.14776026,129.0309206
CBS방송국,35.15220569,129.0497032
범천건강문화센터,35.15086758,129.0482955
선암초등학교,35.14971592,129.0496168
약수터입구,35.14765801,129.050241
범천건강문화센터,35.15105211,129.0484023
선암초등학교,35.14981091,129.0498351
가야고교,35.14768081,129.0313005
동의대학교입구,35.14783297,129.0328871
가야공원입구,35.14776359,129.0292224
당평초등학교,35.15973685,129.0349275
당감3동우체국,35.15956988,129.0330075
당감사거리,35.16548046,129.0399805
당감시장,35.16577535,129.0412903
당감사거리,35.16545991,129.0398834
당감시장,35.16580991,129.0414603
당감초등학교,35.16380923,129.0394095
당감4동,35.16542193,129.0379075
태을의원,35.1654827,129.0385282
부암삼성래미안,35.16697577,129.0389741
백양가족공원,35.17216055,129.0290276
선암사입구,35.17345899,129.0307956
선암사입구,35.17353815,129.0309163
주공사거리,35.17226961,129.0291781
백양뜨란채아파트,35.17127563,129.0291688
당감4동우체국,35.17176924,129.0271088
당감주공3단지상가,35.17172885,129.027299
당감4동우체국,35.17156447,129.0270949
당감주공3단지상가,35.1714895,129.0273314
국제프라자아파트,35.16763288,129.0275409
국제프라자아파트,35.16783575,129.0274337
한국과학영재학교,35.16623548,129.0282737
백양뜨란채아파트,35.17140991,129.0293824
부산시민공원남문,35.16560745,129.0584632
부산진중학교,35.16442697,129.0554597
부암역.당감입구,35.15898859,129.050072
부산글로벌빌리지,35.15735577,129.0521472
부암역.당감입구,35.15854838,129.0506823
당감초등학교,35.16346526,129.0397679
당평초등학교,35.16089864,129.0363054
가야지구대,35.15167107,129.0296964
신암,35.14842944,129.0536973
약수터입구,35.14762562,129.0504651
서호정사,35.14543853,129.0509515
호천마을입구,35.14431211,129.0501724
안창삼거리,35.14452737,129.048135
가야여중,35.14801277,129.034588
동의대학교입구,35.14810226,129.0328991
가야여자중학교,35.1479466,129.0345145
당감주공아파트,35.17141359,129.0247247
당감동,35.16848148,129.0359247
당감동,35.16866185,129.0357626
주례여자고등학교,35.14782982,129.0164061
개금현대아파트,35.14733639,129.0164767
개금시영아파트,35.1461199,129.0163666
금곡화목아파트,35.26320957,129.0188413
북부경찰서,35.23002228,129.0101449
대림쌍용아파트,35.22506834,129.0079714
현대아파트,35.22727491,129.0093241
대림아파트,35.23147579,129.0133968
대림아파트,35.23235384,129.0135663
화명롯데캐슬아파트,35.22921266,129.0128062
북부경찰서,35.22794653,129.0117354
북부경찰서,35.2280877,129.0118369
수정역,35.22279819,129.0091711
수정역,35.22287942,129.0092223
수정강변타운후문,35.2203383,129.0075553
구룡사,35.21581111,129.0045776
성훈강변아파트,35.21878402,129.0059324
구룡사,35.21616837,129.0046583
롯데캐슬카이저남문,35.21874668,129.0086768
화신중학교.화명역,35.23737688,129.0141606
화신중학교,35.23647243,129.0140931
화명역.화신중,35.23682129,129.0141256
금곡동행정복지센터,35.25013834,129.0126867
금곡동행정복지센터,35.25029074,129.0127548
금곡주공5단지,35.24929336,129.0139436
금곡동행정복지센터,35.250444,129.0125924
금곡동행정복지센터,35.2504827,129.0126973
율리역,35.24690784,129.0127077
율리역,35.24711473,129.012721
화명정수장입구,35.23431941,129.015278
화명현대아파트,35.23413641,129.0174896
와석,35.23405618,129.0134752
롯데마트,35.23488352,129.0131935
롯데마트,35.23465373,129.0123805
와석,35.23398718,129.0138506
와석,35.23407993,129.0138752
대림아파트,35.23168829,129.013041
와석,35.23356875,129.0133995
대림아파트,35.23286189,129.0132481
코오롱하늘채아파트,35.23373313,129.0104777
경부선화명역.고용복지센터,35.23527839,129.0097925
코오롱하늘채아파트,35.23368473,129.0107994
북부경찰서,35.23087721,129.0099823
만덕삼성아파트.만덕역,35.21177247,129.0369501
만덕2동행정복지센터,35.21005828,129.037611
만덕2동주민센터,35.21035102,129.0377553
만덕삼성아파트,35.21181077,129.0367061
만덕교차로,35.21332919,129.0397172
만덕역.만덕사거리,35.2126516,129.038316
만덕역,35.21252437,129.0362397
만덕성당,35.21303739,129.0302645
굿모닝힐304동,35.20809764,129.0344505
백양디이스트101동,35.2056502,129.0339612
굿모닝힐상가,35.20796632,129.0339531
백양초등학교,35.20680366,129.0339625
숙등역.부민병원,35.21189322,129.0102791
구포역,35.20520878,128.9958289
구포역,35.20624671,128.9966906
구포역,35.20550557,128.9960562
구포역,35.20662053,128.9971096
동원로얄듀크비스타,35.20817094,128.9986413
구포역,35.2061745,128.9961549
구포역,35.20665398,128.9966404
석불사입구,35.21494876,129.0442215
만덕교차로.만덕역,35.21308893,129.0372344
만덕성당,35.2129517,129.0324048
남산정역,35.21343146,129.022722
남산정역4번출구,35.21343567,129.0228456
남산정역,35.21315496,129.0228632
남정산역5번출구,35.21315728,129.0229294
삼정그린코아아파트,35.21337331,129.0205191
메가마트,35.21355754,129.0218251
구포전화국,35.21330596,129.0181803
숙등역,35.21218955,129.013007
구포전화국,35.21331938,129.0182938
덕천1동주민센터,35.21289394,129.0158206
부민병원.덕천교회,35.21174649,129.0112481
숙등역4번출구,35.21228582,129.0134171
숙등역,35.21193875,129.0132188
구포전화국,35.21302104,129.018153
구포전화국,35.21302037,129.0182536
덕천1동주민센터,35.21250716,129.0155316
숙등역1번출구,35.21222218,129.0143227
숙등역5번출구,35.21166993,129.012205
덕천주공입구,35.20937203,129.0111849
덕천주공입구,35.20945754,129.0111487
덕천역,35.21093546,129.0080248
덕천역,35.2109746,129.0081945
숙등역.부민병원,35.21195572,129.0105266
덕천역,35.21040944,129.007139
덕천역,35.21048727,129.0074982
부민병원.덕천교회,35.2111848,129.0102028
벽산아파트,35.24431078,129.0128814
벽산아파트,35.24443425,129.0128421
율리역,35.24686103,129.0130856
율리역,35.24703146,129.0130912
덕천교차로,35.21198383,129.0047718
덕천교차로,35.21190307,129.0047977
만덕동일아파트입구,35.21416068,129.0257139
덕계,35.19181309,128.9231407
신덕신천마을,35.19545855,128.9247668
득천사거리,35.18850883,128.9210577
현대슈퍼,35.18177096,128.9187201
상곡정미소,35.17695545,128.9165123
득천,35.18466442,128.919814
덕도초등학교,35.19259299,128.9165178
덕포마을,35.191881,128.909117
낙동중학교,35.21526794,128.9648225
중리입구,35.21456662,128.9559221
강서복지회관.우편집중국,35.21503108,128.9591852
강서우편집중국,35.215115,128.959128
중리입구,35.214579,128.955812
대저역,35.21283185,128.9608992
체육공원역,35.21209685,128.9682172
대저역,35.21290451,128.9604786
강서체육공원역,35.21194844,128.9697355
부산교도소,35.21400323,128.9528867
평강역,35.21429207,128.9500477
평강,35.21420912,128.9505033
부산교도소,35.2139602,128.9531471
낙동중학교,35.21510104,128.9645535
수로다리,35.21482478,128.9695505
수로다리,35.214902,128.969682
중리입구,35.21481728,128.9561721
강서복지회관.우편집중국,35.21519559,128.9584865
시만,35.21462289,128.9141833
식만,35.21030265,128.9104655
용등,35.20148725,128.9024624
시만교,35.21667826,128.9164443
식만교,35.21296735,128.9120471
가락농협,35.19436863,128.9028931
가락파출소,35.1951278,128.9023294
죽림삼거리,35.19234256,128.9033899
가락동주민센터,35.19630013,128.9008781
동방마을,35.17369072,128.9596432
금호마을,35.16373477,128.9585565
금호마을,35.16276943,128.9582115
동방,35.17324057,128.9595953
동방마을,35.17338393,128.9601136
금호마을,35.16307321,128.9588898
동방,35.17319766,128.9602677
금호마을,35.16274204,128.9587881
삼성자동차동문,35.09437589,128.8871355
대저역,35.21312702,128.9613653
강서체육공원역,35.21237475,128.9688071
신덕삼거리,35.20339849,128.9732156
신덕삼거리,35.20474052,128.9746438
강서체육공원,35.20742443,128.9745609
강서체육공원복지회관,35.20764275,128.9744993
신덕삼거리,35.20505514,128.9746468
진목,35.11316336,128.9265704
경일고등학교입구,35.11366552,128.9241591
진목,35.11312805,128.9267219
경일고등학교입구,35.11364322,128.9242359
노적봉능엄사 입구,35.12081309,128.8966057
구랑,35.12917521,128.8584842
구랑,35.12899705,128.8583191
강서브라이트센터,35.18126412,128.9565596
강서브라이트센터,35.18123635,128.956628
강서브라이트센터,35.1808055,128.9569478
강서브라이트센터,35.18084985,128.9568438
마음,35.13507278,128.8649162
중곡,35.13826818,128.8706043
마음,35.13470626,128.8640328
중곡,35.13813579,128.8704356
공항파출소,35.18094603,128.9534541
가리새마을,35.13424428,128.8970209
성산,35.12435683,128.8966128
장락새동네,35.13612886,128.890491
장락포,35.13422801,128.8971128
보감사,35.12650611,128.8987667
생곡삼거리,35.13669415,128.8857958
성산,35.12422291,128.8964619
장락,35.1351208,128.8937723
생곡삼거리,35.13663055,128.8851263
생곡,35.13245178,128.8800223
용적사입구,35.13717075,128.8849093
신덕삼거리,35.20310796,128.9735558
신덕마을,35.20009891,128.9684981
등구마을,35.19360701,128.9626473
신덕마을,35.20000753,128.9684086
신덕마을,35.20009686,128.9693697
등구마을,35.19373579,128.9633505
신덕마을,35.20029354,128.9695113
등구마을,35.19346634,128.9625123
등구마을,35.19360854,128.963309
조만포,35.16373085,128.8901069
둔치도,35.16319924,128.892837
조만포,35.16243445,128.8890582
둔치도입구,35.16418984,128.8934581
조만포,35.16351827,128.8898977
가동마을입구,35.16531383,128.8850531
가동마을,35.16699307,128.8821533
강서구청역,35.21085717,128.9805811
명륜역,35.2135839,129.0796477
(구)수정약국,35.1988756,129.1119127
안락2동수협,35.19861597,129.1105397
충렬초등학교,35.20009625,129.1125942
안락SK2차아파트,35.19905032,129.1134621
센텀SK뷰아파트,35.20256569,129.116694
안락SK현대아파트,35.19896009,129.1132697
동래경찰서,35.20051,129.085055
동래구보훈회관,35.19509063,129.0874013
삼성가든아파트,35.19784617,129.0856024
새동래3차아파트,35.19660326,129.0864182
세병교,35.19756692,129.083532
동래경찰서.수안역,35.20081505,129.08433
동래경찰서,35.20090479,129.0842933
충렬사역.서원시장,35.20063871,129.0982486
낙민역.동래고등학교,35.19956657,129.092211
동래시장정문,35.20291119,129.0855679
동래구청,35.20457361,129.0845647
서원시장,35.20078703,129.0986346
충렬사후문,35.20122125,129.0978656
119안전체험관,35.21708796,129.0736273
금강공원,35.21900222,129.0765601
온천119안전센터,35.22288424,129.0772818
해양자연사박물관,35.22038146,129.0766736
우장춘기념관,35.21313972,129.0714989
화신아파트,35.19878064,129.0758294
부전교회,35.20024838,129.0780187
부전교회,35.20009308,129.0780422
부전교회,35.19982102,129.0777002
조양아파트,35.2062049,129.1008845
국제파크아파트,35.2053378,129.0998899
조양아파트,35.20604368,129.1004284
코끼리유치원,35.20688718,129.0933072
학산여자고등학교,35.20712357,129.0952605
명장초등학교,35.20741166,129.097608
코끼리유치원,35.20765725,129.0937876
학산여자고등학교,35.20738313,129.0953068
"명륜초등학교, 동래향교",35.2073672,129.082996
명륜교차로.명륜자이아파트,35.20813349,129.0818313
동래전화국,35.20414434,129.0826235
동래전화국,35.20389638,129.0827366
동래전화국,35.20406898,129.0826559
동래경찰서,35.19996262,129.0843166
동래경찰서,35.20083929,129.0840151
메가마트동래점정문,35.20336793,129.0809244
동래전화국,35.20433537,129.08277
명륜역.동래중학교,35.2101351,129.0798967
동래중학교,35.21032614,129.0797444
동래보건소,35.2109557,129.0790618
동래중학교,35.21033876,129.078855
중앙여자고등학교,35.20802945,129.0787298
동래역2번출구,35.20542252,129.0787302
동래역4번출구,35.20649534,129.0787319
동래보건소,35.21074397,129.0791344
동래중학교,35.21033508,129.0790103
동래역.내성교차로,35.20449126,129.078474
동래역.내성교차로,35.20462794,129.0784941
동래역환승센터,35.20452342,129.0783801
동래역4번출구,35.20549107,129.0789089
중앙여자고등학교,35.20772345,129.0789
달북초등학교,35.2025048,129.0603176
사직초등학교앞교차로,35.20101591,129.0565999
사직고등학교,35.20170536,129.0594544
사직2동주민센터,35.20023879,129.0571422
삼익아파트,35.19965706,129.0588327
사직2동주민센터,35.20019667,129.0572219
삼익아파트후문,35.19962666,129.0589128
동인고등학교,35.19794773,129.0531467
사직초등학교,35.20051679,129.0552907
사직여고,35.19661692,129.053573
원광사,35.19478345,129.0541156
사직여중,35.19481021,129.0568011
사직중학교,35.19885555,129.0533687
사직초등학교,35.20060774,129.0554316
삼정그린코아아파트,35.1980302,129.0531398
사직119안전센터,35.19465364,129.0585851
아시아드주경기장,35.19215818,129.0593372
사직119안전센터,35.19448843,129.0586392
아시아드주경기장,35.1922295,129.0593113
사직여중,35.19497738,129.0563744
사직여고,35.19724202,129.0536218
사직중학교,35.19942917,129.0543104
사직초등학교,35.2005879,129.0558273
동래구노인복지관,35.21349471,129.0832842
동래구노인복지관,35.21434792,129.0834452
온천입구,35.21645517,129.0851959
동래우체국,35.20942119,129.0822277
동래우체국,35.209816,129.0822965
동래우체국,35.20990077,129.0823163
명륜아이파크1차정문,35.21018222,129.0835038
명장정수사업소,35.20807094,129.1033459
동남아파트,35.21053449,129.1019561
명장2동치안센터,35.21192218,129.1004538
성지아파트,35.21299988,129.1001424
온천장,35.21828732,129.083442
개금시영아파트,35.14588673,129.0165693
개금아파트,35.14438464,129.0161411
동남여객차고지,35.14428114,129.0161183
가남시장,35.14963416,129.0343968
가남시장,35.14970152,129.0343892
가남시장,35.14961308,129.0345923
가남시장,35.14968188,129.0345888
주례여자고등학교,35.14547699,129.0142234
주례여자고등학교,35.1454851,129.0144336
동서대입구,35.14450531,129.0145604
동서대학교,35.14458696,129.0118168
협성프라자,35.17130028,129.0377839
협성피닉스타운,35.17203535,129.0378825
우미식당,35.15832325,129.0233011
개금반도보라아파트,35.15939639,129.0232564
덕인빌라,35.15884496,129.0249765
부산학생교육문화회관,35.18374792,129.0473938
부산학생교육문화회관,35.18365511,129.0473542
대림아파트,35.18514447,129.0480737
부산학생교육문화회관,35.18361127,129.0475695
어린이대공원,35.18266916,129.0471002
개금역.개금초등학교,35.15424353,129.0209204
개금역.개금초등학교,35.15405154,129.0207559
개금삼거리,35.15344432,129.0250646
개금역2번출구,35.15349984,129.0215413
개금아파트,35.14440665,129.0162919
동남여객차고지,35.14426131,129.0162707
당리역,35.10379269,128.9735569
구평고물상,35.07358132,128.9841161
동원로얄아파트입구,35.08130429,128.9649626
풍조식품,35.08118192,128.9601864
동원로얄듀크아파트,35.07917127,128.9648301
동원로얄아파트,35.07880367,128.9646751
동원로얄아파트,35.07890911,128.9650857
동원로얄듀크101동앞,35.07826723,128.9646897
임석삼거리,35.28826244,129.1093791
농협,35.29619835,129.111886
임석,35.28762277,129.1090876
수반,35.29133483,129.1111345
다움병원,35.29435082,129.1115888
중리,35.29613199,129.1119476
회동석대산단,35.23226714,129.1271355
건설안전시험사업소,35.23234521,129.1243589
회동석대산단,35.23215538,129.1273413
회동동,35.23043841,129.1239863
금단마을,35.25157915,129.0992452
브니엘고등학교,35.25680744,129.102003
금단마을,35.25282824,129.1002895
브니엘고등학교,35.25807421,129.1024834
브니엘고등학교,35.25673375,129.1022446
금단마을,35.25150156,129.0995618
브니엘고등학교,35.257066,129.1023523
금단마을,35.25212293,129.100015
동래초등학교,35.24769002,129.0969477
태평양아파트,35.24862079,129.0974689
동래초등학교,35.24788494,129.0971397
지장암,35.28140382,129.078549
경동아파트,35.28150242,129.0866629
범어사매표소,35.28329915,129.0727979
범어사주차장,35.28219622,129.0725808
상마마을.범어사박물관,35.27930148,129.0735527
하마마을,35.27936343,129.0766986
어린이놀이터,35.27542431,129.0875146
남산동.요산문학관,35.2722434,129.0850147
한아름빌라,35.27516903,129.0849365
금샘초등학교,35.26940599,129.0850768
성불사입구,35.27981159,129.0897674
범어사입구사거리,35.27635295,129.089872
수원지마을,35.24894642,129.1046873
수원지마을,35.24908617,129.1044093
분도농원,35.24815578,129.1072227
주말농장,35.24764411,129.1078851
금성동주민센터,35.24994735,129.0566463
산성공해마을3동,35.24571367,129.0556417
금성동주민센터,35.25029745,129.056503
본동집,35.25058491,129.0561344
금성동주민센터,35.25016589,129.0564392
본동집,35.25048751,129.0560331
죽전마을,35.251236,129.0545076
서울슈퍼,35.25102391,129.0553573
마을회관,35.25112589,129.0549405
금정체육공원정문,35.29148129,129.1024596
금정체육공원,35.29177276,129.1024563
테니스장입구,35.29431466,129.1077215
함몰마을,35.29405657,129.1076648
금정체육공원,35.29110709,129.102375
침례병원.남산역,35.26592441,129.0924169
남산역,35.26528041,129.0922591
경륜장남문,35.28862865,129.1051194
남산프라자,35.26271846,129.092054
두실역,35.25839628,129.0912009
남산동새벽시장,35.26918941,129.0889574
남산고등학교입구,35.26772715,129.0889785
남산동농협,35.27247343,129.0891313
범어사역,35.27169256,129.0928292
범어사역,35.27229924,129.0928321
범어사역,35.27407542,129.0924562
노포삼거리,35.2785394,129.0933132
서금지구대.금사역,35.21623368,129.1160064
기장경찰서,35.25514249,129.2236122
기장경찰서,35.25579655,129.2240368
기장체육관,35.25237587,129.2219065
기장체육관,35.24967866,129.2206148
기장군청,35.24470414,129.2206951
죽성사거리,35.24136154,129.220205
죽성사거리,35.24222312,129.2206565
기장군청,35.24459152,129.2210613
기장체육관,35.24963781,129.2209833
죽성사거리,35.24177551,129.2208507
죽성사거리,35.23990313,129.2201264
기장성당,35.24126155,129.2182219
일광해수욕장입구,35.26248958,129.2317556
동해선일광역,35.26567687,129.2335729
구.일광역,35.26482921,129.2334002
동해선일광역,35.26560116,129.2335545
일광해수욕장입구,35.26252815,129.2318287
부산예빛학교,35.27937802,129.2321915
부산예빛학교,35.27949402,129.2322068
기장초등학교,35.24390752,129.2137757
기장농협,35.24299102,129.2152029
기장시장.농협,35.24298648,129.2152904
기장전화국,35.24209812,129.2133557
교리초교,35.25403738,129.2170944
교리초등학교,35.25436839,129.2163696
교리초등학교,35.25414994,129.2165102
기장교리아파트,35.25322148,129.214118
교리초등학교,35.25416625,129.2154621
교리,35.2526978,129.2157041
기장시장,35.2450088,129.2154572
대진로얄타운,35.24751812,129.2139353
기장2주공,35.23432074,129.2186783
대변고개,35.23031059,129.2214198
대곡마을,35.26671526,129.1505833
횡계,35.27393743,129.2304001
횡계,35.27400334,129.2304103
삼덕입구,35.27104489,129.2311728
부전아파트,35.26867836,129.233904
삼덕입구,35.27098869,129.2312163
동해선일광역입구,35.26679385,129.2336162
월내시장,35.3266042,129.2769443
동해선월내역.월내시장,35.32656915,129.2768847
봉수대입구,35.33493823,129.292422
후동입구,35.26080667,129.2279241
후동입구,35.26085373,129.2280093
후동입구,35.26008338,129.2261774
후동입구,35.26018256,129.2262754
기장농협,35.2531486,129.2172561
우정공원,35.25290325,129.2170519
오신,35.20774068,129.2088725
고리스포츠문화센터,35.3303086,129.2861336
대라아파트,35.23776995,129.2121024
공수.양경마을,35.18378945,129.2104474
공수.당사마을,35.18669507,129.2116863
공수,35.18394502,129.2105406
당사.양경마을,35.18648032,129.2116027
용소삼거리,35.34105155,129.2505714
장안초등학교,35.34648749,129.2544341
용소삼거리,35.3413088,129.2507325
장안초등학교,35.34662624,129.254306
월내초등학교,35.3296245,129.282502
월내초등학교,35.3295913,129.2824306
좌천초등학교,35.31075318,129.2414783
좌천초등학교,35.31067204,129.2413557
좌동리교차로,35.31777373,129.2421558
장안제일고등학교,35.31471326,129.2430718
장안제일고등학교,35.31478636,129.2430269
좌동리교차로,35.31771948,129.2421653
좌동리교차로,35.31752341,129.2420184
좌동삼거리,35.31758375,129.2419406
횡계,35.27403342,129.2301307
횡계,35.27396656,129.230126
대진로얄타운,35.24757238,129.2136787
기장성당,35.24116697,129.2177988
기장성당,35.24129841,129.2181314
이진아파트,35.25024605,129.208668
기장초등학교,35.24387953,129.213485
청강사거리,35.23665964,129.2185132
기장2주공,35.23494286,129.2169601
청강사거리,35.23640142,129.2175631
대라리사거리,35.23869859,129.2134897
대라리사거리,35.23859796,129.2134873
대라아파트,35.23798161,129.2121082
기장2주공,35.23475431,129.2173606
무양,35.22748235,129.2258882
대변고개,35.23045548,129.2216513
기장2주공,35.23427393,129.2190714
무양,35.22787595,129.2253379
대변,35.22494196,129.2281815
월평교차로,35.3583856,129.1409697
임곡,35.35172064,129.1352484
임곡,35.35164037,129.1355598
개곡마을,35.34627635,129.1272027
철마면행정복지센터,35.27398447,129.1499833
기장도서관,35.25016098,129.2169924
세영리첼아파트,35.17711446,128.8048405
화촌윗마을,35.17662701,128.806103
주공율곡마을,35.17456082,128.8062658
율하푸르지오3단지,35.17407123,128.8082745
율하푸르지오4단지,35.1753701,128.8118156
한국2차아파트,35.22999082,128.8646837
한신아파트,35.23195139,128.8526248
중앙병원,35.23108398,128.8568885
사직여자중학교,35.19510862,129.054278
삼정그린코아아파트,35.19735427,129.0535947
사직중학교,35.19866153,129.0534956
사직중학교,35.19937301,129.0542359
사직초등학교,35.20051472,129.055702
사직여자고등학교,35.19700278,129.0534448
사직여자중학교,35.19505762,129.0540232
조달청비축기지,35.09833942,128.8831916
가동마을,35.33107471,129.179568
정관양우내안에,35.32945472,129.1790819
정관농협기업지점,35.32097153,129.1784117
정관읍행정복지센터.기장소방서,35.32441994,129.1808187
감천2동,35.09083591,129.0066065
감천사거리,35.08808644,129.005094
수협,35.08917322,129.0053923
감천2동삼거리,35.09282872,129.0090255
감천2동새마을금고,35.09189243,129.0083461
감천2치안센터,35.09425179,129.0101845
다대문화체육센터,35.04929715,128.9617051
다대포해수욕장역,35.04859177,128.9640827
다대문화체육센터,35.05026117,128.9600487
부산대청중학교,35.2338748,129.2132157
서부산유통지구역,35.16677113,128.954476
서부산유통지구역,35.16670286,128.9545183
서부산유통지구역,35.16795021,128.9567979
신항국제물류,35.08438468,128.8020878
신항서문입구,35.08289042,128.8016657
수산가공선진화단지,35.05465598,129.0119559
수산가공선진화단지입구,35.05701535,129.0126056
서부산유통1단지,35.16816591,128.9565562
동해선신해운대역,35.18133587,129.1777454
동해선신해운대역,35.1812576,129.1777131
극동스타클래스,35.08210749,128.9010283
한신휴플러스,35.08210891,128.9009379
엘크루블루오션,35.08186503,128.905852
엘클루블루오션,35.08188125,128.9062525
지양곡,35.02286312,128.821371
지양곡,35.02275857,128.8214317
천성IC 동중,35.03020362,128.8216681
대금,34.96740293,128.7029967
흥남,34.96014883,128.7119
흥남,34.96024127,128.7120552
외포,34.94253851,128.7163606
소계,34.93773081,128.7124955
소계,34.93775079,128.7126765
외포,34.94243265,128.7165171
덕포,34.91287719,128.7081224
덕포,34.91263154,128.7082868
대금,34.96732849,128.7028419
석호가람휘,35.39639818,129.1640611
명곡마을,35.39615576,129.1686575
석호가람휘,35.39629854,129.1638384
양산롯데캐슬,35.39454716,129.1593621
양산롯데캐슬,35.39467969,129.1597618
명곡마을,35.3963595,129.1686024
동부산관광단지,35.19179777,129.2153776
롯데몰,35.19438521,129.2130932
롯데아울렛,35.19112859,129.2148901
동부산아울렛,35.19267789,129.2146797
오시리아역.국립부산과학관입구,35.19667999,129.2098127
용궁사입구,35.19397252,129.220253
동부산관광단지,35.19153081,129.2160537
롯데몰,35.19467159,129.2122172
신호초등학교사거리,35.08371616,128.8776066
신호초등학교사거리,35.08381069,128.8776142
신호초등학교사거리,35.08370308,128.8772883
신호초등학교사거리,35.08377344,128.8772832
부산신항만컨테이너터미널,35.06406543,128.8180195
동일스위트3차정문,35.335666,129.1667866
솔마루공원,35.33444075,129.1652443
모전마을,35.33702922,129.1637555
LH7단지,35.33869393,129.1670269
우성전기,35.14609549,128.8612286
다대포해수욕장,35.04837704,128.9657953
미포.문탠로드입구,35.16141435,129.1725833
부네치아 장림항,35.07913371,128.9513552
부산현대미술관,35.10874723,128.9423555
석당박물관,35.10482984,129.0199134
송도해수욕장,35.07658895,129.0222233
송도해수욕장,35.07673775,129.0224873
송정해수욕장,35.18137935,129.1996407
아난티코브,35.19918416,129.2240095
아미산전망대,35.05227855,128.9608257
암남공원,35.06282796,129.0189765
영도대교,35.09727996,129.0356839
영도해녀촌,35.06888006,129.0646883
오시리아역,35.19654709,129.2094413
오시리아테마파크,35.19388418,129.2196661
용두산공원,35.10271536,129.0323841
용호만유람선터미널,35.13292046,129.114258
자갈치BIFF광장,35.09727127,129.0270625
하늘전망대,35.07211288,129.0547509
해동용궁사,35.19391155,129.2201388
해운대해수욕장,35.15950688,129.1610877
흰여울 문화마을,35.07989993,129.0435013
서면역.롯데호텔백화점,35.15776525,129.0566948
부산진우체국(가야1치안센터),35.15493781,129.0368344
부산진우체국(가야1치안센터),35.15448893,129.035929
서면역.롯데호텔백화점,35.15748116,129.0561774
가야역,35.15613942,129.0436072
가야역,35.15568011,129.0427892
개금삼거리.개금골목시장,35.15302633,129.026149
개금역,35.15336101,129.0239189
개금역,35.15307205,129.0228748
냉정고개,35.15209401,129.0169475
냉정고개,35.15151743,129.0163956
냉정역.동서대경남정보대,35.15154938,129.0139331
냉정역.동서대경남정보대,35.15116989,129.0129088
동의대역,35.15395182,129.0311535
동의대역,35.15358893,129.0307604
부암역,35.15722515,129.0489508
부암역,35.1567741,129.0484457
좋은삼선병원,35.15114088,129.0089581
좋은삼선병원,35.15075898,129.0080764
주례역,35.1508122,129.0048629
주례역,35.15041309,129.0039314
주례교차로,35.15032628,128.9990961
냉정고개,35.15205916,129.0168753
냉정고개,35.15154309,129.0164785
냉정역.동서대경남정보대,35.15117295,129.0129967
냉정역.동서대경남정보대,35.15154635,129.0138453
좋은삼선병원,35.15076681,129.0081479
좋은삼선병원,35.15113323,129.0088756
주례역,35.15042074,129.0040139
주례역,35.15080007,129.0047803
개금삼거리.개금골목시장,35.15302789,129.0260557
개금역,35.1530704,129.0229735
개금역,35.15335815,129.0238201
동의대역,35.15393086,129.0310597
반여4동새마을금고,35.20897126,129.117837
반여4동새마을금고,35.20870263,129.1187688
반여4동행정복지센터,35.20905599,129.1171145
삼어초등학교,35.2084688,129.116424
센텀강변현대아파트,35.20875088,129.1196155
센텀트루엘아파트103동,35.20730315,129.1184085
센텀트루엘아파트203동,35.2075854,129.1169556
국제화물청사,35.17821998,128.950464
괴정초등학교 대티역,35.10303164,128.9992835
괴정한신더휴101동,35.10798626,128.9987137
괴정한신더휴상가,35.10631371,128.9987661
괴정한신더휴상가,35.10586952,128.998651
대티역 1번출구,35.1032859,128.999849
동매역6번출구,35.08992753,128.9723866
부산보건대건청관,35.1059205,128.9969251
부산보건대석파문화관,35.1050134,128.9964643
부산보건대체육관,35.10298782,128.9963382
부산보건대학생회관,35.10366276,128.9974896
사하뷰웰아파트,35.09449426,128.9711425
신평초등학교,35.09312104,128.9727377
신평초등학교,35.09298346,128.9726083
참누리아파트입구,35.10442479,129.0012805
광안역3번출구,35.15764525,129.1132601
광안동,35.15089554,129.1114561
광안동,35.15089639,129.1111489
광안역4번출구,35.15768654,129.1129594
수영현대아파트,35.16590705,129.1234053
수영현대아파트,35.16611008,129.1236465
센텀호텔,35.16880303,129.1319364
올림픽교차로,35.16729,129.140314
경남마리나아파트,35.1604913,129.1420726
경남마리나아파트,35.16070243,129.1423634
파크하얏트호텔,35.15672739,129.1411454
해운대하이페리온,35.15676979,129.1491786
해운대하이페리온,35.15707005,129.1490164
동백섬입구,35.15771042,129.1515241
그랜드호텔,35.15842759,129.1551558
그랜드호텔,35.1586981,129.1551464
해운대해수욕장,35.15977229,129.1611112
노보텔앰베서더호텔,35.16053125,129.1627663
아름공원,35.24130256,129.2148152
아름공원,35.24131587,129.2147288
기장기점,35.24568081,129.214236
기장종점,35.25316,129.21804
기장,35.25317,129.21802
차고지,35.25430401,129.2187651
차고지,35.25439811,129.2187704
차고지,35.194905,129.2066217
기장종점,35.24566599,129.2144212
용원중앙병원,35.0993324,128.8228442
강서삼성병원,35.09941333,128.8227617
용원,35.09768401,128.8221568
용원사거리,35.09826,128.82131
용원사거리,35.0977845,128.8206185
용원사거리,35.09828593,128.8213834
영도산업,35.10019514,128.8240447
용원중앙병원,35.09960828,128.8225138
강서삼성병원,35.09958667,128.8225767
(구)검문소,35.10360167,128.8374417
월평고개,35.36457499,129.1453988
용원사거리,35.09806641,128.8211497
용원사거리,35.09806259,128.8212523
해인로즈빌아파트,35.10771,128.805803
해인로즈빌아파트,35.10776081,128.8055141
코아루아파트,35.101525,128.8063617
안골포초등학교,35.10378833,128.8065583
안골포초등학교,35.10381833,128.8064083
코아루아파트,35.10152,128.80639
부영2차아파트,35.104345,128.8043433
안청초등학교,35.099875,128.8075033
안청초등학교,35.099955,128.8075633
웅동농협하나로마트,35.10029846,128.8099563
용원복지회관,35.09981,128.81299
용원복지회관,35.10002463,128.812698
웅동농협하나로마트,35.10056659,128.8099767
반짓골 웅동2동행정복지센터,35.09935595,128.8146821
반짓골 웅동2동행정복지센터,35.09968606,128.8143991
용원초등학교,35.0988779,128.8172092
기점,35.10020799,128.8195
용원초등학교,35.09912024,128.8172748
기점,35.099444,128.81918
쌍용예가,35.195233,128.81443
삼문마을,35.192377,128.810254
분도입구,35.21737339,128.9184945
분도,35.21929284,128.9224919
분도입구,35.21738801,128.9175915
분도,35.21950445,128.9226906
불암역,35.22254677,128.9271114
불암역,35.22210259,128.9275841
불암동주민센터,35.22228657,128.9264737
불암장어마을,35.22265623,128.9290737
양장골,35.22488983,128.9260502
양장골,35.22475125,128.925668
지내역,35.22739192,128.9240954
지내역,35.22753895,128.9234297
지내동원아파트,35.22884411,128.922302
지내동입구,35.2297175,128.9214766
경남은행,35.22929218,128.9186321
경남은행,35.22892464,128.9186741
김해대학역,35.22918134,128.9156449
김해대학역,35.22881413,128.9156915
초선대,35.22847103,128.9093781
초선대,35.22884253,128.9080461
인제대역,35.22834069,128.9013427
인제대역,35.22786101,128.9013812
성모병원,35.22812572,128.8988583
성모병원,35.22764818,128.8988657
복음병원입구,35.22727811,128.8948971
복음병원입구,35.22764007,128.893561
김해시청,35.2273579,128.8902216
김해시청,35.22688855,128.8903029
한솔병원,35.22705739,128.887296
부원역,35.22669736,128.8835725
부원역,35.22623327,128.8836611
금강병원,35.22739511,128.8824324
금강병원,35.22835174,128.8825947
중앙지구대,35.22975411,128.8820863
중앙지구대,35.23001358,128.8822962
신한은행,35.23190178,128.8817079
신한은행,35.23255958,128.8818687
동상동,35.23385388,128.8834993
김해도서관,35.23246732,128.8741313
수로왕릉,35.23299447,128.8784929
분성사거리,35.23323403,128.8804754
국민은행,35.23396435,128.8813483
농협김해시지부,35.23512348,128.8813982
농협김해시지부,35.23584399,128.8810339
김해여고,35.23916001,128.879692
김해여고,35.23981508,128.8795128
김해시청소년센터,35.24134365,128.8784399
김해시청소년센터,35.24126608,128.8782074
광남백조아파트,35.24597395,128.8752771
광남백조아파트,35.24574014,128.8751153
구산동,35.24780904,128.873972
구산동기점,35.24847183,128.873622
구산동,35.24771732,128.8737791
현대병원,35.24895908,128.8721291
구산로타리,35.24772083,128.873197
백조아파트후문,35.24519519,128.8727654
구지마을,35.25659058,128.8701491
조선해양기자재회관,35.15028299,128.8599634
DSK,35.15746029,128.8605986
DSK,35.15763382,128.860449
탑동,35.1589362,128.8642481
탑동,35.1590638,128.8644485
강진산업,35.15330449,128.8592147
강진산업,35.15330045,128.8594779
조선해양기자재회관,35.15007044,128.8600134
렛츠런파크관람대,35.15619254,128.8683114
렛츠런파크관람대,35.15602137,128.8674296
렛츠런파크에코랜드,35.15114053,128.8724477
렛츠런파크정문,35.15156794,128.8768575
렛츠런파크에코랜드,35.15136643,128.872409
렛츠런파크정문,35.15180727,128.8768246
지사산단입구,35.13591756,128.8577797
지사산단입구,35.13524821,128.85794
용당공영차고지,35.42630995,129.1827319
편들마을,35.4250645,129.1813441
용당공영차고지,35.42648105,129.1824888
편들마을,35.42497367,129.1816334
금강펜테리움아파트,35.10020121,128.9202435
명지초교.명지중학교,35.10384125,128.9263357
명지국제신도시입구,35.10431505,128.9220425
"금강펜테리움2차아파트, 호반써밋명지국제아파트",35.10321019,128.920676
에일린의뜰아파트,35.10003515,128.9204863
더스퀘어,35.09838033,128.9186519
호반베르디움아파트,35.09726358,128.9197442
에밀린의뜰아파트,35.09921338,128.920393
국민은행명지국제신도시지점,35.09771586,128.9210597
장산성당,35.20636623,129.1259737
영진종합사회복지관,35.20568761,129.1263869
신동아아파트,35.2064344,129.1277349
신촌입구,35.20745455,129.1242947
더스퀘어,35.09797999,128.9186069
중흥프라디움,35.0987193,128.9154525
중흥S클래스프라디움,35.09870399,128.9155673
베르디움101동,35.10003867,128.9178513
부산항국제여객터미널,35.11776084,129.0483051
부산항국제여객터미널입구,35.11762546,129.0475176
부산시민공원남문,35.16610657,129.0586827
부산진중학교,35.16487731,129.0557162
우성,35.22498524,129.1183198
회동동,35.22601925,129.1175442
삼한전자,35.22530146,129.1182731
동영테크윈,35.22275352,129.1195576
(주)오토닉스,35.22069785,129.1188453
삼원에프에이,35.22238872,129.1195481
(주)오토닉스,35.22056848,129.1190286
장안산업단지입구,35.34076619,129.2589819
신성전기,35.33707016,129.2583402
장안산업단지입구,35.3406717,129.2592157
신성전기,35.33800659,129.2586192
유일고무,35.32914988,129.2598846
삼풍공업,35.33017922,129.2662688
한국산업단지공단동부산사무소,35.33256146,129.2641691
아산이노텍,35.33635045,129.2641759
한라정공,35.33665242,129.2605609
명례산업단지입구,35.36719401,129.254834
명례산업단지입구,35.366936,129.2548983
강림인슈,35.36932867,129.2536778
에이앤티시스템,35.37425441,129.2536112
강림인슈,35.3696528,129.2534503
에이앤티시스템,35.37462642,129.2534731
에스아이시스템,35.37691069,129.2563697
도야마을,35.37604846,129.260796
에스아이시스템,35.3770559,129.2563132
국립부산과학관,35.20298022,129.213557
오시리아역,35.19648705,129.209522
국립부산과학관,35.20291913,129.2134483
광어골,35.17425707,129.1965322
조광요턴,35.14202705,128.8249167
조광요턴,35.14224225,128.825289
조광요턴,35.14187125,128.8250887
(주)신영,35.13952164,128.8202776
용당동,35.11598935,129.0947071
연화교차로,35.21717283,129.2125781
서암입구,35.21084176,129.2222057
동선마을,35.05557414,128.8323612
동선이주단지,35.05562456,128.8323048
전망대,35.02291897,128.8215531
세바지입구,35.01260464,128.8311227
대항,35.01212131,128.829707
대항방파제,35.01226496,128.8276509
대항마을,35.01260928,128.8309639
새바지입구,35.01272491,128.8312157
지양곡,35.02265908,128.8217554
용궁사입구,35.19403342,129.2198814
금정공영차고지,35.28964085,129.0980873
금정공영차고지,35.28990419,129.0982315
단지내상가,35.05598761,128.9630132
몰운대초등학교,35.05533232,128.9625755
대방노블랜드아파트,35.09731604,128.9201292
신명초등학교,35.09468803,128.9224689
한국해양대.부산해사고,35.07212105,129.0774058
국립수산물품질관리원,35.07894605,129.0751178
한국해양수산연수원,35.07643306,129.0753063
파라다이스호텔,35.16088094,129.1643776
현대아파트,35.16561566,129.1783658
현대아파트,35.16583169,129.1786295
래미안해운대아파트,35.16245144,129.1759276
래미안해운대아파트,35.16215645,129.1760459
미포.문탠로드입구,35.16171708,129.1725365
양운초등학교,35.17445003,129.1673906
씨클라우드호텔,35.16022265,129.162385
동백섬입구,35.15796208,129.1514347
파크하얏트호텔,35.15660353,129.1413973
올림픽교차로,35.16743672,129.14068
가야홈플러스,35.15293467,129.0273383
가야홈플러스,35.15341733,129.0273064
가야현대아파트,35.15619721,129.0434067
가야현대아파트,35.15573577,129.0435159
백뱅원사거리,35.15282247,129.0194902
백뱅원사거리,35.15329786,129.0193538
베스트웨스턴유엘호텔,35.15231108,129.0589615
교보생명,35.15159201,129.0593823
쥬디스태화,35.15465201,129.0593497
서면1번가,35.15739843,129.0576194
현대백화점,35.1410973,129.0591562
현대백화점,35.14109518,129.0595456
부산진시장,35.13662636,129.0592246
부산진시장,35.13662847,129.0596305
토요코인호텔,35.10900572,129.0368211
롯데백화점광복점,35.09970572,129.0368145
영주동,35.11134011,129.0381404
천마하늘길,35.09111072,129.0226723
천마하늘길,35.09142895,129.0227734
정관차고지,35.33174062,129.1801192
정관차고지,35.33153999,129.1802513
해운대보훈회관,35.16823351,129.1670802
해운대세무서,35.16829061,129.1666592
e편한세상서면더센트럴,35.15143178,129.0509093
개천마을,35.35328822,129.2776935
고무마을,35.34832269,129.2638172
교리부전아파트,35.2542648,129.2191191
기장국민체육센터,35.30548426,129.2427976
기장국민체육센터,35.30557288,129.2426352
기장시장,35.24501613,129.2151342
기장시장,35.24524109,129.2157583
기장역,35.24334167,129.2182264
기장역,35.24332883,129.2184347
기장전화국,35.24197576,129.2133452
기장종합사회복지관,35.23608255,129.2133388
기장종합사회복지관,35.23606055,129.2130636
기장초등학교,35.24381081,129.2137686
기장초등학교,35.24378911,129.2134769
낙동초등학교,35.10497489,128.9736403
낙동초등학교,35.10512084,128.9735368
내동마을,35.21634295,129.201015
내리,35.20055143,129.2064182
내리초등학교,35.2044627,129.2061508
대룡마을,35.37099463,129.2623547
대청중학교,35.23377793,129.2132158
대청중학교,35.23382328,129.2129534
도야마을,35.37570917,129.2617767
도야마을,35.37498602,129.2616575
동백천,35.29584999,129.2450597
동백천,35.2959947,129.2450307
두명마을,35.35542957,129.1485188
두명마을,35.35517621,129.1481726
두명마을회관,35.36184697,129.1461455
드림볼파크야구장정문,35.29692492,129.2437045
드림볼파크야구장정문,35.29689676,129.2435223
무곡마을,35.22658929,129.2121035
무곡마을,35.22669698,129.2118813
석산마을입구,35.2019824,129.2099756
석산마을회관,35.20544592,129.2100475
솔빛공원,35.34190295,129.1621912
솔빛공원,35.3418273,129.1618868
신리,35.35607093,129.2684442
신리입구,35.35587357,129.2635935
신명마을,35.38533858,129.2626728
신명마을입구,35.38448425,129.25608
오시리아역,35.1964291,129.209611
오신,35.20798665,129.2085902
용소마을,35.34365981,129.2459368
월드컵빌리지,35.30003314,129.2417953
월드컵빌리지,35.29988883,129.2418023
월평교차로,35.35748752,129.1417334
월평교차로,35.35787314,129.1402983
월평마을,35.36208385,129.1378684
판곡,35.35970667,129.265092
포스코아파트,35.24771288,129.218675
포스코아파트,35.24768633,129.218894
하나 부산은행,35.09140597,128.9729101
하나 부산은행,35.09165816,128.9731958
대계마을,34.93081746,128.7152627
대계마을,34.93082987,128.7150222
대계펜션촌,34.91597658,128.7211194
대계펜션촌,34.91592477,128.7209596
신어차고지,35.26991983,128.8554725
신명초등학교,35.27073237,128.8647518
신명초등학교,35.27100825,128.8649779
어방동,35.23272043,128.9052424
어방동,35.23268508,128.904912
신어볼링장,35.23484694,128.9049736
신어볼링장,35.23482077,128.9046325
매정마을,35.25358069,128.8713104
구산신주공아파트,35.25068009,128.8723972
초정,35.24332978,128.9729042
대동면행정복지센터,35.24225392,128.9806582
원지마을,35.24161566,128.9826197
대동면행정복지센터,35.24231327,128.9812487
초정,35.24344949,128.9728493
마산입구,35.23848804,128.9815618
원지마을,35.24156566,128.9827962
운하교,35.23665663,128.9836912
안막1구,35.23662564,128.9869956
목욕탕입구,35.23697798,128.9889095
대동농협,35.23738353,128.9907768
운하교,35.23679125,128.9836879
마산입구,35.2384578,128.9817394
대동농협,35.23752553,128.9906946
목욕탕입구,35.23709343,128.9888695
안막1구,35.23671442,128.9864928
대동중학교,35.23741248,128.9934823
안막3구,35.23679197,128.9945355
대동보건소,35.23442032,128.9938796
대동중학교,35.23756438,128.9934696
안막3구,35.23674548,128.9946894
현대병원,35.24865275,128.8713151
연지공원,35.24698572,128.8676543
연지공원,35.24622575,128.8669332
김해문화의전당,35.24459532,128.8701811
학생체육관,35.24469316,128.8679314
법원등기소입구,35.24384683,128.8660728
연지공원,35.24374293,128.8664376
연지공원,35.24351155,128.8656633
법원등기소입구,35.24327777,128.8659035
내동사거리,35.24224034,128.8641166
내동사거리,35.24209569,128.8644373
서김해새마을금고,35.24030203,128.861684
서김해새마을금고,35.24006384,128.8619045
내외문화의집,35.23769117,128.8583973
내외문화의집,35.23735543,128.8585014
김해생명과학고,35.23663962,128.8570784
김해생명과학고,35.23599158,128.8567598
외동축협,35.23387048,128.8551868
외동사거리,35.23300989,128.8529454
외동축협,35.23402117,128.8553768
외동초등학교,35.23304962,128.8580887
외동초등학교,35.23327244,128.8580701
한국2차아파트,35.23222308,128.8644465
대동아파트,35.23232816,128.8654314
무접마을,35.22976102,128.8669099
무접마을,35.22976821,128.8671388
임호성당,35.23020515,128.8607126
조흥그린,35.22970935,128.86482
한국1차아파트,35.2300057,128.8669623
김해보건소,35.23077857,128.8696991
무접,35.22926883,128.8703283
무접,35.2298912,128.8698422
동아그린아파트,35.22645537,128.8725059
봉황역,35.22711431,128.8732558
동아그린앞,35.22571293,128.8731762
봉황역,35.22668351,128.8740147
김해중부경찰서,35.22576496,128.878887
김해중부경찰서,35.22623991,128.878898
김해세무서,35.22834178,128.8849503
김해세무서,35.22912823,128.8850838
김해천주교회,35.23278247,128.8846935
김해천주교회,35.23293743,128.8843964
동광초등학교,35.23428036,128.8867823
동상동,35.2336042,128.8833288
김해동상시장,35.23626831,128.8842776
김해동상시장,35.23718187,128.8845648
김해향교,35.23868964,128.8823169
김해향교,35.23845445,128.8823037
롯데캐슬,35.24042112,128.8854749
한덕아파트,35.2366059,128.8889172
한덕아파트,35.23682828,128.8892336
활천고개,35.23457409,128.8905122
동광초등학교,35.23409111,128.88736
활천고개,35.2348865,128.8911026
선거관리위원회,35.23477158,128.8938304
약수터,35.23709707,128.8962609
어방동원아파트,35.24032347,128.8996973
대우유토피아후문,35.24218827,128.900312
선거관리위원회,35.23504688,128.8939666
미소지움아파트,35.23506818,128.898887
미소지움아파트,35.23534869,128.8987424
SK브로드밴드,35.23531714,128.9022943
SK브로드밴드,35.23564091,128.9034096
자성공원,35.23851395,128.9045396
자성공원,35.23842169,128.9041933
어방마을,35.24172659,128.9041506
어방마을,35.24107528,128.9038753
약수터,35.23677139,128.8963412
어방동원아파트,35.24004976,128.8999106
대우유토피아후문,35.24216439,128.9006849
대우유토피아,35.24331484,128.9037545
인제대학교,35.24465509,128.9040569
인제대학교,35.24664749,128.9037419
인제공원,35.24804185,128.9045091
인제공원,35.24850283,128.9042926
삼방동장애인복지관,35.25134349,128.9033198
영운초등학교,35.25189592,128.9054678
삼방동장애인복지관,35.25132666,128.9030302
국립수산물품질관리원,35.0788798,129.0747763
한국해양수산연수원,35.07646627,129.0749454
죽전마을,35.25110925,129.0544449
마을회관,35.2509867,129.0549044
포구나무집,35.25149163,129.053537
연수암,35.25049036,129.0500241
도시철도해운대역,35.16387137,129.1609903
수산과학관 해동용궁사,35.192665,129.2238233
연제공용버스차고지,35.18567,129.05352
오륙도선착장,35.10027925,129.1225814
화성리사이클링,35.12907728,129.052408
부산대본관,35.23296008,129.0834273
범일5동주민센터,35.13059008,129.0538062
센텀강변현대아파트,35.20805561,129.1195819
벽산한솔타운아파트,35.20668606,129.1191969
센텀강변현대아파트,35.20876623,129.1199478
신동아파트,35.21019123,129.1200293
신동아파트후문,35.21140606,129.1197967
우신아파트,35.21322849,129.1187049
금사역,35.2158531,129.1158834
대우아파트,35.21467132,129.1167557
대우아파트,35.2147751,129.1167892
우신아파트,35.21316451,129.118523
신동아파트,35.21051918,129.1198047
신동아파트후문,35.21138452,129.1196126
대림아파트,35.18523248,129.0479332
신동아아파트,35.20655343,129.1276282
오륙도선착장,35.10016821,129.1225513
장전역2번출구,35.23788727,129.0884226
장전역4번출구,35.23886111,129.088604
초읍대진아파트,35.18755477,129.0488916
초읍대진아파트,35.18744951,129.0489878
대진세탁소,35.18684506,129.0484951
대진세탁소,35.1866318,129.048583
부산외국어대학교정문,35.26604273,129.0843814
부산외국어대학교캠퍼스,35.26718153,129.0802599
명장초등학교,35.20770259,129.0980556
조양삼거리,35.20630246,129.1001311
유림아파트,35.20787226,129.0993822
수남경로당,35.12723643,129.0520217
부산의료원,35.18751337,129.0590333
부산대경암체육관,35.23368565,129.0755545
부산과학고등학교,35.26413255,129.08489
부산외국어대학교정문,35.26575616,129.0853217
우리은행온천점,35.20941724,129.0732126
기룡교차로,35.35146352,129.256082
경남정보대분수대,35.14756193,129.0112071
경남정보대분수대,35.14749493,129.0114441
한신휴플러스,35.07975712,128.9006284
두산위브112동,35.08188392,128.8980412
금강웰테크,35.08379961,128.8818157
금강웰테크,35.08313261,128.8821129
신호소방서,35.08475643,128.8799739
모던홈마트,35.22115418,129.1524676
느티나무요양원,35.2201837,129.1530734
느티나무요양원,35.22031587,129.1532416
경찰특공대입구,35.21976203,129.1534741
경찰특공대입구,35.21969213,129.153604
보경사,35.22004597,129.1508915
달산마을,35.32213259,129.1908258
사하구민 장례식장,35.0806317,128.9627009
홈플러스,35.09596425,129.0447637
성북새동네,35.06009784,128.8323883
천가농협,35.06475579,128.8345613
천가동우체국,35.06250263,128.8342725
한전,35.06340696,128.8346627
강림인슈,35.05695861,128.957162
명보기업,35.05649784,128.9580716
다대포꿈의낙조분수대,35.05201567,128.9582714
4단지관리사무소,35.18331142,129.0022336
약수터,35.18254555,129.0022257
폴리텍대학부산캠퍼스,35.21580864,129.0203636
일동파크맨션,35.21503261,129.0215002
일동파크맨션,35.21518131,129.0215119
명보기업,35.05679662,128.9579856
동래문화회관,35.21403049,129.0895984
명륜2차아이파크1단지,35.21556583,129.0877941
덕포신익.벽산하나로아파트,35.17402308,128.9896481
오양힐타운아파트,35.17284745,128.9889743
굿마트,35.17659656,128.9898772
덕상초등학교,35.17498663,128.9899633
굿마트,35.17721992,128.989435
덕상초등학교,35.17579109,128.9897904
사상도서관,35.17848981,128.9894138
둔치도입구,35.16290784,128.8924544
둔치도,35.16051322,128.8931561
둔치도,35.16055921,128.8930968
죽전가,35.16117551,128.8994924
죽전가,35.16120142,128.8995643
둔치도종점,35.14942695,128.8984402
휴먼시아아파트,35.21422054,129.0316
협성대진아파트,35.21388042,129.0272282
만덕중학교,35.21442047,129.0316977
농협만덕지점,35.21417739,129.0346971
동항초등학교,35.11384134,129.0815628
구평방파제,35.04821427,129.0001381
대일조선,35.0491888,128.9997892
동서대스튜던트프라자,35.14612906,129.0090351
경남정보대미래관,35.14625642,129.010865
만덕1동주민센터,35.21398352,129.0364453
농협만덕지점,35.21437382,129.0347032
부경양돈농협 신어지점,35.23559625,128.9063201
부경양돈농협 신어지점,35.23590186,128.907228
안동공단북측,35.23589092,128.9122034
안동공단북측,35.23612557,128.9121815
대우이안아파트,35.27259527,128.8652093
대우이안아파트,35.27273406,128.8652674
한라비발디센텀시티,35.27168986,128.868694
한라비발디센텀시티,35.27174502,128.868915
김해종합운동장,35.25687631,128.8738142
김해종합운동장,35.25697634,128.8740473
구산고등학교,35.2514469,128.8749636
구산고등학교,35.25209399,128.8750774
롯데캐슬1단지,35.24132095,128.884029
롯데캐슬1단지,35.24143353,128.8843227
선만고개,35.23033163,128.9438141
선만고개,35.23046799,128.9437404
경동메르빌아파트,35.07576935,128.9829148
동원타워아파트,35.07629762,128.9795402
동원타워아파트,35.07615736,128.9795752
마실마트,35.07742185,128.9780217
새마을금고,35.0776076,128.9779604
센텀휴요양병원,35.07711492,128.9786062
신세대지큐빌,35.07623247,128.9810459
신세대지큐빌,35.07618659,128.9808201
영남중학교,35.07587111,128.9816511
영남중학교,35.0757277,128.9816038
탑마트,35.07595639,128.9767037
대동맨션입구,35.07609893,128.9770799
현대빌라,35.07667301,128.9789025
더샵퍼스트월드 3단지,35.09488501,128.9045678
더샵퍼스트월드 3단지,35.09494674,128.9040813
명지철새탐조대,35.08486611,128.9117133
명지철새탐조대,35.08494397,128.9113479
명지환승센터,35.09501255,128.9117802
서부주공아파트,35.24450052,129.2102998
CGV,35.09313883,128.9038584
CGV,35.09304134,128.9043276
가락동행정복지센터,35.19609254,128.9016144
가락파출소,35.19512782,128.90234
가락중앙경로당,35.19700607,128.894505
가락중앙경로당,35.19720356,128.8951299
강동동행정복지센터,35.21401323,128.9356833
강동동행정복지센터,35.21416026,128.9355057
강동병원앞교차로,35.08910022,128.9775308
강동치안센터,35.21614139,128.9367222
강동치안센터,35.21609727,128.9369463
강서공영차고지,35.09919289,128.8655923
강서공영차고지,35.10053034,128.8662314
강서공영차고지,35.10027066,128.866708
강서해수랜드,35.19787871,128.9257269
강서해수랜드,35.19795577,128.9259812
강진정비,35.09809676,128.8431375
강진정비,35.09783325,128.8432796
경일고등학교,35.11255087,128.9238152
경일고등학교,35.11237499,128.9241072
국민은행명지국제신도시지점,35.0977051,128.9211691
국민은행명지국제신도시지점,35.09813727,128.9211957
국제휠타,35.09683338,128.8301645
국제휠타,35.09715818,128.8301388
국회도서관입구,35.10236835,128.9054986
금강펜테리움202동,35.10450614,128.9197935
금강펜테리움3차.중흥에듀오션,35.10292594,128.9239673
녹산농협,35.11230249,128.8777414
녹산농협,35.11265112,128.8773436
농협공판장,35.21146968,128.9338496
농협공판장,35.21127778,128.9340152
대방디엠시티,35.0916794,128.9095534
대한제강,35.09786544,128.8615158
더샵퍼스트월드2단지,35.09797591,128.9044369
더샵퍼스트월드2단지,35.09817953,128.904957
더샵퍼스트월드3단지,35.09515141,128.9041025
더샵퍼스트월드3단지,35.0951078,128.904584
더스퀘어,35.0979642,128.9187518
더스퀘어,35.09836924,128.9187833
덕계마을입구,35.19152011,128.9161194
덕계마을입구,35.19127611,128.9158776
동아밸브,35.09810842,128.8497664
득천사거리,35.18921487,128.9216913
득천사거리,35.18943227,128.9210542
딴치,35.20348602,128.9289995
딴치,35.2033254,128.9291823
롯데마트,35.08508691,128.9723249
명일초등학교,35.11003931,128.923641
명지노인종합복지관,35.11031433,128.923631
명지대방노블랜드2차,35.09497023,128.9173111
명지더웨스턴아파트,35.098074,128.9119449
명지더힐시그니쳐,35.0926965,128.9143467
명지스위트팰리스,35.1087798,128.9215168
명지스위트팰리스,35.10881538,128.9218302
명지철새탐조대,35.08493601,128.9117095
명지철새탐조대,35.08486055,128.9113514
명지초등학교,35.10156354,128.9233596
활천초등학교,35.23208675,128.9209326
활천초등학교,35.23284161,128.9212165
못안마을,35.23444754,128.9207467
못안마을,35.23509689,128.9207697
안동육거리,35.23611508,128.9181234
안동육거리,35.23584786,128.9180928
한일여고,35.23833819,128.9167372
한일여고,35.23950511,128.9161996
계내,35.24093048,128.9150866
계내,35.24169026,128.9141317
한샘베스트빌라,35.24293912,128.9135092
신어중학교,35.24435568,128.9123679
신어중학교,35.24485181,128.9125052
동성아파트,35.24636978,128.911875
동성아파트,35.24631544,128.9115995
삼방시장,35.2487493,128.9108975
삼방시장,35.24930051,128.9104079
화인아파트,35.25172497,128.9096819
화인아파트,35.25186833,128.909149
수가마을,35.17510013,128.8678728
수가마을,35.17518379,128.8679397
용곡,35.17682693,128.8495145
태정,35.17720118,128.847845
쌍용예가,35.195478,128.814685
무계교,35.19730843,128.816497
하봉마을,35.194596,128.818107
장유중학교,35.19063334,128.8204715
신문,35.18791243,128.8215304
범동포,35.19431,128.818467
장유중학교,35.19071561,128.8207281
신문,35.18737964,128.8219424
용산마을,35.18431,128.8223
용산마을,35.18417,128.82224
응달,35.17724432,128.8351983
응달마을,35.17734487,128.8379815
장유모산마을,35.17503705,128.8293972
율하2지구입구,35.17397414,128.8225922
용곡,35.1766957,128.8494962
태정,35.17706038,128.8477769
응달마을,35.17752268,128.8384009
응달,35.17744201,128.8352069
장유모산마을,35.1751698,128.82941
영운초등학교,35.25211902,128.9058314
무계교,35.19725766,128.8162186
장유농협,35.20015939,128.8151023
풍류2통,35.20772819,128.8431253
명법2통,35.20511862,128.8363467
내덕,35.20570633,128.8278833
장유우체국,35.200343,128.813436
장유우체국,35.200287,128.813755
장유농협,35.20033602,128.8153859
삼문마을,35.192287,128.81023
장유온천,35.1894,128.80725
장유온천,35.18907508,128.8070684
장유온천(종점),35.18826295,128.8063909
대청초등학교,35.18865477,128.8057215
대청고등학교,35.18670516,128.7998713
장유온천(기점),35.18856679,128.8065575
영천초등학교,35.30914262,129.1088187
동면우체국,35.3079207,129.1083291
영천사거리,35.3071139,129.1084461
동면우체국,35.30639234,129.1072182
영천사거리,35.30690098,129.1074786
개곡마을,35.34618422,129.1275114
창기마을,35.33406154,129.1225147
임기마을,35.32276798,129.1161437
창기마을,35.33441966,129.1229647
임기마을,35.32262566,129.1152742
월평고개,35.36469314,129.1450095
덕계상설시장,35.36972816,129.1478409
덕계상설시장,35.3701906,129.1483962
동일2차아파트,35.37168837,129.1492
동일2차아파트,35.37115255,129.1485907
덕계메가마트,35.37328165,129.1503135
덕계사거리,35.37465253,129.151714
덕계메가마트,35.37311413,129.1498525
덕계마을.덕계다리,35.37715807,129.1541991
덕계사거리,35.37520055,129.1519509
신원아침도시,35.41531783,129.1666656
양산영어도서관,35.41362555,129.1643315
소남마을,35.41248917,129.1631843
소남마을,35.41248517,129.163521
양산영어도서관,35.41353132,129.1644918
천성리버타운후문,35.40901778,129.1600934
소남다리.아이존빌,35.41109803,129.1620178
천성리버타운정문,35.40725557,129.1588632
새웅상요양병원,35.4108927,129.1671634
그랜드볼링장,35.40802968,129.1652834
웅상중앙병원,35.40587205,129.1647226
웅상중앙병원,35.4056244,129.1649177
그랜드볼링장,35.40804668,129.1655497
명동마을,35.39969942,129.1627471
웅상문화체육센터입구,35.39766505,129.1612893
주진마을,35.39257538,129.1584458
웅상도서관,35.39006235,129.1571563
혜인병원,35.38519537,129.1553088
신명마을,35.38276068,129.1548518
농협중앙회웅상지점,35.41459426,129.1710738
현대아파트113동,35.17279287,129.0640531
현대아파트209동,35.17194955,129.0659897
현대아파트207동,35.17227805,129.0649843
현대아파트113동,35.17278323,129.0643704
현대아파트205동,35.17214584,129.0648191
동부지청어귀교차로,35.18271362,129.1224952
동해선센텀역,35.18017321,129.1245036
동아대학교구덕캠퍼스,35.12069845,129.0171382
이마트문현점,35.14510621,129.0645347
문현시장,35.14267908,129.0652098
"호반써밋명지국제,금강펜테리움2차",35.10220878,128.9179
협성휴포레,35.10684056,128.9190614
온천장역,35.2178092,129.0857411
강서예술촌 황라도,35.1364019,128.9248865
덕포신익.벽산하나로아파트,35.17343753,128.9895447
덕포경동1차아파트,35.17081223,128.9904774
덕포경동2차아파트,35.17050028,128.9908155
강서등기소,35.21548664,128.978731
대저소방서 대저1동주민센터,35.21499145,128.9770499
대저소방서 대저1동주민센터,35.21479668,128.9771111
부산은행대저지점,35.21380274,128.9803043
부경대용당캠퍼스,35.11539383,129.090673
남성한빛.대신더샵,35.11659065,129.0105386
대신롯데캐슬아파트,35.11531114,129.0105291
솔개다리,35.11266158,129.0817796
동양아파트13동,35.14401777,128.9920024
동양아파트16동,35.14332091,128.9905372
세원사거리,35.14231758,128.988527
오션초등학교,35.07972887,128.9061586
오션초등학교,35.07947562,128.9092223
복천박물관,35.20819084,129.0914253
학산여자고등학교,35.20731198,129.0947313
미소락펜션,35.02513419,128.8150589
동양메이져,35.13997776,128.8490333
명지환승센터,35.09526397,128.9122631
한신아파트,35.09774193,128.9666345
구덕대림아파트,35.13618771,128.9930069
동래문화회관,35.21225464,129.0892666
센트럴파크,35.21080151,129.0862647
명륜아이파크1차정문,35.2103618,129.0835414
무량사,35.20748872,129.0902607
복천박물관,35.20790468,129.0915666
부경대용당캠퍼스,35.11635534,129.0902143
서전기아타운,35.18030565,129.0881438
한일레포츠,35.18155802,129.0873745
연제구국민체육센터,35.18402845,129.0873005
한일유앤아이,35.18297869,129.0872956
서전기아타운,35.18003232,129.0880954
한일레포츠,35.18165379,129.0875691
동래문화회관,35.21210929,129.0893342
센트럴파크,35.21062577,129.0862657
화인아파트104동,35.17368014,129.0587941
하나로교회,35.1730207,129.0579009
수도암입구,35.1154216,129.0087754
신풍빌라,35.11322045,129.0088512
협성르네상스후문,35.11095469,129.0089446
민방위교육장,35.12036554,129.0097868
효목빌라,35.11884617,129.0095685
명륜2차아이파크2단지,35.21350066,129.0916585
동래문화회관,35.21407324,129.0900485
명륜2차아이파크1단지,35.21539576,129.088391
온천장입구,35.2167458,129.0866978
개금3동사무소,35.15604308,129.0228979
부산구치소,35.14631796,128.9946532
주남교,35.14803421,128.998464
"호반써밋명지국제,금강펜테리움2차",35.10217412,128.9183817
베르디움101동,35.1011923,128.9179557
명지초등학교,35.10042125,128.9203488
금강펜테리움2차아파트,35.10319183,128.9209826
명지초등학교,35.10138157,128.9237501
에일린의뜰아파트112동,35.09959093,128.9230117
명지초등학교,35.10143317,128.9233401
국제신도시교차로,35.10406258,128.9240379
국제신도시교차로,35.10392848,128.9236839
만덕시장,35.21490139,129.035216
유림노르웨이숲,35.19696659,129.0026291
대항,35.01197704,128.829712
대항방파제,35.01214321,128.8276564
장전SK뷰아파트106동,35.22780484,129.08111
농심가슈퍼,35.20905723,129.0982435
대명여자고등학교,35.21052635,129.0965787
유림아파트,35.20805221,129.0990087
농심가슈퍼,35.20933887,129.0977098
명륜2차아이파크2단지,35.21313237,129.0930882
용인고등학교,35.21279472,129.0936099
대명여자고등학교,35.21116684,129.095621
용인고등학교,35.21198288,129.0944524
동항초등학교,35.11392617,129.0813457
수녀원,35.18162596,129.0878757
대진그린타워,35.18106478,129.0890632
한신아파트,35.22864205,129.0793248
그린하노이,35.1739352,129.0618105
현대아파트101동,35.17432229,129.0639495
현대아파트106동,35.17412938,129.0623148
현대아파트101동,35.17447718,129.0641153
명지협성휴포레,35.1058035,128.9213811
명지협성휴포레,35.10624415,128.9211557
봉림교차로,35.17679327,128.900775
봉림교차로,35.17553247,128.9012944
부산소프트웨어마이스터고,35.18907878,128.904069
부산소프트웨어마이스터고,35.18923558,128.904413
사암마을,35.11089857,128.8805222
사암마을,35.11110025,128.8805927
사암입바위,35.10127166,128.8684196
사암입바위,35.10157557,128.8682894
산양마을입구,35.11173123,128.8727272
삼계서희,35.27530382,128.8647384
삼계서희,35.27527842,128.8649247
삼정그린코아더베스트,35.09761368,128.9114188
서부시외버스터미널(사상역),35.16175832,128.9863226
성일여자고등하교,35.08840175,128.9778099
송산마을,35.20327272,128.8919826
송산마을,35.20353282,128.8923509
쇠내마을,35.2163181,128.88761
쇠내마을,35.21675484,128.8876311
시민공원부설주차장,35.16685909,129.0610008
신덕복지회관,35.20020584,128.9270115
신덕복지회관,35.20014839,128.9272243
신호중학교,35.08117421,128.8757504
에일린의뜰아파트112동,35.09946949,128.9229979
에일린의뜰아파트112동,35.09942624,128.9234519
우방아이유쉘아파트,35.11097506,128.8864736
우방아이유쉘아파트,35.11124759,128.8866225
제나우스오피스텔,35.09175866,128.9079544
제일전기,35.08527121,128.96625
조만포,35.16239695,128.8889556
조만포,35.16210431,128.8892287
죽림삼거리,35.19268684,128.9035714
죽림삼거리,35.19244221,128.9033681
통전,35.1799241,128.900826
통전,35.17947017,128.9013258
해포,35.17199189,128.900076
해포,35.17033804,128.8992254
협성휴포레123동,35.10496698,128.9194314
일신차고지 기점,35.20250583,129.1319361
일신차고지 종점,35.20231121,129.1319859
경제자유구역청,35.08680341,128.8392104
성북마을,35.0570572,128.8321751
성북마을,35.05719593,128.8322385
숙등역2번출구,35.2125914,129.0146605
백양디이스트301동,35.2087236,129.0341641
민락역,35.16618771,129.1234593
금산빌라,35.26212357,129.0865553
남산역3번출구,35.26504046,129.0921952
범어사역3번출구,35.27293439,129.0924587
부산외국어대학교정문,35.2665852,129.08467
외성생활관,35.27000767,129.0853016
만덕119안전센터,35.20522279,129.0317382
만덕119안전센터,35.20537736,129.0324612
덕양초등학교,35.20990873,129.0231367
덕양초등학교,35.20976367,129.022919
럭키아파트후문,35.20800317,129.026614
럭키아파트후문,35.20782522,129.0264778
만덕도서관,35.20825476,129.0376605
백양초등학교,35.20825176,129.0346245
부산노인전문병원,35.20640537,129.0283914
부산노인전문병원,35.20650979,129.0286136
산양마을입구,35.11158852,128.8730694
연제공용버스차고지,35.18528406,129.0532665
은산터미널,35.1108724,128.8839488
은산터미널,35.11111291,128.8841299
다대포,35.04957801,128.9607748
동자,35.13099323,128.9436393
동자,35.13040685,128.9439599
맥도자연생태공원,35.15086011,128.9531188
맥도자연생태공원,35.15066192,128.9536737
신평파출소,35.0928595,128.9631797
가유부산2공장,35.14577829,128.8619318
가유부산2공장,35.14553497,128.8619317
국제신도시교차로,35.10374824,128.9241127
국제신도시교차로,35.10383637,128.9236707
두산위브아파트102동,35.08378307,128.8958897
두산위브아파트102동,35.0837103,128.8962224
명지가온 오션유치원,35.08149465,128.9076276
명지가온 오션유치원,35.08118438,128.9078725
명호중고등학교,35.08021886,128.8993428
명호중고등학교,35.08036823,128.8995874
부산한솔학교,35.08188183,128.8981754
부산한솔학교,35.0820859,128.8980924
부영2차아파트,35.10406218,128.8047005
삼진월텍,35.15035522,128.8661069
삼창파크멘션,35.07566401,129.0724559
에일린의뜰2단지아파트,35.07380151,129.0746559
오션초등학교,35.07977847,128.906442
오션초등학교,35.07947883,128.906298
용원시외버스정류장,35.10639086,128.8085436
서창동주민센터,35.41696017,129.173558
농협중앙회웅상지점,35.4144702,129.1705018
대진아파트,35.4148977,129.1704644
천성리버타운정문,35.40721404,129.1591703
천성리버타운후문,35.40928854,129.1605739
소남다리.아이존빌,35.41096556,129.1621188
신원아침도시,35.41541754,129.1664671
롯데마트,35.41505611,129.1691595
웅상중앙병원,35.40610613,129.1635704
웅상중앙병원,35.40661398,129.1633555
혜인병원,35.38496436,129.1555732
웅상도서관,35.38966697,129.1572873
주진마을,35.39247976,129.1587417
신명마을,35.38262209,129.1551453
명동마을,35.39935773,129.1629685
웅상문화체육센터입구,35.39728145,129.1613085
덕계마을.덕계다리,35.37753965,129.1540595
신명마을,35.38169694,129.153995
북부마을,35.41955847,129.1761677
서창동주민센터,35.41606995,129.1723373
새진흥7차 입구,35.38332143,129.1488754
태원아파트후문,35.38565452,129.1463477
봉우아파트,35.38718733,129.1435987
태원아파트정문,35.38635565,129.1449736
평산농협,35.38156382,129.1514225
새진흥7차 입구,35.38323946,129.1493943
신명마을,35.3814555,129.1542097
평산농협,35.3817844,129.1513089
마을회관,35.41882333,129.1772167
대동아파트,35.416415,129.1778017
삼용부락,35.41824921,129.174508
북부마을,35.41960757,129.1758848
삼신교통차고지,35.42025357,129.1747941
삼신교통차고지,35.42010167,129.1747817
봉우아파트,35.38701064,129.1435185
태원아파트정문,35.38612778,129.1450116
태원아파트후문,35.385203,129.1464744
기점,35.38794138,129.1424453
기점,35.38777519,129.1423549
동구노인종합복지관.덕림아파트,35.12631553,129.0384861
수정아파트,35.12726284,129.0410562
이진아파트,35.24893553,129.2093399
좌천초등학교,35.31062014,129.2416065
좌천초등학교,35.31054031,129.241509
마지회관,35.27439836,129.165061
보림,35.27188756,129.1597042
사구,35.15887221,128.8861881
녹산동행정복지센터,35.15411287,128.8837857
범방주유소,35.15567886,128.8848833
녹산동행정복지센터,35.15406371,128.8837126
녹산동행정복지센터,35.1544072,128.8834889
녹산동행정복지센터,35.15446281,128.8835463
은하수공원,35.17425401,129.0315267
반여동부산은행,35.1963556,129.1186637
왕자아파트,35.19651727,129.1186834
영원프라자,35.19497193,129.1182254
무정삼거리,35.19574695,129.1212955
무정리,35.19512517,129.1203438
무정삼거리,35.19623684,129.1219712
중고차매매시장,35.15105076,128.9877997
망미주공아파트종점,35.18047236,129.1082774
아름다운교회,35.10299767,129.0108115
까치새길입구,35.1013347,129.0113731
금화맨션삼거리,35.10430669,129.0081478
까치고개 87번종점,35.10457658,129.0114154
동보하이츠아파트(사하구치매안심센터),35.10393197,129.0059458
아미까치공영주차장,35.10484331,129.0100252
대우2차아파트,35.17256409,129.1822328
수영강푸르지오아파트,35.18460069,129.1119113
수영자동차학원,35.1829765,129.1155555
롯데캐슬215동앞,35.0564686,128.9646254
롯데캐슬211동앞,35.05749767,128.9651688
롯데캐슬211동,35.05734846,128.9650979
롯데캐슬215동,35.05630281,128.9645578
롯데캐슬201동,35.05929208,128.9644458
롯데캐슬201동앞,35.05903024,128.9644139
롯데캐슬201동,35.05903416,128.9642341
롯데캐슬상가,35.05607539,128.9627413
롯데캐슬상가앞,35.05613237,128.9631177
롯데캐슬211동,35.05730361,128.9653626
롯데캐슬215동,35.05622229,128.9647997
중앙공원.민주공원,35.11270585,129.0286552
감천119안전센터,35.08656985,129.0052515
감천초등학교,35.08215055,129.006177
대한수산,35.08194246,129.005918
원스탑마트,35.08457501,129.0060406
한일냉장,35.08015233,129.0052534
동양레미콘,35.07583477,129.0058571
인성글로벌냉장,35.07253608,129.0065529
감천항동편부두,35.08168839,129.0053457
풍산금속,35.21291161,129.1256096
안창마을입구,35.14537932,129.0464629
그린하노이,35.17405788,129.0617505
현대아파트106동,35.17442961,129.0626763
유림아파트,35.09083943,129.0507707
봉래지구대,35.0918756,129.0514257
시영아파트정문,35.09188702,129.0520659
동원로얄듀크101동앞,35.07771523,128.9648299
동원로얄듀크아파트종점,35.07696796,128.9647846
삼정그린코아아파트,35.20592005,129.0584715
울만신평 하리,35.19701905,128.9314649
스포원파크,35.2922933,129.1031818
문화그린맨션,35.25640468,129.2159306
금정체육공원,35.29149468,129.1024687
만덕성당,35.21240098,129.033549
만덕역,35.21264735,129.0360875
두호마을,35.24132498,129.2463895
백양디이스트204동,35.20534914,129.0341788
백양초등학교,35.20681358,129.0341769
부산진구청정문,35.16315001,129.0524272
용당동,35.11584907,129.0947418
산학협력관,35.11729886,128.9682919
생활관,35.11832329,128.9691412
사하e편한세상아파트101동,35.08140767,128.9869568
사하e편한세상아파트입구,35.08221888,128.9855732
구평동주민센터,35.0813905,128.9867673
사하e편한세상아파트101동,35.08159739,128.9869285
사하e편한세상아파트입구,35.0823097,128.9858056
구평동주민센터,35.08157571,128.9867389
구평동,35.07588495,128.9902951
구평삼거리,35.07928117,128.9900981
구평e편한세상입구,35.08223938,128.9858341
중흥1차.더힐시그니처동문,35.09618821,128.9162266
지법서부지원.지검서부지청,35.09667143,128.9081621
(주)신영,35.13930754,128.8204319
두송대선터널앞,35.0542883,128.9952121
한국선박수리공업,35.05737995,128.9954517
대선조선,35.0535626,128.9924875
법원검찰청사거리,35.09599464,128.9116497
지법서부지원.지검서부지청,35.09705378,128.9082039
중흥1차.더힐시그니처동문,35.09585083,128.9161913
동명대학교정문,35.12295244,129.1008603
한국토지주택공사,35.09881907,128.9105588
국민은행명지국제신도시지점,35.09814351,128.9210862
에일린의뜰아파트112동,35.09953408,128.9234709
대방노블랜드오션뷰,35.09647544,128.9225602
명지초교.명지중학교,35.10383052,128.9264505
신명초등학교,35.09498169,128.9221359
대방노블랜드오션뷰,35.09643678,128.9230089
부산문화회관(주차동),35.12594097,129.0933715
부산문화회관(주차동),35.12592024,129.09353
유엔평화기념관.일제강제동원역사관,35.12521687,129.0935558
가락동주민센터,35.19595296,128.900892
부산산업과학고등학교,35.18928146,128.9036456
신기마을,35.19191495,128.9009352
신기마을,35.1917993,128.9008391
봉림마을,35.19436262,128.8954152
봉림마을,35.19424384,128.8952313
차이나타운,35.11599939,129.0399537
40계단,35.10689961,129.0360557
영도대교,35.10333473,129.037529
영도,35.09459844,129.0399328
영도할매,35.0928969,129.0452034
부산항대교,35.09831108,129.0563644
부산항,35.10236719,129.0609916
신선대부두,35.10846523,129.0788748
UN기념공원,35.12194506,129.0983498
부산박물관,35.12761624,129.0951804
UN조각공원,35.13014559,129.0938315
이기대주변,35.13053611,129.1037889
용호만유람선터미널,35.13252438,129.1090847
광안대교,35.1347798,129.1126387
남천벗꽃길,35.13933349,129.1148598
광안리해수욕장,35.14571369,129.1148656
어방축제,35.15393876,129.1190718
영화촬영소,35.16323231,129.138184
마린시티,35.160697,129.141857
동백섬,35.153558,129.14664
해운대해수욕장,35.15804741,129.1528202
해운대시장,35.159601,129.1614125
해운대온천,35.16239201,129.1650536
센텀시티,35.16947069,129.1381654
벡스코,35.167727,129.129862
시립미술관,35.16807,129.133249
광안대교,35.16820592,129.1380417
수영만요트경기장,35.16256822,129.1335657
이기대,35.13881065,129.1216046
평화공원,35.134168,129.109473
부산항대교,35.10936776,129.0913883
영도대교,35.091471,129.041778
광복로,35.09396172,129.0370695
부산역,35.10689339,129.0362377
자갈치,35.0991963,129.0365104
비프광장,35.098184,129.031517
공동어시장,35.08963566,129.0242321
송도해수욕장,35.082782,129.024984
암남공원,35.07044741,129.0180729
냉동공장,35.0645,129.0135779
감천문화마을,35.07884567,129.0057001
잔잔한음악_긴거,35.088037,129.003503
용원시외버스정류장,35.10700756,128.8076798
용원택지교차로,35.10383038,128.8113273
용원택지교차로,35.10334461,128.8118703
지티에스,35.15002428,128.8662365
진해용원고등학교,35.10223803,128.8189628
진해용원고등학교,35.10206634,128.8180927
퀸덤링컨아파트201동,35.08627071,128.8958706
태야공원,35.14615639,128.8686881
태야공원,35.14602553,128.8689923
한신휴플러스아파트,35.07975412,128.9005325
한신휴플러스아파트,35.07948521,128.9004385
해광테크,35.09452482,128.8274237
해광테크,35.09453093,128.8270181
천주교아파트,35.10019083,129.0135624
퀸덤링컨아파트201동,35.08622018,128.8962202
데레사여자고등학교,35.13770551,129.0562961
부산생탁,35.07377658,128.9749794
사하정비,35.07399675,128.9750176
신장림역,35.07449178,128.9764382
신한냉동,35.07380539,128.9737633
풍영산업,35.09100464,128.8396994
봉림양수장,35.18652043,128.9033545
봉림양수장,35.18580666,128.9026107
에덴금호아파트,35.07172713,129.0768859
주포마을,35.11659305,128.8359313
부산의료원 정문,35.18795629,129.0589711
녹산주민문화회관,35.1447969,128.8757448
녹산주민문화회관,35.14476461,128.8763749
서편마을회관,35.32567723,129.2024199
서편마을회관,35.3255138,129.2027344
예림마을회관,35.32606345,129.2057015
예림마을회관,35.32592342,129.2062145
금정시장,35.20187677,129.0738744
삼밭골,35.23793761,129.0714313
삼밭골,35.2380487,129.071522
하단SK뷰아파트앞,35.11687476,128.9627685
호반써밋,35.13954024,128.908515
호반써밋,35.13960016,128.9081434
함께하는교회,35.25400049,129.1011084
동부산농협자재센터,35.28347506,129.2331623
강동농협,35.21754751,128.9382545
내눌,35.06528078,128.8409524
내눌,35.06536979,128.8410257
녹산주민문화회관 앞,35.14458278,128.8735674
녹산주민문화회관 앞,35.1446265,128.872197
눌차어촌계,35.07453958,128.8389515
눌차어촌계,35.07465153,128.8389979
눌차입구,35.06729724,128.836942
눌차입구,35.06740718,128.8368239
눌차초등학교,35.06963954,128.8420478
눌차초등학교,35.06971445,128.8421591
대흥마을,35.17713148,128.8882318
덕계마을입구,35.19128445,128.915779
덕계마을입구,35.19151181,128.916218
동선새바지길사거리,35.05247079,128.8334645
동선이주단지,35.05557303,128.8321365
득천사거리,35.18947196,128.9209673
봉림이주단지,35.17591087,128.8959855
생교,35.05255843,128.8374995
생교경로당,35.05400897,128.8416857
외눌,35.06692503,128.8394986
외눌,35.06702839,128.8395174
정거,35.06888857,128.8514141
죽림,35.19163694,128.9037171
죽림,35.19136793,128.9042048
천가교입구,35.06528986,128.8347048
천가교입구,35.06537711,128.8345971
천가어린이집,35.05465809,128.8351299
태야공원,35.14611345,128.8689889
태야공원,35.14605955,128.8686859
향월마을회관,35.0733527,128.8402568
향월마을회관,35.07341836,128.8403843
갑을녹산병원,35.0897571,128.8528232
갑을녹산병원,35.08968689,128.8524049
강서평생학습관,35.08291012,128.8732028
삼성전기기숙사,35.09292943,128.8528182
삼성전기기숙사,35.09308903,128.8523997
송정동회관,35.10302066,128.8420311
송정동회관,35.10294617,128.8418924
송정방근입구,35.10106515,128.8435059
송정방근입구,35.10107248,128.8433196
송정중학교,35.10555003,128.8422306
송정중학교,35.10543975,128.8423707
신호부영3차.5차아파트,35.08323577,128.8757482
옥포마을,35.11639769,128.8450852
옥포마을,35.11681828,128.8446889
둔치도입구,35.16284676,128.8926149
통전마을회관,35.17629692,128.8952151
더샵퍼스트월드2단지,35.09808886,128.9049429
더샵퍼스트월드2단지,35.09808734,128.9044659
명지1동 행정복지센터,35.09917389,128.9072928
명지1동 행정복지센터,35.09953061,128.9075314
삼정그린코아더베스트,35.09773376,128.91147
대방노블랜드아파트,35.0972148,128.920071
호반베르디움아파트,35.09715019,128.9197909
보각사,35.14546574,129.0461667
안창삼거리,35.14443439,129.0478106
안창마을,35.14482971,129.040153
휴게소,35.06607619,129.0192006
암남공원,35.06322521,129.0191284
현대아파트,35.07090221,129.0175323
혜성아파트,35.0714393,129.0162424
서부교육청,35.11729116,129.0122008
경성전자고등학교,35.11628599,129.0127928
경성전자고등학교,35.11635592,129.0127218
금호아파트,35.11892213,129.0113169
남성한빛.대신더샵,35.11736946,129.0121618
차고지,35.06336769,129.0812649
북구청,35.19662124,128.987845
삼락동,35.19521198,128.9854105
신라대학교,35.16702596,128.9950596
구평화신아파트,35.0863929,128.9934291
구평고개,35.08797289,128.9942619
감천삼거리,35.09146568,128.993697
유림아파트,35.09082949,128.9939585
구평고개,35.08790148,128.9942212
구평화신아파트,35.08626467,128.9933589
유림아파트,35.09074337,128.9939893
구평초등학교,35.08594461,128.9903625
구평초등학교,35.0860089,128.9903044
부산종합터미널.노포역,35.2837006,129.0943678
부산종합터미널.노포역,35.28361594,129.0943371
유림아시아드아파트.거제초교,35.1765225,129.0674057
하단역환승센터,35.10611708,128.9652591
하단역,35.10612419,128.9649359
하단역,35.10618533,128.965855
감전동(종점),35.15718534,128.9793641
감전동종점,35.15690785,128.9794878
초읍초등학교,35.18054726,129.0506445
시민도서관,35.18058639,129.0505624
윗반송역,35.23316641,129.1554483
윗반송역,35.23286606,129.154952
윗반송역,35.23305212,129.1545425
반송본동,35.23119048,129.1513644
반송본동,35.23115623,129.1512944
대동2차아파트,35.41539833,129.1789917
마을회관,35.41907167,129.177235
서창중학교,35.413885,129.1784517
흥룡사,35.41222167,129.1759817
대동아파트,35.41600833,129.1784933
서창중학교,35.41380667,129.1781517
흥룡사,35.41181833,129.1757117
그린빌아파트,35.40821,129.1739917
대우푸르지오,35.40738544,129.1721759
화성파크드림2차,35.40458302,129.1708094
그린빌아파트,35.40778,129.1736883
대우푸르지오,35.40802578,129.1715319
효암고.개운중학교,35.41294448,129.1687642
중앙중학교,35.32221833,129.1856283
중앙중학교,35.32200899,129.1844559
덕산마을,35.32279588,129.1833841
중앙중학교,35.32214675,129.1848228
구연동,35.31967384,129.1806071
달산초등학교,35.31974947,129.1876968
달산초등학교,35.31980023,129.1877641
정관산업단지,35.31732716,129.1842674
구연마을,35.32009631,129.1842555
구연마을,35.32018099,129.1842671
중앙중학교,35.32207719,129.1848019
정관센트럴파크아파트,35.31957377,129.1837347
금관빌라드앞,35.33552218,129.2841884
고원1차아파트,35.3320584,129.2827151
금관빌라드앞,35.33558907,129.2839868
고원3차아파트,35.33806009,129.2837559
효암고.개운중학교,35.41282484,129.1689886
새웅상요양병원,35.41078655,129.1667787
호산나교회.엘크루4단지,35.08420696,128.9082243
차량등록사업소,35.08732862,128.9038351
롯데캐슬,35.08560622,128.9037848
낙동강철새도래지,35.08993242,128.9173842
낙동강철새도래지,35.08978122,128.9169503
전등,35.09176209,128.9226422
행복마을,35.08660841,128.911592
행복마을,35.08793764,128.9119299
행복마을,35.08652767,128.9119393
행복마을,35.08765258,128.9121934
호산나교회.삼정그린코아,35.08444243,128.9081881
남명초등학교,35.08447198,128.9100838
호산나교회,35.08445259,128.9072613
남명초등학교,35.0844512,128.9104483
퀸덤아파트201동,35.08606333,128.8962083
르노자동차정문,35.08881484,128.8767389
신호하수처리장,35.08881717,128.8725057
르노자동차정문,35.08881002,128.876635
신호하수처리장,35.08915823,128.8726652
부영2차아파트,35.08626849,128.8728218
신호부영2차아파트,35.08651628,128.8728248
부영2차아파트,35.08727676,128.8750021
다대포해수욕장,35.048571,128.964944
다대포,35.05113232,128.9705408
아미산전망대,35.05752326,128.962498
부네치아,35.06916433,128.9537967
현대미술관,35.10310884,128.956502
낙동강에코센터,35.11037784,128.934168
낙동강하구둑,35.10765922,128.9484246
하단역,35.10618551,128.9617542
음악,35.1037949,128.9728942
석당박물관,35.109912,129.017528
국제시장,35.10327892,129.0218297
용두산공원,35.103012,129.027069
부산역(종점),35.11428,129.0409
영도대교,35.101438,129.036406
깡깡이마을,35.093921,129.037015
흰여울마을,35.0849,129.042285
하늘전망대,35.075905,129.048491
해녀촌,35.071194,129.057025
태종대,35.070884,129.079228
해양박물관,35.07833,129.074971
아르떼뮤지엄,35.081826,129.0765
부산항대교,35.098404,129.059187
신선대_오륙도음악,35.116565,129.095174
오륙도스카이워크,35.107365,129.110727
이기대주변,35.12449,129.112598
용호만유람선,35.12824,129.11504
남항대교_음악,35.107224,129.066237
남항대교,35.081728,129.038281
송도해수욕장,35.075666,129.016123
공동어시장,35.088006,129.024524
자갈치_비프,35.095544,129.024405
이기대 설명,35.127052,129.101771
수영2호교,35.16071,129.130146
시립미술관_벡스코,35.167966,129.137032
잔잔한음악,35.154923,129.136669
송도구름산책로,35.07597,129.016714
송도_더미1,35.079815,129.025022
송도_더미2,35.076278,129.023897
송도_더미3,35.076278,129.023897
송도_더미4,35.079815,129.025022
송도_더미5,35.079062,129.026663
낙동강 설명,35.0803,128.95101
광안대교더미1,35.152201,129.134193
광안대교더미2,35.141246,129.123578
광안대교더미3,35.15225,129.134947
광안대교더미4,35.141102,129.123988
구포대교더미1,35.2096483,128.9853253
구포대교더미2,35.2069308,128.9894666
구포대교더미3,35.2044411,128.9931841
구포대교더미4,35.201291,128.997952
네오스포더미1,35.1544521,129.0524369
백양초등학교,35.20809657,129.0345877
인각사,35.14554532,129.0758532
인각사,35.1453859,129.07569
금련산역,35.15006676,129.1114402
동백역,35.16176896,129.147387
동백역,35.16158548,129.1473164
부산문화여고,35.16314782,129.1443288
부산문화여고,35.16320006,129.1446868
올림픽교차로,35.16780212,129.1400064
올림픽교차로,35.16760003,129.1404785
장림역,35.0830759,128.9775251
한신아파트후문,35.24935255,129.2145565
효성자동차정비,35.11087973,129.0853066
정관농협기업지점,35.32082398,129.177223
정관농협기업지점,35.32108721,129.1773675
청사포,35.16052811,129.1928792
LH4단지,35.320747,129.1915773
LH4단지,35.3207896,129.1912157
광산입구,35.30929207,129.2323905
광산입구,35.30924273,129.2325498
구연동,35.32003778,129.1804701
구연동,35.31973234,129.1804179
기룡,35.35503936,129.2519114
기룡,35.35532898,129.2515194
기장군청,35.2446114,129.2206869
기장군청,35.24449019,129.2210531
기장체육관,35.24976222,129.2206042
내덕,35.33120054,129.2197231
원자력의학원,35.32076626,129.2421093
원자력의학원,35.32096484,129.2423347
동부산관광호텔,35.3434207,129.2523666
동부산관광호텔,35.34360525,129.2523772
동일스위트3차정문,35.33586972,129.1667316
동일스위트3차,35.33844831,129.1669049
동해선일광역입구,35.26671068,129.2336057
롯데캐슬,35.32771577,129.169304
문중,35.30192104,129.2572857
방곡마을,35.32400521,129.1861924
방곡마을,35.32422796,129.186083
상리,35.30467886,129.2310414
상장안,35.37049018,129.2437483
서희스타힐스정문,35.32552477,129.1891142
서희스타힐스정문,35.32552034,129.1888611
선암,35.33154337,129.2297922
선우아파트,35.26118206,129.2331685
선우아파트,35.2608507,129.2334998
센트럴파크,35.31958263,129.1835941
소두방공원,35.32347272,129.1848669
소두방공원,35.32348468,129.1852026
용소삼거리,35.34124063,129.2500802
용소삼거리,35.34105796,129.2506541
원당,35.30566357,129.2475741
명지더웨스턴아파트,35.09796384,128.9119314
외양포,35.00542926,128.8240513
외양포,35.00552639,128.8241849
외양포주차장,35.0070931,128.8269744
외양포주차장,35.00703726,128.8267925
두문지구,35.0387741,128.8144647
동앙이엠텍,35.14256804,128.8811628
동앙이엠텍,35.14283788,128.8811965
하나은행(미음공단지점),35.13596944,128.8585105
LG CNS,35.13694872,128.8598821
LG CNS,35.1371502,128.8596728
경동,35.1419107,128.8615859
경동,35.14190675,128.8612566
우성전기,35.14629018,128.8616088
우성전기,35.14625019,128.8612787
조선해양기자재회관,35.15006541,128.8599008
조선해양기자재회관,35.1502836,128.8600704
강진산업,35.15320798,128.8594841
강진산업,35.15321202,128.8592208
DJF,35.15531033,128.8593179
DJF,35.15519191,128.8591068
DSK,35.15740079,128.8605122
DSK,35.15769324,128.8605409
탑동,35.15886967,128.8643261
탑동,35.15913042,128.864365
렛츠런파크관람대,35.15594193,128.867469
렛츠런파크관람대,35.15615548,128.868231
렛츠런파크에코랜드,35.15114105,128.8725602
렛츠런파크에코랜드,35.15135666,128.8723128
렛츠런파크정문,35.15157313,128.8769592
렛츠런파크정문,35.15179291,128.8767338
에코델타 수자인,35.13903033,128.9151295
에코델타 수자인,35.13918512,128.9153141
서부산유통지구역,35.16659147,128.9549985
금호마을,35.16272163,128.9541157
금호마을,35.16291266,128.9540051
득천사거리,35.18907424,128.9216111
가유부산2공장,35.14553103,128.8620414
가유부산2공장,35.14577747,128.8618385
명지대방노블랜드2차,35.09487357,128.9172978
경일중학교,35.09424211,128.9167677
두문입구,35.03277375,128.8119325
두문입구,35.03290136,128.812138
서번산업,35.09915411,128.8784595
서번산업,35.09902459,128.8780947
맥도길입구,35.13080639,128.9428986
맥도길입구,35.1306801,128.9429066
송백마을,35.13078233,128.9384937
송백마을,35.1307801,128.938351
동협구판장,35.13496196,128.9383295
동협구판장,35.13493704,128.9381973
동협마을회관,35.1466816,128.9377846
동협마을회관,35.14669752,128.9379166
배영초등학교,35.15064468,128.9463492
배영초등학교,35.15079905,128.9462761
맥도,35.15125766,128.9510984
맥도,35.15143378,128.9510752
등구마을,35.19419233,128.961544
등구마을,35.19402911,128.961606
칠점마을회관,35.19843847,128.9514085
칠점마을회관,35.19828506,128.9514213
파크하얏트부산,35.15687453,129.1413605
파크하얏트부산,35.15665936,129.1415524
한화리조트해운대,35.15415058,129.1455738
한화리조트해운대,35.15422603,129.1453838
동해선일광역광장,35.26695765,129.2315771
눌차입구,35.06756558,128.8367781
아르떼뮤지엄·미창석유,35.08552853,129.0758642
덕천교차로,35.20811618,129.0049156
센텀파크앞 교차로,35.17726616,129.1237709
아르떼뮤지엄부산,35.08586801,129.0758496
부전도서관,35.15569416,129.0624308
서면부속상가,35.15765293,129.0609166
서면부속상가,35.15788823,129.0616522
이마트문현점,35.14459718,129.0634398
백병원사거리,35.17181612,129.1814587
백병원사거리,35.17212591,129.1812695
흰여울문화마을,35.07988719,129.0435887
기장군국민체육센터,35.30541303,129.2427517
기장군국민체육센터,35.30549725,129.2425836
좌천시장,35.30906474,129.2428745
좌천시장,35.30922194,129.2429008
복음병원,35.23003844,128.8938231
복음병원,35.23036713,128.8935507
복음병원입구,35.22829948,128.8940902
삼성초등학교,35.23365574,128.8990585
삼성초등학교,35.23417957,128.8995595
활천동,35.23199149,128.8954226
활천동,35.23214487,128.8959864
"푸르지오하이엔드1,2차",35.23715033,128.9134852
"푸르지오하이엔드1,2차",35.23698324,128.9135087
범2호교,35.14297866,129.0629656
성지고등학교,35.12687884,129.0811735
(구)만덕로입구,35.21399353,129.0406672
우암도서관,35.12458444,129.0783401
동부산농협자재센터,35.28357537,129.2332201
양덕초교,35.20578392,129.0096398
청유탕,35.20551123,129.008592
구포당숲,35.20497154,129.0064406
"부영아파트1,2단지",35.08729072,128.8749037
부영2차아파트,35.08627633,128.8731893
신호부영2차아파트,35.08654241,128.8731762
부경신항수협,35.08367306,128.87282
의창수협,35.08378117,128.8728225
신호초등학교,35.0824339,128.8772589
열린교회,35.08129119,128.8787368
부경신항수협,35.08372595,128.8731885
의창수협,35.08364946,128.8731813
강서평생학습관,35.08300093,128.8732268
신호부영5차아파트,35.08117833,128.8756299
극동스타클래스아파트,35.08421164,128.9008963
극동스타클래스109동,35.08420756,128.9007235
두산위브,35.0829229,128.899315
두산위브아파트,35.08305816,128.89931
퀸덤아파트211동,35.084405,128.8976167
명호초등학교,35.08554112,128.8995868
명호초등학교,35.08546876,128.8996043
한신휴플러스,35.07952843,128.9005574
명호중고등학교,35.08044038,128.8995836
화신아파트(종점),35.15914884,129.0710913
서번산업,35.0993143,128.878444
녹산농협,35.11230462,128.877628
본녹산,35.11234277,128.8826582
본녹산,35.11232121,128.8823705
녹산농협,35.11265886,128.8772189
녹산농협,35.111279,128.878115
신호프라자,35.08632086,128.8772819
동삼삼거리,35.08459764,129.0723373
동삼주공,35.08611631,129.0726223
동삼삼거리,35.08436208,129.0725055
동삼삼거리,35.084315,129.072443
동삼삼거리,35.08430367,129.07379
선경3차아파트312동,35.26215398,129.0843999
전원빌라,35.26555449,129.0889149
남산초등학교,35.26245064,129.0879552
남산성당,35.26401849,129.0848802
부산외국어대학교정문,35.26569269,129.0850838
침례병원.남산역,35.26606939,129.0928217
남산프라자,35.26319515,129.0918084
남산교회,35.26508059,129.0902652
부곡시장,35.2264624,129.0920188
부산대역(부곡2동),35.22869,129.0907067
동삼시장,35.07941841,129.0701777
동삼시장,35.07869319,129.070489
동삼중앙어린이집,35.07927563,129.068345
동삼시장,35.07859995,129.0704997
일동미라주아파트,35.08140787,129.0708436
영선동윗로터리,35.08511435,129.0428081
분포중학교,35.12831162,129.1147971
분포고등학교,35.13016832,129.1159925
LG메트로시티133동상가앞,35.13148636,129.1137011
용호만유람선터미널,35.13280399,129.1144771
LG메트로시티133동상가앞,35.13118678,129.1136754
분포고등학교,35.12993204,129.1158453
달맞이길,35.15732,129.1761567
구포교회,35.20060935,128.9995541
구포교회,35.20044709,128.9997832
새생명교회,35.19934821,129.0005687
(구)고려당제과점,35.20451303,129.0043875
고려당제과점,35.20442765,129.0043736
구포대진아파트,35.20214897,129.0044697
태양탕,35.19955485,129.0054604
구포대진아파트,35.2020693,129.0044947
태양탕,35.19948318,129.0054822
마음,35.13443831,128.8646871
중곡,35.13782737,128.8710096
마음,35.13417509,128.8639987
중곡,35.13767388,128.8705841
구랑,35.12944555,128.8579841
구랑,35.12962102,128.8581797
지사산단입구,35.13638764,128.85739
혜성아파트,35.07122808,129.0160882
현대아파트,35.07087083,129.0169826
송도혜성아파트·풍림아이원아파트,35.07231405,129.0160185
송도공영주차장,35.07387577,129.015552
송도해수욕장,35.0763815,129.016191
송도초등학교,35.07831187,129.0165232
송도교차로,35.07840113,129.0181188
부산신항만,35.07845605,128.8349806
부산신항,35.07836225,128.8349838
현대상선,35.07139679,128.8345176
부산신항다목적터미널,35.07400058,128.8345244
다목적터미널,35.07392617,128.8345282
현대상선,35.07151091,128.8345289
해운대구문화복합센터,35.18155182,129.1219436
센텀초등학교,35.18047255,129.1213383
센텀파크,35.17887948,129.1224681
센텀초등학교,35.18037179,129.1214026
센텀파크.부산은행,35.17872558,129.1225874
센텀파크112동,35.17734728,129.1236878
해운대구문화복합센터,35.18174318,129.1218224
해운대자동차검사소,35.18369205,129.1210645
온천장,35.21953967,129.0835117
보수사거리,35.10301697,129.024395
원당,35.30553065,129.2475466
원적사,35.30262567,129.250666
원적사,35.30269936,129.250822
월드컵빌리지,35.30751621,129.2446208
월드컵빌리지,35.30754907,129.2447921
이지더원1차아파트정문,35.33986513,129.1642759
모전초등학교,35.33867724,129.16293
이지더원5차,35.32680614,129.1882691
이지더원5차,35.32663491,129.18827
임랑마을,35.31786828,129.2615055
장안제일고등학교,35.31442589,129.2432617
장안초등학교,35.3465498,129.2542984
장안초등학교,35.34656054,129.2544471
재흥아파트,35.3220749,129.196734
재흥아파트,35.32209853,129.1969216
정관농협기업지점,35.32099392,129.178918
정관농협기업지점,35.32255915,129.1793174
좌동삼거리,35.31740259,129.2416242
좌동리교차로,35.31771687,129.2423055
좌천시장,35.3092324,129.2428084
좌천시장,35.30907351,129.2427825
죽성사거리,35.2421291,129.2206369
죽성사거리,35.24147154,129.2202075
하근,35.34919288,129.2529729
하근,35.3490469,129.2527405
하리,35.31257778,129.2355123
하리,35.31243383,129.2356494
하장안,35.36266771,129.2488492
하장안,35.36264336,129.248594
학리,35.25781482,129.2456847
학리분교,35.25879766,129.23366
학리분교,35.25891799,129.2338452
학리입구,35.25779437,129.2428678
학리입구,35.25795022,129.2428629
휴먼시아1단지후문,35.32747901,129.1690641
금성시장,35.20926682,129.0721299
금성시장,35.20913058,129.0721924
동래구청,35.2046536,129.0845017
동래시장,35.20349641,129.0853635
덕포시장,35.17129681,128.9831579
부산현대미술관,35.10878842,128.9420631
철마교,35.27061484,129.1502788
철마교,35.2706034,129.1504159
동래경찰서후문,35.2004627,129.0850038
빙그레서부산영업소,35.08197347,128.9727844
빙그레서부산영업소,35.08273449,128.9725094
기동대입구교차로,35.08481927,128.9728776
기동대입구교차로,35.08485111,128.9725823
동매역,35.09014796,128.9728798
한국해양과학기술원,35.07443861,129.0759738
한국해양과학기술원,35.074454,129.0756015
회동화물자동차공영차고지,35.24301278,129.1359813
계성여고입구,35.18360685,129.0696561
거제4동새마을금고,35.18182167,129.0688644
거제4동주민센터,35.17968637,129.0680474
동암마을후문.힐튼호텔입구,35.19815624,129.2231115
동암마을정문,35.19655296,129.2220907
송정,35.18349532,129.2021619
화목아파트,35.17106033,129.1789418
장산역14번출구,35.16929509,129.1753775
동일아파트,35.16684159,129.1707414
이마트.중동역,35.16670622,129.1669793
NC백화점.장산역,35.17032736,129.1773831
몰운대아파트,35.05032594,128.9674858
대우아파트,35.05037477,128.9666979
다대포해수욕장역,35.04819589,128.9654622
다대코오롱아파트,35.06561163,128.9814797
수안역.동래교차로,35.20184464,129.0833539
메가마트동래점,35.20282072,129.0818802
메가마트동래점,35.20323817,129.0806612
동래역.내성교차로,35.2043262,129.0784382
낫개역,35.0648684,128.9799465
낫개역,35.06435376,128.9800053
삼환아파트,35.06363979,128.980958
삼환아파트,35.06350559,128.981174
정묘사,35.1739887,129.0607857
해운대로데오거리,35.16307503,129.1703039
해운대로데오거리,35.16345234,129.1703688
코끼리유치원,35.20767584,129.0934944
하단역,35.10635088,128.9660014
LG메트로시티입구,35.1273919,129.1098098
LG메트로시티입구,35.12751311,129.109577
광진윈텍,35.32788557,129.261867
디에이치코리아,35.32769305,129.2579473
분포우체국,35.13038913,129.1120864
분포우체국,35.13037036,129.1123876
센텀파크앞 교차로,35.17743565,129.1241086
씨에스엠테크,35.32525535,129.2569943
용호만유람선터미널,35.13289626,129.114559
용호만유람선터미널,35.133026,129.1143539
정관박물관,35.32743694,129.1823952
정관박물관,35.32696748,129.1816953
대연동부산은행,35.13471184,129.0917887
대연동부산은행,35.13399052,129.092072
동조리젠시,35.08677912,129.0590191
봉하마을,35.19570032,128.8915626
봉하마을,35.19561993,128.8915169
용원사거리,35.09749273,128.8204912
구포시장동문,35.20647473,129.0044849
리버파크반도유보라아파트,35.20440843,129.0040992
구포당숲앞,35.20363477,129.0051067
삼경장미아파트,35.20382581,129.0069011
용주사,35.20411529,129.0081928
경혜여고,35.20442907,129.0099188
청강리공영차고지,35.22414482,129.2130969
자유5차아파트,35.12280395,129.0856018
부산추모공원,35.34800916,129.1589386
부산추모공원,35.34796671,129.1592439
사상우체국집배센터,35.17741189,128.9788832
사상우체국집배센터,35.17724291,128.9790218
기비골아파트106동,35.21590327,129.0227584
온천장지하철역,35.22148862,129.0864257
르메이에르아파트,35.22151773,129.0842137
온천장새마을금고,35.22217429,129.0814082
온천제일교회,35.22244986,129.0805806
한아름아파트,35.21790801,129.0766487
래미안3단지입구,35.21866335,129.0777935
온천프라자,35.21575992,129.0776317
부산전자공고,35.21491737,129.0771051
롯데백화점,35.21312565,129.0778006
부산전자공고,35.21438686,129.0770367
온천프라자,35.21587568,129.077975
부산인재평생교육진흥원,35.21722721,129.077724
한아름아파트,35.21770928,129.0766766
래미안3단지입구,35.21876609,129.0778456
온천장새마을금고,35.22205495,129.0812734
르메이에르아파트,35.22134199,129.0842147
홈플러스,35.22173405,129.085257
온천제일교회,35.22245045,129.0802841
롯데백화점. 명륜지하철역,35.21233344,129.0780165
부산인재평생교육진흥원,35.21692477,129.0780183
허심청,35.22199434,129.0821778
허심청,35.22169092,129.0827905
래미안1단지,35.22338799,129.0792154
캐나다영사관,35.09010785,128.9673913
부산지식산업센터,35.08984571,128.9688268
장림두산위브아파트,35.08334845,128.9678374
동해선일광역광장,35.26688256,129.2317398
래미안포레스티지 1단지,35.22534011,129.0800669
래미안포레스티지 1단지,35.22488738,129.0801926
광명사입구,35.1458839,129.0451818
대양산업·하버시티,35.13141022,129.057518
롯데백화점동래점,35.21270545,129.0787584
거제여중입구,35.18724488,129.066329
"대저중앙초등학교,가락중학교",35.14256229,128.9174531
"대저중앙초등학교,가락중학교",35.14249751,128.9169908
감천2동삼거리,35.09289574,129.0090849
감천2동삼거리,35.09294432,129.0088723
감천2동새마을금고,35.0918273,129.0083022
감천2동새마을금고,35.0923348,129.0084023
감천2치안센터,35.09417547,129.0101689
감천2치안센터,35.09440285,129.0100429
감천문화마을.부산교육역사관,35.09732436,129.0107561
감천문화마을.부산교육역사관,35.09738386,129.0104286
강동119안전센터,35.17518385,128.9158373
강동119안전센터,35.17461993,128.915879
강서경찰서,35.11844473,128.9072796
강서경찰서,35.11840837,128.9075859
경동포레스트힐행복주택,35.1003616,129.0115544
경동포레스트힐행복주택,35.10052234,129.011372
남광정밀,35.16663159,128.9132717
남광정밀,35.16622836,128.9134104
대성사,35.09844233,129.0115402
대성사,35.09836471,129.0113299
동양라이트,35.12511414,128.9086746
동양라이트,35.12515631,128.9082862
득천,35.18476368,128.9198054
득천,35.18416427,128.9198132
득천사거리,35.18926249,128.9208224
상곡,35.17197658,128.9149225
상곡,35.17214791,128.9152009
상곡정미소,35.17688592,128.916481
상곡정미소,35.17676196,128.9166262
중곡,35.16430895,128.9128331
중곡,35.16434124,128.9130699
푸르지오센터파크아파트,35.14705124,128.9173884
푸르지오센터파크아파트,35.14689115,128.9178235
한양수자인,35.13911621,128.9153975
한양수자인,35.138957,128.9152073
현대슈퍼,35.18168137,128.9186846
현대슈퍼,35.18160635,128.9188694
호반써밋,35.1394367,128.9085099
호반써밋,35.13949212,128.9081381
장림역,35.08110968,128.977146
구평자유아파트,35.08756444,128.9843625
한신휴플러스아파트,35.08707133,128.9844821
대동중고등학교 정문,35.08693583,128.9842266
대동중고등학교 입구,35.08533525,128.9831847
대동중고등학교 입구,35.08531208,128.9829484
송정,35.10451284,128.8425472
송정,35.10524024,128.8433093
성고개,35.1105206,128.8566382
성고개,35.11034109,128.8574731
보수초등학교,35.10544678,129.0242581
언양식당,35.0715543,128.9850939
청도식당,35.0709792,128.9861024
구평고물상,35.07352656,128.9842645
구평농협,35.07253906,128.9837906
언양식당,35.07149795,128.9849555
진해식당,35.07026622,128.986729
청도식당,35.07113475,128.9857834
구평농협,35.07236785,128.984185
진해식당,35.0701604,128.987326
천우슈퍼,35.07001465,128.9879321
좌천할인마트.서린엘마르더뷰,35.13681502,129.0473742
성북고개,35.13791009,129.047855
"좌천할인마트,서린엘마르더뷰",35.13674704,129.047321
성북고개,35.13875138,129.0481558
범일초등학교,35.13994856,129.0489205
좌천할인마트.서린엘마르더뷰,35.1365471,129.0468424
수정5동노인정,35.13719228,129.0460158
수정동부교회,35.13798901,129.0468527
렉슬빌라,35.13641471,129.0463332
대화주택,35.12958519,129.0394084
덕암빌라,35.13068237,129.0392194
수정산체육공원,35.13247831,129.0391186
동여자중학교,35.13272446,129.0405563
동여자중학교후문,35.13360662,129.0406499
동원빌라,35.13448274,129.0408287
부산종합사회복지관,35.12872837,129.0408322
수성아파트,35.13631079,129.0444357
수정4동,35.12848698,129.0407269
복지회관,35.08143467,129.0477366
복천사,35.08200297,129.0476783
체육공원,35.08042456,129.0474695
소라맨션,35.16549555,129.067543
아트빌라,35.16535152,129.0680568
동의중학교,35.16563669,129.0694273
원당골,35.18161371,129.0590092
초읍대우아파트,35.18039034,129.0574404
초읍중학교,35.18006434,129.056305
사직2동주민센터,35.20039639,129.0571462
사직2동주민센터,35.20036612,129.0572378
사직동교회,35.20044701,129.0615611
사직시장,35.20126291,129.062718
삼익아파트정문,35.19983361,129.0604563
동천고등학교,35.14121339,129.0887997
산성교회,35.13027694,129.0917862
해운대시장,35.1622456,129.1632219
반도병원,35.16308737,129.1623399
해운대구문화복합센터,35.18200373,129.1218676
과정교,35.18455564,129.1189318
당산4길,35.12818497,129.0769071
동일아파트,35.12537683,129.0778529
백계단,35.12662117,129.0776119
팔각정,35.12654061,129.0776466
용호동벽산아파트,35.10886616,129.1146561
부산예빛학교,35.27951163,129.2320254
부산예빛학교,35.27938038,129.2320169
금호마을,35.16159013,128.9538202
월포,35.15701578,128.9384911
순서마을,35.16067462,128.9349753
순서마을,35.16056617,128.9349947
수문할매집,35.21783936,128.9905265
수문할매집,35.21797155,128.9905738
강서고.부산혜원학교,35.21441697,128.9881489
변덕마을,35.21475504,128.9883686
엘크루블루오션4단지,35.08209466,128.9100124
엘크루블루오션4단지,35.08209977,128.9101194
엘크루블루오션6단지,35.08189597,128.9103257
엘크루블루오션6단지,35.08189119,128.9102022
롯데캐슬아파트,35.08211517,128.9065649
엘크루블루오션,35.08211672,128.9064663
강서경찰서,35.11785722,128.9065383
강서경찰서,35.1178277,128.9066439
순아3구,35.11904773,128.9036144
순아3구,35.11877807,128.9032818
순아3구,35.11900998,128.903738
양정포레힐즈스위첸,35.17331823,129.0782068
연산전화국,35.17364765,129.0790647
양정자이더샵SK뷰,35.17245734,129.0761192
빅세일마트,35.17317839,129.0773042
양정농협앞,35.17496025,129.0769107
세정고·양정119안전센터,35.17508273,129.0764977
양정산호맨션,35.17487615,129.075969
유림스토아,35.17972508,129.0642476
유림아파트113동,35.18049364,129.0645022
유림아파트112동,35.17921824,129.0643453
동서그린아파트,35.18186446,129.1025263
동암학교,35.18120133,129.1027156
정수사,35.18004286,129.1029026
로얄아파트,35.17941731,129.1027988
정수사,35.18001999,129.1030405
남일고,35.17787314,129.1038155
로얄아파트상가,35.17842782,129.1037509
로얄아파트,35.1791926,129.1026961
로얄아파트101동,35.17835146,129.1024881
도시고속도로 다리밑,35.17434667,129.1116967
망미초등학교,35.17378833,129.11458
망미초등학교,35.17380531,129.1136219
산성교회문화관,35.1314083,129.0919647
산성교회문화관,35.13111589,129.0921986
죽동삼거리,35.19713489,128.889724
죽동삼거리,35.19709078,128.8896626
힐탑탑플레이스,35.13174235,129.1128289
힐탑탑플레이스,35.13199533,129.1127916
해원냉장,35.06145024,129.0099607
대저역,35.21317745,128.9611498
상방마을,35.17338193,128.950524
아미산 대성사,35.09851891,129.0115276
아난티코브(힐튼부산),35.19742856,129.2288221
죽도(연화리),35.21687059,129.2248873
낙민역.동래고등학교,35.19963318,129.0926951
낙민역.동래고등학교,35.19967504,129.0920978
동래시장,35.20101588,129.0880317
동래시장,35.20103514,129.0871758
수안역.동래교차로,35.20172977,129.0842567
올림픽교차로환승센터,35.16808137,129.1377092
유엔조각공원,35.13022723,129.0978387
유엔조각공원,35.13001577,129.0986011
연제공용버스차고지,35.18542315,129.0534319
남흥아파트,35.22813103,129.1627117
반송도개공입구,35.22878321,129.1612629
금곡주공5단지,35.25148456,129.0136342
벡스코역.올림픽교차로환승센터,35.16782096,129.1374006
풍유동차고지,35.21961375,128.8426116
농소교,35.21570671,128.8396737
농소교,35.21578087,128.8395381
한발매스테크,35.21343553,128.834637
한발매스테크,35.21323461,128.8348137
중소기업비지니스센터,35.21379268,128.8318833
희생명센터,35.21408477,128.8313408
남명더라우,35.2036909,128.8183929
남명더라우,35.20306344,128.8178683
범동포,35.19362883,128.8190029
하봉마을,35.19332502,128.8188315
농수산물유통센터입구,35.18693129,128.8227067
롯데아울렛,35.18580517,128.831639
롯데아울렛,35.18537648,128.8313824
롯데워터파크,35.18021632,128.8308385
롯데워터파크,35.1801315,128.8310836
용산마을,35.18189639,128.8228193
용산마을,35.18208305,128.8226917
한림풀에버,35.178854,128.8195791
한림풀에버,35.17849133,128.8188247
여차,35.33769227,128.8935774
여차,35.33763102,128.8934605
학운동,35.34288134,128.8956947
학운동,35.34272507,128.8956031
백학,35.34490171,128.8967318
백학,35.34488567,128.896605
백운동,35.34692043,128.8981594
백운동,35.34714547,128.8981757
용산초등학교,35.35464631,128.9014147
용산초등학교,35.35485117,128.901568
용산,35.36227645,128.9021602
용산,35.36226537,128.902292
감로,35.35281359,128.9192958
감로,35.35276999,128.9194873
신곡,35.34445078,128.9292001
신곡,35.34447596,128.9293162
화현,35.33817185,128.9355449
화현,35.33817935,128.9353581
아랫화현,35.33576568,128.9411676
아랫화현,35.33592156,128.9410009
매리취수장,35.3315395,128.9581885
매리취수장,35.33131479,128.9584305
고바우,35.32974136,128.961543
고바우,35.32834729,128.9627629
윗매리,35.32599727,128.9645809
윗매리,35.32492855,128.9651873
매리,35.32093528,128.966641
매리,35.32096449,128.9667846
상동매리농협,35.31590665,128.9680364
상동매리농협,35.31599098,128.9681154
소감입구,35.31201384,128.9696846
소감입구,35.31161993,128.9698015
고암,35.30920308,128.9707378
고암,35.30931487,128.97079
고암2반,35.30461467,128.9741443
고암2반,35.30495209,128.9738996
고암3반,35.2987073,128.977194
고암3반,35.29781552,128.9774471
신촌,35.29521631,128.9790601
신촌,35.29519623,128.979186
신암,35.29087287,128.9807019
신암,35.2908744,128.9806085
덕산,35.28027811,128.980801
덕산,35.2803445,128.980874
덕산삼거리,35.27813693,128.9844303
월촌나루터,35.28738934,128.9949874
월촌나루터,35.28735875,128.9946569
월촌,35.28250908,128.9969282
월촌,35.28248837,128.9968178
평촌,35.2752763,129.0024374
평촌,35.27545068,129.0025186
감천입구,35.26659217,129.0019819
감천입구,35.26661287,129.0020923
하사,35.26059784,129.0012631
하사,35.26057341,129.0013779
조눌,35.2567724,129.0001748
산양마을,35.11257109,128.8701033
산양마을,35.11226566,128.8703321
신호사암파크골프장,35.09223079,128.8870066
부산콘서트홀,35.17012973,129.0543643
명지시장,35.11197015,128.9317116
자이아파트,35.14162186,128.9142357
한양수자인,35.14121146,128.9134033
남포동,35.0979277,129.0318568
남포동,35.09790582,129.0326238
남포역.옛시청교차로,35.09793512,129.0351739
남포역.옛시청교차로,35.0986495,129.0358331
부산데파트,35.10044234,129.0366672
부산데파트,35.10090138,129.0364319
부산역,35.11549531,129.0399482
부산역,35.11616481,129.0400582
세리골입구,35.10807392,128.9985897
영주동,35.10895522,129.0371258
영주동,35.10962117,129.0371808
자갈치역.비프광장,35.09784795,129.0290861
자갈치역.비프광장,35.09815047,129.0295871
정원사 참누리아파트,35.1058697,129.0013707
중앙역.부산우체국,35.10340919,129.0362805
중앙역.부산우체국,35.10459171,129.0364305
중앙역.중부소방서,35.10663147,129.0362455
중부소방서,35.10764459,129.0362872
협진신태양아파트,35.106303,128.9985958
서부시외버스터미널.사상역,35.16274887,128.9865058
부산의료원정문,35.18834566,129.0588602
대연파크푸르지오,35.12538063,129.0892905
화진피에프,35.1485823,128.868985
화진피에프,35.14857353,128.8686776
구 신천교 앞,35.27591087,129.108645
구평자유아파트,35.08754068,128.9845921
금정구민운동장입구,35.27590175,129.1076173
금정구민운동장입구,35.27572965,129.1076678
웰빙주말농장 입구,35.28427518,129.1075101
웰빙주말농장 입구,35.28435155,129.1072648
정원사 참누리아파트,35.10580665,129.001232
대저중앙초.가락중,35.14219488,128.9170359
대저중앙초.가락중,35.14194204,128.9173536
"에코델타이편한세상,푸르지오",35.14534414,128.9139279
"에코델타이편한세상,푸르지오",35.14608154,128.9143127
삼경아파트정문,35.07769398,128.9826023
삼경아파트정문,35.07773156,128.9827841
신장림역하나병원,35.07468848,128.9768101
상수도사상가압장,35.12471101,128.9679321
상수도사상가압장,35.12454432,128.9682078
신평시장,35.0910497,128.977818
"에코델타e편한세상,푸르지오",35.14595041,128.9143399
"에코델타e편한세상,푸르지오",35.14548838,128.9139231
오시리아역 정문,35.19623086,129.2086231
이케아앞,35.19223839,129.2106227
부산진초등학교,35.15048111,129.0555294
조선통신사역사관,35.13627826,129.0627142
문현여자고등학교,35.14521859,129.0748735
문현여자고등학교,35.14543383,129.0749339
범천2동주민센터.견우공원,35.14688499,129.0557595
범천2동주민센터.견우공원,35.14660956,129.0555277
안창삼거리,35.14428601,129.0479241
토성역.아미동입구,35.09971717,129.018206
함께하는교회,35.25393536,129.1010774
팔도시장후문,35.17332001,129.1161646
망미고가도로,35.17401553,129.1105608
망미역,35.17262836,129.109843
덕두새동네,35.17451459,128.9502159
공항입구,35.17661568,128.9500292
수영세무서,35.14396225,129.1104019
동서대글로벌빌리지,35.14587262,129.0062942
현대무지개아파트,35.14473931,129.005619
현대무지개아파트관리사무소,35.14507764,129.0055102
남천1동 행정복지센터,35.14261073,129.1100287
동서대글로벌빌리지,35.14590583,129.006465
현대무지개아파트,35.14478338,129.0057949
현대무지개아파트관리사무소,35.14511363,129.0058281
모라종합사회복지관,35.18477965,128.9981835
모라1단지종점,35.18474542,128.9988927
캐슬스포츠센터,35.18215417,128.9805459
조광페인트,35.18146463,128.9790513
한수원인재개발원입구,35.34030017,129.3025864
한수원인재개발원입구,35.34092493,129.3031375
월전,35.23942937,129.2440539
기장실버타운,35.24480217,129.2414358
신앙촌,35.24439823,129.2386109
원죽1구,35.24375715,129.2435599
죽성초등학교,35.24238033,129.244452
덕두,35.17963172,128.9570605
대저농협앞,35.18038633,128.9551909
덕두,35.17992808,128.9565729
하신,35.094972,128.900818
덕두시장,35.1786021,128.9584581
덕두,35.17883493,128.9584272
천마마을,35.08451163,129.0144322
부산종합터미널.노포역,35.28382924,129.0947665
부산종합터미널.노포역,35.28361262,129.0946993
부산종합터미널.노포역,35.28339666,129.0950245
노포삼거리,35.28032471,129.0932657
청학시장,35.09716969,129.0597839
장림시장번영1길,35.08258229,128.9706201
기장고등학교,35.23995837,129.2104484
대라리사거리,35.23859489,129.2132134
대라리사거리,35.23870939,129.2132098
부산보건고등학교,35.08146642,129.0413804
부산보건고,35.0821439,129.0412422
영선2동행정복지센터,35.08705756,129.0420271
강남병원,35.08737628,129.0437599
탑마트,35.08677271,129.0434571
성모신협,35.08577087,129.04266
인성글로벌냉장,35.07269234,129.006847
동양레미콘,35.07613386,129.0061734
한일냉장,35.07998252,129.0056369
감천항동편부두,35.08167016,129.0057065
감천1.2.3부두,35.06806996,129.0093896
대림아파트,35.08232027,129.0251637
등대시장,35.08432033,129.0249884
대진아파트,35.08735223,129.024673
공동어시장,35.0896392,129.0244252
충무쇼핑.충무동새벽시장,35.09278398,129.0241193
자갈치역.충무동해안시장,35.09577425,129.0245128
암남동주민센터,35.07986201,129.0213187
삼성여고,35.09073936,128.9974202
삼성여고,35.09077809,128.9973289
괴정동교차로,35.09570828,128.9936802
감천삼거리,35.09371673,128.9927301
감천삼거리,35.09406687,128.9928526
홈플러스,35.09567319,129.0448785
미광아파트,35.09461677,129.0440521
깡깡이예술마을,35.09111797,129.0372188
일동미라주아파트,35.0818786,129.0707194
천리교,35.08351511,129.0712896
동삼주공아파트1단지,35.08277058,129.0695058
태종파크맨션,35.08214988,129.0675306
동삼슈퍼,35.08001355,129.0670953
태종파크맨션,35.08202246,129.0677195
청학주유소,35.09293516,129.0652738
대영약국,35.09391909,129.0646653
부영슈퍼,35.09061255,129.0661159
청학주유소,35.09303861,129.0652119
남도여중,35.08667438,129.0461798
신선중학교,35.08149815,129.0448325
신선중학교,35.08140507,129.0448057
신선중학교,35.08231591,129.0449025
흰여울문화마을,35.08013419,129.043541
흰여울문화마을,35.08036358,129.0442228
영도초등학교,35.0893354,129.0447982
강남병원,35.08794298,129.0438541
외환은행,35.09002273,129.0436517
남항시장,35.08869009,129.0424341
동삼초등학교,35.07863905,129.0735601
동삼중앙어린이집,35.07902551,129.0683144
동삼슈퍼,35.08014941,129.0671916
해동종합,35.08968518,129.0710745
아르떼뮤지엄·미창석유,35.08565897,129.0749666
(주)거청,35.09421993,129.067906
대선조선,35.09724269,129.0616725
청학수변공원,35.0980791,129.0600506
조눌,35.25673836,129.0000531
신동마을,35.25102084,128.9983965
신동마을,35.25101902,128.9985064
신동2구,35.24554,128.9968669
신동2구,35.24555611,128.9969826
신동,35.24329751,128.9962352
신동,35.24328651,128.9963558
안막2구,35.24035385,128.9954985
안막2구,35.24046383,128.9956605
송백,35.12382801,128.940154
송백,35.12459591,128.9399426
염막1구,35.13385024,128.9458791
염막1구,35.13432103,128.9454671
작지,35.14290458,128.9503636
작지,35.14357898,128.9499744
장락,35.1353574,128.8943863
장락,35.13551603,128.8925963
(구)영천빌라,35.1354482,129.0423618
영호빌라,35.13249819,129.0397981
정은빌라,35.13645583,129.0453337
협성파크맨션,35.13156872,129.0391913
(구)영천빌라,35.13558184,129.0424065
영호빌라,35.13262531,129.040046
정은빌라,35.13656278,129.0453124
백련정사입구,35.12824273,129.0393914
협성파크맨션,35.13160159,129.0389901
가락동행정복지센터,35.19652074,128.901177
가락파출소,35.19536973,128.9024511
두산위브더테라스,35.32006096,129.1968555
두산위브더테라스,35.31985259,129.196421
강서구청역,35.21130194,128.9797275
강서구청역,35.21097151,128.9795438
반도보라아파트,35.10839338,128.977458
솔개다리,35.1127335,129.0818229
시방,34.96313212,128.7075693
시방,34.96295107,128.7076257
통합세산마을,35.15003397,128.8791622
통합세산마을,35.14973158,128.8794844
대저2동행정복지센터,35.1788577,128.9568783
청량사교차로,35.11469865,128.9199366
청량사교차로,35.11449329,128.9195315
센텀중학교,35.17540266,129.1252163
남구실내빙상장,35.10266802,129.1088625
남구실내빙상장,35.1025535,129.1087115
더래디언트금정산아파트,35.21620712,129.0358032
만덕노인요양원,35.21753521,129.037747
만덕노인요양원,35.21763642,129.0376233
상학초등학교,35.21829942,129.0394572
상학초등학교,35.21816035,129.0394208
상학 산복길,35.21670462,129.0397083
상학산복길,35.21662532,129.039871
부산현대미술관,35.10827614,128.9434931
원우아파트,35.08551801,129.0634933
일신마리나아파트,35.08655246,129.0630754
성안마을,35.23666627,128.950432
성안,35.23644283,128.9503168
주중,35.23463302,128.9479834
주중,35.23466349,128.9477699
신현마을,35.25845105,129.1028365
감천,35.27035908,128.9813204
감천,35.27037917,128.9814692
괴정,35.25106883,128.9816472
괴정,35.25108,128.9817903
괴정소류지,35.26762053,128.9804351
괴정소류지,35.26764116,128.9805509
남성정밀,35.30550651,128.9207389
남성정밀,35.30560552,128.9207468
다대농협,35.05641032,128.9704292
대감초등학교,35.27246688,128.9822013
대감초등학교,35.2721643,128.9819687
동척골,35.31549155,128.9561358
동척골,35.31583136,128.9562979
봉암입구,35.31416995,128.9419706
봉암입구,35.31424016,128.9418074
상동명사무소,35.30791577,128.9304428
상동명사무소,35.3080184,128.9305057
소락마을,35.30573371,128.9118067
소락마을,35.30584468,128.9116279
원지,35.24437687,128.9833462
원지,35.24432516,128.9832022
지나,35.26302753,128.9810814
지나,35.2630569,128.9812139
청사초롱,35.31489996,128.9475678
청사초롱,35.31500197,128.9473888
포산마을구판장,35.31731028,128.9604071
포산마을구판장,35.31727589,128.9600269
윤산터널입구,35.23947107,129.0921422
윤산터널입구,35.23937393,129.0907228
장전역,35.24007422,129.0872204
장전역,35.23985289,129.0872531
장전초등학교,35.24015998,129.0853827
장전초등학교,35.23991909,129.0855029
산성터널입구,35.23514589,129.0196007
산성터널입구,35.23488423,129.0198907
화잠초등학교,35.23454789,129.0179054
화잠초등학교,35.23415161,129.017621
와석교차로(화명역),35.23461197,129.0156828
와석교차로(화명역),35.23434646,129.0151216
화명롯데마트(화명역),35.23490925,129.0129827
부산조선,35.09948504,129.0581312
(주)거청,35.09393843,129.0676722
대선조선,35.09696172,129.0614421
청학수변공원,35.09781564,129.0598172
부산조선,35.09909747,129.05804
SK부산저유소,35.09797048,129.0556113
HJ중공업,35.09609569,129.0535976
HJ중공업,35.09566466,129.0529105
민락어민활어직판장,35.15530723,129.1285734
광안역,35.15925582,129.1132837
대평화장품,35.09143729,129.0342408
대교사거리,35.09146252,129.0394619
남항동,35.09023103,129.0384393
제일은행,35.09058459,129.0386418
영선아파트,35.07802196,129.0458656
흰여울문화마을,35.07962098,129.04458
남항초등학교,35.08380079,129.0431986
대동대교맨션,35.09080375,129.0350828
토토볼링장,35.09009957,129.0365417
대평화장품,35.09155851,129.0345317
진주슈퍼,35.09192436,129.034011
용원,35.09640239,128.8198831
용원,35.09681107,128.8204892
옥포,35.11594654,128.8425395
옥포마을,35.11630135,128.8450501
옥포마을입구,35.11612998,128.8441125
에스피엘,35.15060319,128.8249902
렛츠런파크입구,35.15252727,128.8821583
렛츠런파크입구,35.15210434,128.8816935
렛츠런파크입구,35.15201353,128.8809949
불암역,35.22221655,128.928046
설만마을회관,35.17464767,128.9280406
동신에프에이,35.1751865,128.9242633
신진화이너스,35.17493669,128.925805
정관도새집,35.1680889,128.9268616
공항상회,35.20251262,128.9410826
평강사리마을입구,35.20568774,128.9425065
칠점입구,35.198665,128.9398368
평강사리,35.20432763,128.9418847
대저1동사무소,35.213725,128.980973
강서구청,35.21292006,128.9815956
대저119안전센터,35.21461085,128.9774674
대저119안전센터,35.21467256,128.9757724
대저119안전센터,35.21459072,128.9775837
대저1동사무소,35.21536556,128.9811024
대저1동사무소,35.213827,128.980399
강서등기소,35.21544135,128.97957
영도배수지,35.09054821,129.0481152
삼거리이용원,35.09158987,129.0490503
영도배수지입구,35.09021371,129.0479362
부산항만공사,35.10071924,129.037958
양지공원,35.15383646,129.0047682
모덕초등학교,35.18268262,128.9908454
자유아파트,35.17999226,128.9900985
사상도서관,35.17841777,128.9892151
모라화인아파트,35.19031363,128.9934824
협성아파트,35.19242823,128.9933721
모라벽산아파트,35.1905534,128.9951175
구포현대아파트,35.19468918,128.9939049
구포현대아파트,35.19456137,128.9938397
모라119안전센터,35.191746,128.9920762
모라119안전센터,35.19199067,128.9922053
삼정그린코아아파트,35.18922376,128.9926187
모라농협,35.18757207,128.9906135
모라우성아파트,35.18938244,128.9911652
농협,35.18765514,128.9906156
모라우성아파트,35.18925477,128.991133
만덕동일아파트,35.21551867,129.0272129
옥천사입구,35.21572065,129.0261333
구룡사,35.21589489,129.0049811
북구문화빙상센터,35.21432602,129.0045552
수정강변타운후문,35.21980924,129.0075774
구룡사,35.2162123,129.0050728
수정강변타운후문,35.21948334,129.0072433
덕천교차로,35.21197612,129.0044102
덕천교차로,35.21183976,129.0044632
서생농협,35.34813499,129.3233038
신암,35.34705348,129.3205014
신리마을,35.34338213,129.3194677
원자력후문,35.34255053,129.3182778
해수탕,35.34626854,129.3212693
신리삼거리,35.34583684,129.3127571
신리입구,35.34396949,129.3081301
봉수대입구,35.33515552,129.2923677
신리삼거리,35.34567347,129.3128184
신리입구,35.34370151,129.307733
센텀피오레1차,35.1924498,129.1160045
동해선재송역,35.18842,129.1205766
동해선재송역,35.18941302,129.1204741
동해선재송역,35.1892145,129.1208238
센텀리슈빌아파트,35.19072131,129.1171203
센텀E편한세상,35.1897994,129.1175649
송수초교,35.19015839,129.1193606
삼한아파트,35.21452927,129.098503
성지아파트,35.21323818,129.0998659
한신아파트,35.24933422,129.2139882
화명롯데마트(화명역),35.23459937,129.0129202
경부선화명역.고용복지센터,35.2352623,129.0099051
경부선화명역.고용복지센터,35.23492058,129.0101328
남명아파트,35.1704166,128.9886594
아세안 문화원,35.17540714,129.1819581
다대포항역,35.05737539,128.9709347
신현마을 입구,35.25838402,129.1028046
명지더웨스턴,35.09645437,128.9139274
동평사거리,35.16536505,129.0367899
안평차량기지,35.24225682,129.1762486
삼육부산병원후문,35.11276895,129.0108532
운수사입구,35.18586412,129.0037232
신동아헤어스케치앞,35.11320679,128.9646592
신호부영3차.5차아파트,35.08341657,128.8754207
신호부영3차.5차아파트,35.0832387,128.8758497
개금현대아이아파트,35.14758506,129.0198369
백병원입구,35.14826987,129.0201117
스위트팰리스,35.10961377,128.919502
스위트팰리스,35.10957176,128.919024
문화아파트,35.1153451,129.0163482
장림항(부네치아),35.08015443,128.9572172
장림항(부네치아),35.08017448,128.9573711
사직중학교,35.19940937,129.0539514
초읍고개,35.18547513,129.054089
송정초등학교,35.08584449,128.875183
송정초등학교,35.08553412,128.8754391
중앙공원.민주공원입구,35.11356783,129.0296898
이원솔루텍,35.14820529,128.8308589
지사문화회관,35.15077973,128.8313555
눌원빌딩,35.13684331,129.0652516
봉래1동행정복지센터,35.09373914,129.0438028
평전교,35.32716297,129.173113
평전교,35.32735596,129.1729038
석포여자중학교,35.12417318,129.0951552
석포여자중학교,35.12406739,129.0952786
유엔평화기념관.일제강제동원역사관,35.12532107,129.0936545
코오롱하늘채아파트,35.12440742,129.0943769
코오롱하늘채아파트,35.12442117,129.0946241
금정구테니스장입구,35.2802667,129.1078073
금정구테니스장입구,35.28028912,129.1075552
명지더힐시그니처아파트,35.09304706,128.9142617
명지더힐시그니처아파트,35.09266523,128.914187
숲속유치원 앞,35.22001363,129.0983741
숲속유치원 앞,35.22016099,129.0981912
자원순환협력센터,35.13342209,128.8819561
자원순환협력센터,35.13352321,128.8818268
지사문화회관,35.15060381,128.831368
샘골공원,35.26033809,129.0878004
산성터널영업소,35.23961056,129.0242204
솔빛공원,35.34190859,129.1618449
솔빛공원,35.34198865,129.162155
대연파크푸르지오,35.12544947,129.0893306
대연파크푸르지오,35.12559363,129.0890711
내성중학교,35.20392302,129.0777802
금강펜터리움1차,35.09982265,128.9180442
금강펜터리움1차,35.10050939,128.9176436
더힐시그니처,35.09610419,128.913911
상당중학교,35.17873118,129.1770174
명륜교차로,35.20685711,129.0819229
명륜교차로,35.20668172,129.0821655
운촌,35.16003996,129.1511218
운촌,35.1602888,129.1518252
장림1동행정복지센터,35.08274268,128.9660688
해운대구청어귀삼거리,35.16525471,129.1616569
해운대도시철도역,35.16357836,129.1586386
해운대도시철도역,35.16332566,129.158407
동양라이트,35.12502605,128.9082585
동양라이트,35.1249838,128.9086524
명장농협,35.20279364,129.0998796
명장농협,35.20297712,129.0996922
수정성당입구,35.13265149,129.0462176
KCC글라스,35.19885773,128.9012781
KCC글라스,35.19881893,128.9014528
농심부산공장,35.18627288,128.982726
모라역,35.18783756,128.988296
보성정비,35.1884709,128.9833283
부산벤처타워,35.19098762,128.9842786
부산조리고등학교,35.18375059,128.9821159
금릉슈퍼,35.1270882,129.0760618
성지교회,35.12552469,129.0768503
우암초등학교,35.1248003,129.0773145
포부대,35.12977025,129.075735
대룡마을,35.37083124,129.2623171
도야마을,35.37617951,129.2606181
무곡마을,35.22666398,129.2121714
무곡마을,35.22677177,129.2119437
달음교,35.31921659,129.1973191
달음교,35.31926684,129.1975294
두산위브더테라스.재흥아파트,35.32174466,129.1967993
두산위브더테라스.재흥아파트,35.32174556,129.1969973
배좌골,35.27385519,129.1326401
배좌골,35.27378923,129.1328032
부산치유의 숲,35.27008384,129.1293217
한신아파트,35.24929528,129.213654
기장교리아파트,35.25319367,129.2143737
교리초등학교,35.25392725,129.2155761
만화리,35.25633912,129.1995424
만화리입구,35.25326946,129.2040702
부산장안고등학교,35.32013801,129.2375023
내덕입구,35.32224192,129.2322875
부산프리미엄아울렛,35.32199864,129.2346834
부산프리미엄아울렛,35.3220229,129.2345906
좌천삼거리,35.31285987,129.2436855
좌천삼거리,35.31277903,129.2436972
좌동리교차로,35.31775681,129.2423107
평전마을,35.32829072,129.1738921
산막입구,35.33056023,129.1716901
신동아파밀리에후문,35.32660386,129.1766596
정관읍사무소.기장소방서,35.32517571,129.1797252
산막입구,35.33050838,129.1717346
평전마을,35.32822477,129.1739496
선동상현마을,35.2664357,129.1124835
회동수원지입구,35.26405638,129.1064479
상현마을입구,35.26650586,129.111192
우리은행,35.22364523,129.0898486
동일고무벨트,35.22289439,129.1146938
부산예원고등학교,35.22490353,129.1166785
욱성화학(주),35.22660116,129.1189274
부산대법학관,35.23626663,129.0790294
부산대법학관,35.23617376,129.0786493
부산대화학관,35.23451566,129.0781237
부산대미술관,35.23260649,129.0761631
부산대음악관,35.23325868,129.0762795
부산대미술관,35.23274384,129.0763487
부산대음악관,35.23339087,129.0764531
부산대예술관,35.23212966,129.0773145
유림아파트112동,35.17929828,129.0645033
경인문구,35.17263588,129.0961974
경인문구,35.17231288,129.095829
섬강빌라,35.1718037,129.0963433
뉴서울아파트,35.12389284,129.0804447
우암자유아파트,35.12548039,129.0815886
우암자유아파트,35.12339088,129.0799481
우암자유3차아파트,35.12352157,129.0798579
배산역,35.17336717,129.095794
배산역.연제만화도서관,35.17327472,129.0964704
배산역,35.17332645,129.0954337
성지고등학교,35.12707136,129.0813206
대연푸르지오클라센트·동림리라,35.12836346,129.0851944
부산공고,35.12977467,129.0885485
부산공업고등학교후문건널목,35.12897415,129.0868257
부산공업고등학교후문,35.12981573,129.0886289
성지고등학교,35.12721977,129.0817118
대승아파트,35.12770961,129.0832275
대연푸르지오클라센트·동림리라,35.1283254,129.0850114
우암자유아파트,35.12612176,129.0818743
뉴서울아파트,35.12430164,129.0805225
우암뉴서울아파트,35.12516471,129.0791351
일신보라아파트,35.12606644,129.0795493
뉴서울아파트,35.12504021,129.0790893
부산국제수산물도매시장,35.06002442,129.0115725
수산가공선진화단지입구,35.05705224,129.0122832
마산,35.24009177,128.9696076
시례마을,35.2490512,128.9597447
시례,35.24516341,128.9613778
장시마을,35.23867615,128.9628487
수안,35.22934362,128.936837
마산,35.24023902,128.9696272
시례마을,35.24911867,128.9594867
시례,35.24511552,128.9611573
장시마을,35.23855848,128.9627158
신동아파밀리에정문,35.32547811,129.177235
신동아파밀리에정문,35.32541804,129.1771895
정관읍사무소.기장소방서,35.32513209,129.1798043
가동마을,35.33110989,129.1798659
정관양우내안에,35.32843973,129.1789007
중앙중학교,35.32191722,129.1844292
덕산마을,35.32281143,129.1833153
소두방공원,35.32363337,129.1853276
LH4단지,35.32106433,129.1914705
동원로얄듀크1차아파트,35.31866513,129.19184
정관산단입구,35.31704711,129.1849029
LH4단지,35.32102968,129.1911452
달산마을,35.32136042,129.1896107
달산마을,35.3221084,129.191166
옛터어린이공원입구,35.32402428,129.190613
달산마을,35.32110002,129.1898165
정관산업단지,35.31587167,129.18546
청소년수련관입구,35.316425,129.18932
정관산업단지,35.31580833,129.18528
청소년수련관입구,35.31638667,129.18911
정관산업단지,35.31737073,129.1846045
동원로얄듀크1차아파트,35.31852816,129.1921881
정관산단입구,35.3167533,129.1849555
신동아파밀리에정문,35.32535298,129.1775328
신동아파밀리에정문,35.3252908,129.1774995
정관홈플러스,35.32295837,129.1758855
정관홈플러스,35.32327025,129.1757312
정관홈플러스,35.32319255,129.175673
부산항국제선용품유통센터,35.08852066,129.035817
부산항국제선용품유통센터,35.08770351,129.0356432
엑스스포츠광장입구,35.08601599,129.0349763
엑스스포츠광장입구,35.08582673,129.0349771
영도해수랜드,35.08421743,129.038237
영도해수랜드,35.08441193,129.0381926
영선동반도보라아파트,35.0837553,129.0394589
종합해사,35.08546794,129.0364866
종합해사,35.08514172,129.0368622
해피타운,35.11354488,129.0870087
해피타운,35.11367988,129.0872808
대연고개,35.13426532,129.0803313
죽향공원,35.33276783,129.1698597
죽향공원,35.33282055,129.1701855
구서2치안센터,35.25812634,129.0859392
금련산역,35.14991384,129.1111764
금명여고,35.24425838,129.0239624
선경3차아파트312동,35.262221,129.0841708
선경3차입구,35.25908797,129.084
선경3차입구,35.25876968,129.0841676
선경3차정문,35.25853876,129.0850159
약수터선경3차후문,35.26104453,129.0844593
약수터선경3차후문,35.26120201,129.0842107
연화사입구,35.0993518,129.0011044
우성아파트10동,35.25595357,129.0846915
우성아파트12동,35.25688304,129.0846164
주포마을,35.11648173,128.8358438
르노자동차남문,35.08797935,128.8817884
르노자동차남문,35.08841968,128.8821604
신호119안전센터,35.08555471,128.8806528
신호119안전센터,35.08578138,128.8805648
두호해녀복지회관,35.24205022,129.2467001
망지끝,35.23923189,129.2463422
반송1동주민센터,35.22526493,129.1478156
성지공고,35.12732674,129.0811049
성지공고,35.12727978,129.080915
월전마을회관,35.2385003,129.2427909
죽성드림세트장,35.24057191,129.2481806
포부대,35.12994482,129.0763996
당감입구교차로,35.16124967,129.0395596
당감입구교차로,35.16157968,129.0392277
교대역,35.19662561,129.0796335
동해선교대역,35.19423007,129.0795449
동해선교대역,35.19419234,129.0796428
동해선교대역,35.19302011,129.0799477
부산시청,35.17993786,129.0769142
부산시청,35.17839517,129.0754371
부전시장,35.16040312,129.0610848
부전시장,35.15964719,129.0607584
부전역,35.16304339,129.063209
상수도사업본부,35.17443689,129.0725405
상수도사업본부,35.17482394,129.0725668
서면역.서면지하상가,35.15594596,129.0590191
서면역.서면지하상가,35.155167,129.0592519
서면한전,35.15241336,129.0592867
서면한전,35.15321511,129.0590381
송상현광장,35.16639336,129.065461
송상현광장,35.1659273,129.065312
양정역,35.17153877,129.0699592
양정역,35.17108961,129.0698764
연산역.연산교차로,35.18775037,129.0811416
연산역.연산교차로,35.18738497,129.0814286
연산역.연제초교,35.18441866,129.0802059
연산역.연제초교,35.18393911,129.0800565
교대역,35.1965573,129.0796756
동해선교대역,35.19431066,129.0795744
봉대산입구,35.24075647,129.2400549
송상현광장,35.1664667,129.0655205
송상현광장,35.16585388,129.0652581
월전활어판매장,35.23844893,129.2444672
정관매화꽃길,35.16521598,128.92894
괴정역.괴정사거리,35.09972368,128.9923439
남산119안전센터,35.26217768,129.0862704
개포초교후문,35.15802575,129.026273
농협하나로마트,35.10087185,128.8093866
대평사거리,35.08987844,129.0367937
동방물류센터,35.08535572,128.818533
반짓골,35.09916037,128.8156596
부영13단지,35.08959183,128.8185065
부영13단지,35.08979678,128.8180615
용당동갓골,35.12459,129.0978681
용원,35.09721066,128.8206714
용원2동행정복지센터,35.10160933,128.8146118
용원고등학교,35.1007413,128.8190118
용원어시장,35.09296442,128.8189706
용원어시장,35.09298713,128.8186586
우방아이유쉘아파트,35.11130019,128.886717
우방아이유쉘아파트,35.11100019,128.8865949
은산터미널,35.11086861,128.8840475
은산터미널,35.11112103,128.8840423
사암마을,35.11089886,128.8806484
사암마을,35.11109995,128.8804665
남천역3번출구,35.14014504,129.1071714
동명대입구,35.12342306,129.0991833
동명대입구,35.12327493,129.0991521
송정리시장,35.30517198,129.1119441
대우정밀,35.30368198,129.1145557
송정리,35.30509404,129.1121199
대우정밀,35.30375776,129.114659
송정리시장,35.30516281,129.1121872
에스엔티모티브,35.30388544,129.1146587
경동맨션입구,35.17272459,129.0836777
물만골,35.16507128,129.0826704
물만골마을입구,35.16825981,129.0826223
물만골중간마을,35.16607588,129.082857
물만골,35.16500879,129.0828124
물만골마을입구,35.16833268,129.0827505
물만골중간마을,35.16607606,129.0830347
이완주정형외과,35.17409936,129.0900785
연산힐스테이트,35.17444981,129.0889068
회전교차로,35.17178461,129.0872129
힐스테이트207동앞,35.17098724,129.0869138
힐스테이트207동앞,35.1709789,129.0870894
하이자동차운전학원,35.16868163,129.0871387
현대홈타운,35.16970171,129.0868279
힐스테이트201동앞,35.1681188,129.0878067
마하사,35.16439037,129.0889795
관음사,35.16591946,129.0886832
새마을슈퍼,35.16710401,129.0880805
거제여중,35.18710626,129.0650518
수덕사,35.18582417,129.0659969
건강가정지원세터,35.17866291,129.0856772
공동주차장,35.17868582,129.0872659
삼성타워,35.17870308,129.0884702
놀이터,35.17567232,129.0925035
연미시장입구,35.17480108,129.0923556
상장빌라,35.17537879,129.0943333
양지빌라,35.17529652,129.0951383
시원에이스빌,35.17523334,129.0957215
부산여상정문,35.17039669,129.0964475
복지회관,35.17096905,129.0981394
현대아파트,35.17034183,129.097336
보리암입구,35.168667,129.0952935
여명중학교,35.19496045,129.0718614
여명중학교입구,35.19603585,129.071752
부산연산행복주택아파트,35.17465982,129.0792144
삼성여객(종점),35.18811456,129.1090097
수영성당,35.17513049,129.1189417
수영강변e-편한세상,35.18122528,129.1161613
수영강변1차e편한세상,35.17918629,129.1169648
수영강변3차e편한세상,35.18064312,129.1161239
성지기업,35.17712775,129.117646
수영강변3차e편한세상,35.18069941,129.1160879
월륜교차로,35.18361472,129.1145169
망미역,35.17177175,129.1067413
망미역,35.17168146,129.1071124
부산울산지방병무청,35.17287463,129.1035134
망미1파출소,35.17324422,129.1002728
망미1파출소,35.17326311,129.099458
망미1파출소,35.17302319,129.0993402
망미1파출소,35.17301406,129.1000443
부산울산지방병무청,35.17266534,129.1033862
수영성당,35.17492724,129.1186147
수영성당,35.17500308,129.1185344
수영강변1차e편한세상,35.17921413,129.1173744
망미2동,35.17628607,129.117141
망미2동,35.17609781,129.1173647
동림멘션,35.17450512,129.1172198
망미동우리은행,35.17296609,129.1172496
태창아파트,35.17169405,129.1192463
망미초등학교,35.17397973,129.1136613
팔도시장후문,35.17350336,129.116171
수영본동입구,35.17486667,129.1085967
망미중앙시장,35.17445231,129.1076546
망미중앙시장,35.17564646,129.1076373
망미우체국,35.17721971,129.1074258
선경아파트,35.17830524,129.1073512
수영경찰서.수영아파트,35.17001993,129.1111087
수영사적공원,35.16898231,129.1126308
수영사적공원,35.16834782,129.113567
망미역,35.17192203,129.1072073
금호주유소,35.17259163,129.1090346
금호주유소,35.17198083,129.1093537
금호빌라,35.17315295,129.1200688
망미동우리은행,35.17330284,129.1176998
협성르네상스,35.17198009,129.1207455
협성르네상스,35.17179726,129.1208944
미광운수,35.16990276,129.1196683
미광운수,35.17002927,129.1197071
태창아파트,35.17144994,129.1199958
망미동우리은행,35.17306438,129.1174784
센텀비치푸르지오,35.1593107,129.1323553
수영만아이파크,35.16250058,129.1300572
미광운수,35.16984653,129.1199191
미광운수,35.16999371,129.1199367
수영현대아파트.민락역,35.16594927,129.1233086
민락교,35.16034372,129.1286388
수영현대아파트.민락역,35.16615666,129.1235553
수영만아이파크,35.16238227,129.1298676
센텀비치푸르지오,35.15909645,129.1303802
정관홈플러스,35.3228387,129.1758065
한진해모로,35.32209679,129.1746843
계룡리슈빌,35.32373149,129.1722235
롯데캐슬,35.32761474,129.1693772
정관주민자치회관,35.32582055,129.1705887
계룡리슈빌,35.32378385,129.1721657
정관주민자치회관,35.32589043,129.170546
한진해모로,35.32213943,129.1746058
롯데캐슬,35.33046926,129.1701501
현진에버빌,35.33442831,129.1673658
이지더원1차아파트정문,35.34012644,129.1641509
현진에버빌후문사거리,35.33523998,129.1694364
현진에버빌,35.33416671,129.1674915
솔마루공원,35.33463258,129.1655372
신정초등학교,35.32976606,129.1676572
신정초등학교,35.32967354,129.1677079
정원초등학교,35.33100784,129.1670031
솔마루공원,35.33456182,129.1655903
구연마을,35.3201197,129.1839583
구연마을,35.32019076,129.183976
동원로얄듀크2차아파트,35.31825896,129.1774063
정관센트럴파크아파트,35.3192688,129.1837728
감전LH아파트,35.15657637,128.9941493
감전동,35.15791998,128.9930025
백양마을,35.15403987,128.9970506
벽산신화아파트,35.1545272,128.996003
사상종합복지관,35.15532098,128.9951901
수영구 스포츠문화타운,35.15221806,129.1115131
월륜교차로,35.18359977,129.1140829
수영강변1차e편한세상,35.17931956,129.1169053
수영주택,35.17796484,129.1173899
물만골역,35.17699282,129.0858234
동방물류센터,35.0858782,128.8201837
세방물류,35.08587971,128.8256438
동방물류센터,35.08587709,128.8198246
부산항만공사 신항사업소,35.08661214,128.8308598
동방물류센터,35.08551518,128.8181172
동방물류센터,35.0861999,128.8202854
세방물류,35.0862164,128.825728
부산항만공사 신항사업소,35.08687771,128.8305806
부산항홍보관,35.08688748,128.831203
부산항홍보관,35.08713016,128.8309203
롯데캐슬아파트,35.08420777,128.9047096
롯데캐슬아파트,35.08421439,128.9045938
롯데캐슬아파트,35.08444417,128.9047885
롯데캐슬아파트,35.0844528,128.9049063
남명초등학교,35.08422598,128.9101524
남명초등학교,35.08423107,128.9098347
호산나교회,35.08420954,128.9081601
호산나교회,35.08554177,128.9078671
동일고무벨트,35.22280515,129.114633
예원여자고등학교,35.22431677,129.115827
신평,35.09365017,128.9738411
반여농산물시장역,35.21785244,129.1248814
장산중학교.꿈에그린아파트,35.19878621,129.1184167
반여1동주민센터,35.20065695,129.119298
반여동탑마트,35.20387757,129.1201503
센텀SK뷰아파트113동,35.20182694,129.1157146
우방아파트,35.20319096,129.1171504
센텀SK뷰아파트115동,35.20269717,129.1142211
안락SK현대아파트,35.19911102,129.1131375
SK현대아파트103동,35.20047108,129.1146949
센텀SK뷰아파트113동,35.20211198,129.1163358
롯데백화점동래점,35.21224946,129.0780306
화인아파트102동,35.17280068,129.0596318
삼신아파트,35.09225254,129.0545764
시영아파트후문,35.09223563,129.0543814
청학동공영주차장,35.09141861,129.0555512
시영아파트정문,35.09201664,129.0519978
오륙도SK뷰정문,35.10154195,129.1173609
오륙도초중학교,35.10292597,129.1157891
오륙도SK뷰정문,35.1015179,129.1174543
오륙도초중학교,35.10286257,129.1157949
오륙도스카이워크,35.10127312,129.1219164
오륙도초중학교,35.10353375,129.1154687
오륙도SK뷰정문,35.10125305,129.1173418
오륙도초중학교,35.10346291,129.115476
SK뷰아파트정문,35.10127374,129.1172452
오륙도스카이워크,35.10127491,129.1218123
부산해군회관,35.10442445,129.1164055
오륙도스카이워크,35.1015485,129.12177
오륙도스카이워크,35.10156255,129.121858
오륙도스카이워크,35.10156964,129.1219679
대동아파트,35.16058581,129.0704497
서면자동차학원,35.15836657,129.0724228
화신아파트,35.15929911,129.0718432
감로사,35.16142723,129.0695806
대동아파트,35.16110722,129.0702599
대동아파트,35.16079247,129.070623
정관농협기업지점,35.32082439,129.1788255
달산초등학교,35.31999631,129.1875001
달산초등학교,35.31985529,129.1871965
송정리,35.30510946,129.1125709
입석,35.31006275,129.1147415
선돌,35.31685109,129.1158444
대우아파트후문,35.30705008,129.1141635
삼익비치210동,35.14252097,129.1163553
삼익비치215동,35.14068824,129.1162914
수영구청.금호어울림,35.14478168,129.1128099
수영구청사거리,35.14569722,129.1112098
GW코퍼레이션,35.08577982,128.8135347
GW코퍼레이션,35.0863207,128.8135247
감천항제5부두,35.08425708,128.9935792
감천항제5부두,35.0839036,128.9937022
감천항해양파출소,35.08445631,128.9981722
감천항해양파출소,35.08445335,128.9978049
구평삼거리,35.08090581,128.9902198
구평삼거리,35.08040638,128.9899007
남산고등학교,35.26713299,129.0854339
남산고등학교,35.26692677,129.0853737
동방물류센터,35.08632191,128.8170552
반룡산단2로,35.33197339,129.2555648
반룡산단입구,35.33423048,129.2560564
범방동삼층석탑,35.16198506,128.8640653
범방동삼층석탑,35.16223697,128.864093
부산외국어대학교캠퍼스,35.26714361,129.0803689
부산외대정문,35.2666514,129.0846195
부산외대정문,35.26655573,129.0844192
장안산단6로,35.32933712,129.2572838
조선해양기자재연구원,35.16061036,128.8632109
조선해양기자재연구원,35.16048785,128.8635592
지앤지,35.08550094,128.8068625
크로스독,35.08576799,128.8082937
한국해양대학교서부산융합캠퍼스,35.16090799,128.8667073
한국해양대학교서부산융합캠퍼스,35.1612823,128.8669793
이진블루1차.태영아파트,35.25558275,129.2186287
성신.이진블루2차,35.25517854,129.2185573
자이푸르지오2단지,35.26498878,129.2252165
자이푸르지오2단지,35.26503303,129.2250145
비스타동원1차,35.2663753,129.2262598
비스타동원1차,35.26642454,129.2267665
해송로,35.26560287,129.2290568
일광읍행정복지센터,35.2646178,129.2321446
해송로,35.26581773,129.2291341
일광읍행정복지센터,35.26482741,129.2322603
우신모라아파트,35.18496203,128.9912149
명원초등학교,35.09375479,128.9119592
명원초등학교,35.09332733,128.912492
비스타동원1차,35.26640957,129.2261124
비스타동원1차,35.26646291,129.2266412
성신.이진블루2차,35.25522028,129.218616
이진블루1차.태영아파트,35.25552741,129.218575
일광읍행정복지센터,35.26486638,129.232102
일광읍행정복지센터,35.26466086,129.2320085
자이푸르지오2단지,35.26518943,129.2250847
자이푸르지오2단지,35.26511836,129.225275
한신더휴아파트,35.2619881,129.2237446
한신더휴아파트,35.26193073,129.2239243
해송로,35.26585197,129.2289868
해송로,35.26563722,129.228904
국제산업물류산단,35.13641392,128.8685751
국제산업물류산단,35.13678818,128.8682655
사하구국민체육센터,35.08806833,128.9985509
국제산업물류산단,35.1365061,128.8687335
국제산업물류산단,35.13686677,128.8684291
해운아파트,35.1994625,129.0540076
광안골든빌리지,35.14060715,129.0888157
광안골든빌리지,35.14058989,129.089032
못골골목시장주차장,35.13594408,129.0903585
못골시장,35.1358419,129.0889682
우정하이츠빌라,35.13963348,129.0888402
우정하이츠빌라,35.13949425,129.0890753
선암,35.22381703,128.9319406
선암,35.22404616,128.9322646
부산진경찰서,35.16021246,129.0548032
서면교차로,35.1578888,129.061751
벽산하이츠아파트,35.10103786,129.0037801
민락매립지공영주차장,35.15507076,129.1277677
일광초등학교,35.26749642,129.2228733
일광초등학교,35.26729615,129.2229832
자이푸르지오1단지,35.26592131,129.221792
자이푸르지오1단지,35.26601061,129.2215912
한신더휴2단지,35.2626064,129.2200095
한신더휴2단지,35.26265086,129.2197965
문현동부산은행,35.1371281,129.0704779
동광원,35.24217794,128.961101
동광원,35.24195818,128.9613154
한신더휴1단지,35.26192766,129.2237237
한신더휴1단지,35.26186578,129.2239033
가락중앙경로당,35.1974002,128.8937951
가락중앙경로당,35.19710154,128.8944523
부산은행대저지점,35.21393583,128.9804338
부원역,35.2260567,128.8818858
송산마을,35.20315945,128.8920238
송산마을,35.2036508,128.8922988
신촌마을입구,35.10974906,128.8456756
주례동,35.15080492,129.0097892
중사도 마을회관,35.20866624,128.9127725
롯데캐슬아파트,35.15750985,129.1326223
센텀비치푸르지오,35.15931035,129.13052
수영사적공원,35.16882183,129.1132555
수영사적공원,35.16896396,129.1130458
수영경찰서.수영아파트,35.17030908,129.1110606
수영경찰서.수영아파트,35.17049967,129.1107937
수영교차로.수영역,35.16623426,129.1147874
수영구보건소,35.16322403,129.1141413
수영교차로,35.16615294,129.1147615
센텀병원.수영역,35.16659069,129.1145917
수영역,35.16328184,129.1144362
수영역,35.16357181,129.1145013
수영교차로,35.16609382,129.1150507
광안시장.광안역,35.16012987,129.1134775
광안역,35.15824531,129.1133881
광안역,35.15926937,129.1135902
광안리입구,35.15653491,129.1145577
이화맨션,35.15930076,129.1206088
동방시장,35.15865015,129.1217876
민락동골목시장,35.1588279,129.1236734
광안농협앞,35.15765025,129.1200219
수영교차로.수영역,35.16815581,129.1172337
수영교차로.수영역,35.1678596,129.1163144
팔도시장,35.1680981,129.1170286
민락아파트,35.16602209,129.1182581
화목아파트,35.16363058,129.119088
진로비치아파트,35.15698646,129.1264994
진로아파트2단지옆,35.15680877,129.1282429
진로아파트2단지옆,35.15702619,129.1283686
민락수변공원,35.155976,129.1322141
민락수변공원,35.15623812,129.1322497
롯데캐슬아파트,35.1576787,129.1328521
금련산청소년수련원,35.14711736,129.1103874
부산은행.수영구청,35.14651942,129.1118233
수영구청,35.14556118,129.1114631
KBS방송국,35.14440975,129.1099159
광일맨션,35.15076931,129.115076
광안리카페거리입구,35.15259275,129.1164613
삼익아파트315동,35.14065135,129.1164622
삼익아파트309동,35.14283656,129.1165114
해변시장,35.13993245,129.109299
삼익유수풀장,35.13964751,129.1145773
노인복지회관,35.13992482,129.1112796
해변시장,35.13937802,129.1088392
삼익유수풀장,35.139407,129.1143182
노인복지회관,35.14010023,129.1105217
광안리해수욕장,35.15320698,129.118294
광안리해수욕장.협진태양아파트,35.14831465,129.1142355
KBS방송국,35.14416879,129.1100306
KBS방송국,35.14408379,129.1099773
삼익스포츠센터,35.14148166,129.1148882
삼익아파트A상가,35.14321427,129.1145346
광안리해수욕장,35.15596304,129.1190556
광안리카페거리입구,35.15225887,129.1159122
광일맨션,35.15034776,129.1144402
광안리해수욕장,35.15447779,129.1176075
광안리해수욕장,35.15544303,129.1166128
광안리입구,35.15693691,129.1142444
삼익아파트A상가,35.14300239,129.1145348
수영구청,35.14484797,129.1130475
"남천자이,코오롱하늘채·",35.14129717,129.1130786
남천2동주민센터,35.14397634,129.1150279
광남초등학교,35.14570044,129.1146818
광남초등학교,35.14604931,129.1143055
국민건강보험공단부산남부지사,35.1467166,129.1122219
금련산역,35.1519901,129.1117512
광안2동우편취급국,35.15326047,129.1121425
금련산역,35.14998506,129.111193
수영중학교,35.15593336,129.1128845
수영구 스포츠문화타운,35.1522845,129.1118405
금련산청소년수련원,35.14780471,129.1102811
(구)MBC방송국,35.15898211,129.1248809
민락동골목시장,35.15896948,129.1230454
경성대.부경대역,35.13856124,129.1023074
대연힐스테이트푸르지오정문,35.13904313,129.1033398
대남교차로,35.14062794,129.104207
동원보라아파트,35.14221145,129.1030538
수영구청,35.14702574,129.1122124
기아자동차광안점,35.14762246,129.1126844
수영구청,35.14658315,129.1115852
삼익비치303동,35.14517526,129.116575
삼익비치308동,35.14342454,129.1165407
진로아파트2단지 정문,35.15645355,129.1276666
민락동차고지,35.15778559,129.1260883
민락동차고지,35.15770157,129.1258072
원정빌라,35.18024812,129.1152001
코스트코홀세일,35.17920929,129.1158163
고려제강,35.17788994,129.1166435
산정아파트,35.1779915,129.1165828
상수도남부사업소,35.13746899,129.1090413
남천해변시장,35.13839641,129.107631
해변시장입구,35.13812199,129.1080357
남천역,35.14183533,129.1078473
에스엔티모티브,35.30370884,129.1144749
송정리,35.30526221,129.1124313
입석,35.30999123,129.1145245
선돌,35.31676065,129.1156587
대우아파트후문,35.30706322,129.1139275
임기,35.31961152,129.1183003
주례아파트,35.14948369,129.0059826
냉정시장,35.1497499,129.0132834
드림마트,35.14691196,129.0131742
망미고가도로,35.17391689,129.1108658
광안자모병원후문,35.1548778,129.1116331
광안4동새마을금고,35.15608874,129.1119552
힐스테이트201동앞,35.16808041,129.0876221
마하사,35.16442981,129.088783
관음사,35.16586817,129.0884631
새마을슈퍼,35.16705166,129.0878629
하이자동차운전학원,35.16878812,129.0872212
현대홈타운,35.16972803,129.0869872
거성중,35.18335292,129.0663269
곰두리스포츠센터,35.18435819,129.066994
레이카운티3단지,35.18575572,129.0670282
만수사,35.1823087,129.0653266
청구아파트,35.18293786,129.0660121
유림스토아,35.17970666,129.0640065
유림아파트113동,35.1807206,129.0643593
로얄팰리스아파트,35.27900967,129.0877375
경동아파트,35.27898949,129.0861033
로얄팰리스아파트,35.27923204,129.0882633
선경3차아파트입구,35.26042676,129.0857949
선경3차아파트정문,35.25838336,129.0859293
선경3차아파트후문,35.26071836,129.0853464
선경3차아파트입구,35.25837995,129.0861269
선경3차아파트후문,35.26057309,129.0848867
금정전자공업고등학교,35.22101382,129.1083964
금사중학교,35.22013486,129.1068182
서곡초등학교,35.21873927,129.1050562
부산경호고등학교,35.22147475,129.1099858
금사자동차학원,35.2164773,129.1118395
서원유통,35.09599093,128.9623075
우림아파트,35.10931539,128.9777875
에덴빌라,35.10898341,128.9788638
반도보라아파트,35.10831435,128.9773273
에덴빌라,35.10916674,128.9789505
혜성아파트,35.10960925,128.9799417
동원1차아파트,35.10971818,128.9825938
한국산업인력공단,35.12567276,129.1009399
동래구보훈회관,35.19515337,129.0876663
삼성가든아파트,35.1976073,129.0860578
새동래3차아파트,35.19626735,129.0869219
낙민유앤아이아파트,35.19458086,129.0906992
명륜역,35.21261008,129.0800255
동래교육청정문,35.2047368,129.0904408
내성초등학교,35.20369681,129.0898707
현대아파트2차후문,35.17181911,129.063536
유림슈퍼,35.14678055,129.0140323
부산진여자상업고등학교,35.17009473,129.0719358
성모여자고등학교,35.16857007,129.0704375
부산여자대학교정문,35.1691899,129.070925
부산여자대학교도서관,35.16856418,129.072375
부산여자대학교도서관,35.16870774,129.0723865
전포초등학교,35.16085006,129.0639436
부전역,35.16157277,129.0629045
일산아파트,35.15714483,129.0717757
대산아파트,35.15751004,129.0726534
감로사,35.16125835,129.0695048
전포고개,35.16237977,129.0689616
정우빌라,35.16449633,129.0693379
규경빌라,35.16411028,129.0692084
정우빌라,35.16455084,129.0691478
동의과학대학교,35.16602963,129.0696562
소라맨션,35.1656437,129.0674902
아트빌라,35.16549195,129.068038
동의과학대사거리,35.16787674,129.0703735
동의과학대학교,35.16569229,129.069755
양정하이츠아파트,35.16641655,129.0700151
부산은행,35.17185251,129.0586038
천리교,35.08338319,129.0713631
동삼주공아파트1단지,35.08282122,129.0693656
롯데낙천대아파트정문,35.08909537,129.0623607
대화주택,35.12950078,129.0397115
덕암빌라,35.13059763,129.0393699
수정산체육공원,35.13233557,129.0390328
동여자중학교,35.1327919,129.0408322
동여자중학교후문,35.13351767,129.0407657
동원빌라,35.13443845,129.0409481
부산종합사회복지관,35.12884096,129.0408771
수성아파트,35.1361879,129.0444726
수정4동,35.12832517,129.040615
수정아파트5동,35.12753868,129.0370484
수정아파트중간계단,35.12778232,129.0378333
대성사,35.09843263,129.0112806
세신빌라,35.10026524,129.0115321
보수우체국,35.10355778,129.0244656
산막입구,35.33060019,129.171891
평전마을,35.32888489,129.1735714
협성르네상스,35.32711973,129.1730129
롯데캐슬,35.32633416,129.1705417
계룡리슈빌후문,35.32608572,129.1707164
동일스위트1차,35.32572749,129.1702508
계룡리슈빌,35.32351028,129.1719605
동일스위트1차,35.32565575,129.1702878
유엔기념공원 입구,35.1267824,129.0956553
고향산천,35.22006557,128.99076
반여무정실마을,35.19050748,129.1161226
센텀e편한세상정문,35.18735957,129.1173197
해운대구문화복합센터,35.18101059,129.1204313
경일고등학교후문,35.11165889,128.9198242
경일고등학교후문,35.11144227,128.9192762
대성베르빌,35.25943655,129.2191595
이지더원2차,35.25957457,129.2226844
이지더원2차,35.25940993,129.2228172
이지더원3차,35.26009769,129.2187326
창곡종합시장,35.17749443,129.0469475
미남교,35.20877719,129.0657162
녹산초등학교,35.15077887,128.8367677
녹산초등학교,35.15063782,128.8368578
더샵퍼스트월드·강서세무서,35.09740126,128.9050211
더샵퍼스트월드·강서세무서,35.09698772,128.9049567
명지1동 행정복지센터,35.09953518,128.9074339
명지1동 행정복지센터,35.09915733,128.9073922
삼정그린코아.금강펜테리움,35.15078239,128.8395055
장산역,35.16934695,129.1754502
한국토지주택공사,35.09880784,128.910701
한국토지주택공사,35.09917641,128.910759
협성엘리시안,35.15063207,128.8396118
경남고교,35.12003387,129.0193852
경남고교,35.11995289,129.0193777
녹산초등학교,35.15063655,128.8369428
녹산초등학교,35.15077318,128.8368471
대방디엠시티,35.09171766,128.9096996
더샵퍼스트월드,35.09735542,128.9053572
더샵퍼스트월드,35.09696076,128.9052384
수민어울공원,35.19592891,129.0926891
수민어울공원,35.19610782,129.092765
동부지청어귀교차로,35.18260308,129.1225841
동아대병원,35.11929555,129.0182646
동아대병원,35.11924866,129.0181045
동해선센텀역,35.18012875,129.1249344
롯데캐슬골드포레110동앞,35.17340014,129.0828061
롯데캐슬골드포레110동앞,35.17332121,129.0829412
롯데캐슬골드포레후문앞,35.17452188,129.0804585
롯데캐슬골드포레후문앞,35.17440243,129.0805927
명원초등학교,35.09347185,128.9124707
명원초등학교,35.09390389,128.9119326
명지환승센터,35.09538151,128.9122412
보림초등학교(기점),35.08403678,128.9667932
사직실내수영장,35.19305542,129.0642791
사직실내수영장,35.19311792,129.0645771
삼정그린코아.금강펜테리움,35.15078119,128.839585
부산은행장산지점,35.16884401,129.1786138
부산은행장산지점,35.16885219,129.1789103
수민동행정복지센터,35.19507872,129.0905211
수민동행정복지센터,35.19589629,129.0909262
쌍용예가아파트,35.19481246,129.0568805
쌍용예가아파트,35.19499087,129.0564568
양동초등학교입구,35.17225517,129.082047
양동초등학교입구,35.17233937,129.0818681
제나우스오피스텔,35.09178322,128.9081112
청사포입구,35.1624934,129.1886782
청사포입구,35.16222251,129.1882101
협성엘리시안,35.15063088,128.8396913
홈플러스,35.19182463,129.0649694
동백초등학교.힐스테이트위브아파트,35.16464334,129.1838185
선비교,35.1485432,128.8403767
선비교,35.148264,128.8400687
센텀시티우체국,35.1726206,129.131737
명륜교차로,35.20724529,129.0821469
명륜자이아파트,35.20627725,129.0810572
부산진여중,35.15492199,129.0684737
부산진여중,35.15491701,129.0682376
부영아파트,35.15731549,129.0681557
부영아파트,35.15728463,129.0683799
부전시장,35.16077926,129.0621477
서면역12번출구,35.15872252,129.0601535
아이파크1차정문,35.15480999,129.070018
아이파크1차정문,35.15465038,129.0698658
온천장,35.21669379,129.0850292
온천장,35.21654532,129.0852779
전포초등학교,35.15914766,129.0621778
전포카페거리,35.15769552,129.066481
전포카페거리,35.15789266,129.0665463
종합운동장역,35.19055218,129.0668037
힐스테이트명륜1차아파트,35.21379023,129.0830443
힐스테이트명륜1차아파트,35.21365039,129.0833152
롯데포레힐즈스위첸,35.17279112,129.0799645
롯데포레힐즈스위첸,35.17281945,129.0801518
공항후문,35.16766794,128.9460745
공항후문,35.16784947,128.9448716
산성터널영업소,35.24009899,129.0237272
눌원빌딩,35.13682298,129.0653882
뉴웰시티정문,35.21627908,129.0356814
뉴웰시티후문,35.21649318,129.0342043
대우2차아파트,35.17261819,129.1823307
동부산우체국,35.13818734,129.062532
만덕1동행정복지센터,35.21455455,129.0369505
남천동,35.1409753,129.1069734
남천역,35.14176537,129.1077891
대남교차로.남천역,35.1406685,129.1062846
남천동,35.14075129,129.1063807
정원센텀뷰남천,35.14699927,129.1109633
청소년수련소입구,35.1473678,129.110616
좋은강안병원 건강검진센터,35.14844781,129.111416
수영중학교,35.15564465,129.1125053
금련산역,35.15201118,129.1114655
금련산역,35.1509884,129.1111874
광안역,35.15616353,129.1126369
수영중학교,35.15677836,129.1098813
수영중학교,35.15663392,129.1098982
광안에일린의뜰아파트,35.15778435,129.1082155
광안에일린의뜰아파트,35.15759431,129.1082275
동아중학교,35.15837994,129.1072874
장대골성지,35.1595846,129.107359
동아중학교,35.15826722,129.1071736
광안어린이집,35.16060526,129.107551
장대골성지,35.15960995,129.1071985
광원아파트,35.16191807,129.107835
광안어린이집,35.1606222,129.1073941
비치그린아파트,35.1626133,129.1086441
광원아파트,35.16193618,129.1076907
비치그린아파트,35.16280407,129.1086709
상아아파트,35.16409299,129.1096574
상아아파트,35.16412542,129.1094861
강남사우나,35.1644629,129.1110073
어린이놀이터,35.16414255,129.1129949
강남사우나,35.16462294,129.1108689
수영초등학교,35.1651389,129.1138777
어린이놀이터,35.16427369,129.1130422
수영역,35.16644035,129.1141708
센텀병원뒤,35.16632309,129.113977
수영초등학교,35.1655653,129.1138115
청송카센터,35.16799547,129.1133606
온리원주차장,35.16773225,129.1142427
영광교회,35.16934584,129.1113708
망미역,35.17058038,129.1095644
KT수영지점,35.17080419,129.1110287
해운아파트,35.17010755,129.1120451
브라운닷호텔,35.16843094,129.1145014
팔도시장입구,35.16883377,129.1162919
수영역,35.168213,129.1165051
수영교차로.수영역,35.16785364,129.1171327
수영교차로.팔도시장,35.1677931,129.1169494
망미중정문,35.17512855,129.0973009
산호맨션,35.17425369,129.0980709
산호맨션,35.17427018,129.0982502
배산역,35.17362944,129.095533
배산역,35.17361685,129.095605
섬강빌라,35.17187459,129.0964946
조은원룸,35.17116023,129.0964579
조은원룸,35.17114461,129.0966358
부산여상정문,35.17036039,129.0962273
흰돌실버타운,35.17140452,129.0987663
복지회관,35.1708907,129.0977253
현대아파트,35.17044578,129.0971649
흰돌실버타운,35.1715545,129.0988253
화광빌,35.17086494,129.1005441
부산은행,35.17095432,129.102749
망미삼성아파트,35.16999484,129.1030843
함박어린이집,35.17456893,129.1009659
파라다이스빌라,35.17505857,129.0981882
누리보듬재가복지센터,35.17491302,129.0997406
망미제일교회,35.17513618,129.1027726
아신빌라,35.17593258,129.1042128
목화세탁소,35.17508187,129.1042977
포스코후문,35.17417925,129.1041775
현대종합설비,35.17399856,129.1031546
수영SK뷰아파트,35.17482018,129.1010712
세탁소,35.1752707,129.1041447
망미오양아파트,35.17708158,129.1040584
망미오양아파트,35.1770309,129.1039163
남일고,35.17788335,129.1039523
로얄아파트상가,35.17872742,129.1038641
로얄아파트101동,35.17848805,129.1027302
화광빌,35.1710229,129.1006933
수협,35.17082985,129.1017306
민락교,35.15969804,129.1272893
기점,35.15948745,129.1269718
(구)MBC방송국,35.15965839,129.1264155
기점,35.15951457,129.1271152
모라119안전센터,35.19146433,128.9923462
모라119안전센터,35.19180837,128.9924661
홈플러스,35.18577033,128.9915216
모라주공1단지,35.18456041,128.9932818
모라1단지 새마을금고,35.18451917,128.9933663
홈플러스모라점,35.18566361,128.9915709
동원아파트,35.1857795,128.9908465
신모라입구,35.18688895,128.9896675
모라1동행정복지센터,35.18679193,128.9898277
모라농협,35.18735352,128.990975
모라우성아파트,35.18927578,128.9915159
모라새마을금고,35.18743979,128.9909868
모라우성아파트,35.18935618,128.9915375
덕포초.부산도서관,35.17347782,128.9862831
한진해모로,35.32230242,129.1735601
신선대CNG충전소,35.11370811,129.0958902
선창,35.06696859,128.8317241
동율리,35.06018401,128.8186082
장항,35.05740003,128.8067121
서율리,35.06027374,128.8156008
부산신항만,35.07851584,128.8345039
부산신항,35.07841901,128.8345082
글로벌물류센터,35.08337053,128.8152403
퀸덤1.2단지,35.0867647,128.8978887
퀸덤아파트1.2단지,35.08676319,128.8978006
명호초등학교,35.08555894,128.8993131
명호초등학교,35.0854778,128.899314
퀸덤1.2단지,35.08655773,128.8978675
퀸덤아파트1.2단지,35.08656218,128.8979769
신호대교,35.08828699,128.8968876
명지오션시티,35.08821526,128.896864
퀸덤아파트201동,35.086235,128.8959667
퀸덤3단지,35.08441879,128.9014505
극동스타클래스109동,35.08441979,128.9015562
대곡마을,35.26679,129.1507346
동원로얄듀크2차아파트,35.31828021,129.1769076
화성파크드림1차,35.40227925,129.1711346
명곡하와이,35.40301153,129.171257
웅상농협명동지점,35.40742148,129.1710616
화성파크드림2차,35.40454907,129.1711937
화성파크드림1차,35.40244795,129.1709034
평강대리1구,35.20979091,128.9432748
평강대리,35.20816763,128.9429246
우진정기,35.14937423,128.8157652
매일정기,35.14925733,128.8115948
YMP지사단지기점,35.14919782,128.8096386
매일정기,35.14926164,128.8116974
우진정기,35.14963714,128.8156613
매일정기,35.14954028,128.8115966
우진정기,35.14936662,128.8156717
삼영MT,35.14949287,128.8195697
이득텍,35.14878981,128.8243709
삼영MT,35.14947395,128.8197805
자동차부품멀티관,35.14879361,128.8242695
우진정기,35.14964008,128.8157656
자동차부품멀티관,35.14907416,128.8243389
삼영MT,35.14976838,128.8198282
이든텍,35.14906333,128.8244594
삼영MT,35.1497584,128.819743
한성정밀,35.14884062,128.828772
자동차부품단지,35.14913227,128.8327286
동화엔텍,35.14876855,128.8365113
자동차부품단지,35.14875722,128.8333949
자동차부품단지,35.14936204,128.83303
신호윌아파트105동,35.08775111,128.8776695
윌아파트,35.08835208,128.877658
신호윌아파트,35.0873329,128.8791642
신호농협,35.08602354,128.8772977
녹산농협신호지소,35.08611812,128.8772999
부영1차아파트,35.08756228,128.8740218
"부영아파트1,2단지",35.08755052,128.8741312
신호윌아파트,35.08752175,128.8791963
신호농협,35.08606758,128.877655
녹산농협신호지소,35.08599549,128.8776534
롯데아울렛,35.18627306,128.8320193
농산물유통센터,35.18657628,128.8354373
율하2지구입구,35.17392442,128.822989
서부문화센터,35.17217346,128.8208128
중앙하이츠,35.17252563,128.8183164
서부문화센터,35.17191528,128.8207991
중앙하이츠,35.17226464,128.8183777
관동초등학교,35.17728842,128.8163839
중앙하이츠후문,35.17400227,128.8162643
율하푸르지오3단지,35.174065,128.8086915
율하푸르지오4단지,35.1750461,128.8117864
율하중심상가,35.1710265,128.8139088
관동초등학교,35.17719811,128.816088
중앙하이츠후문,35.17399035,128.8159285
남구국민체육센터,35.10344681,129.1078759
백운포체육공원,35.10204862,129.1114963
백운포체육공원,35.10240235,129.1116218
수안,35.22919618,128.9368635
불암장어마을,35.222802,128.929196
롯데캐슬,35.24020818,128.8852131
차량등록사업소,35.08710333,128.903675
호산나교회,35.08562257,128.9076004
고개마루,35.03217847,128.8119632
옛천성분교,35.03080743,128.8128397
서중교,35.02913844,128.815172
중앙상회,35.02832668,128.8155184
고개마루,35.03230804,128.811736
옛천성분교,35.03070049,128.812744
두문해변,35.03806582,128.8128467
두문방파제,35.03432554,128.8118189
백옥포,35.04659036,128.807646
코바위,35.0543377,128.8011971
두문,35.03588927,128.812415
두문이주단지,35.04146854,128.8117657
장항고개,35.05221571,128.8048082
만덕중학교,35.21485495,129.0324833
장산역.웅신시네아트,35.16904993,129.1763092
해운대백병원,35.17359748,129.1824941
지사천선비교,35.1481858,128.8401739
지사천선비교,35.14860321,128.8402821
괴정동교차로,35.09585725,128.9937356
가락어린이집,35.2037797,128.9043354
가락어린이집,35.20369742,128.9044103
식만배수펌프장,35.20616212,128.9072732
식만배수펌프장,35.20604328,128.9073803
정관매화꽃길,35.16509722,128.9290388
CGV,35.09325446,128.9038654
CGV,35.09314337,128.9043398
반여시장,35.19475719,129.129276
감만현대아파트사거리,35.11064583,129.0837105
범어사어귀삼거리,35.27571562,129.0919493
범어사어귀삼거리,35.27552764,129.0921367
부산시민공원 다솜관,35.16893286,129.0621286
북부경찰서,35.23078646,129.0099663
북부경찰서,35.23081515,129.0102745
샘골공원,35.26059036,129.0887972
샘골공원,35.26086101,129.0885184
수정역,35.22405432,129.0087734
용수초등학교,35.2275367,129.0093534
용수초등학교,35.22728829,129.0096603
북부산우체국,35.23362632,129.0104372
북부산우체국,35.2334815,129.0107467
한국방송통신대,35.22514774,129.008048
한국방송통신대,35.22476886,129.0080717
강서체육공원역,35.2123893,128.9689071
농심가슈퍼,35.20910844,129.0981997
농심가슈퍼,35.20928288,129.097754
대명여자고등학교,35.21093995,129.096254
대명여자고등학교,35.21083967,129.0960593
동래문화회관,35.21393126,129.08977
동래문화회관,35.21414037,129.0899236
명륜2차아이파크,35.21552537,129.0882571
명륜2차아이파크,35.21550057,129.0878667
명장초등학교입구,35.2078029,129.0994343
명장초등학교입구,35.2079945,129.0990384
미남교,35.20872428,129.0636672
미남교,35.20875038,129.0639862
사직고등학교입구,35.20188652,129.0593166
사직고등학교입구,35.20166021,129.0593768
사직초등학교앞교차로,35.20148911,129.0569845
사직초등학교앞교차로,35.20105277,129.0566771
삼정그린코아포레스트,35.20442988,129.0618402
삼정그린코아포레스트,35.20441141,129.0621307
영도여고,35.07393959,129.0661751
온천입구,35.21649846,129.0869589
온천입구,35.21687335,129.0861229
용인고등학교,35.21201328,129.0943765
용인고등학교,35.21223799,129.0944097
조양삼거리,35.20646987,129.1009535
조양삼거리,35.20622197,129.1009581
평강농협,35.21347543,128.9471695
푸른어린이공원,35.07432105,129.0678509
푸른어린이공원,35.07410937,129.0678455
한독온천어린이집,35.20751226,129.0631369
한독온천어린이집,35.20715962,129.0626778
화신아파트,35.21047043,129.0653748
경보아파트,35.22538254,129.0817921
금강식물원,35.22576177,129.0791277
금정산SK뷰,35.22797911,129.0811941
금정초등학교,35.22729673,129.083406
남성하이빌,35.2228675,129.0883773
래미안1단지,35.22275723,129.0793421
동래래미안아이파크,35.21131007,129.0710839
동래역2번출구,35.2053883,129.0790362
동아원,35.12635593,129.0531953
동해중학교,35.218088,129.0870085
두산위브,35.13123952,129.0553637
명륜아이파크2차201동,35.21399523,129.0902308
명륜아이파크2차201동,35.21383642,129.0900346
벽산블루밍,35.22862731,129.0799202
식물원입구,35.22476363,129.0818862
온천동래미안,35.22570676,129.0804936
온천제일교회,35.22287869,129.0811901
용진힐타운,35.22498831,129.084324
용진힐타운,35.22476922,129.084287
장전래미안,35.22444283,129.0863416
장전래미안,35.22429048,129.0860747
장전중학교,35.2286081,129.0784151
상장안입구,35.36886748,129.2464537
금곡동행정복지센터,35.24970136,129.0124861
금곡역,35.26654113,129.0164461
금곡역,35.26716208,129.0173076
동원역,35.25862394,129.0126902
동원역,35.25846359,129.0131202
KT물류센터,35.13841541,128.8734809
KT물류센터,35.13827765,128.8736478
가달고분,35.13648684,128.8772655
가달고분,35.1366552,128.8774503
강서경찰서,35.11834584,128.9072636
강서경찰서,35.11830047,128.9075697
덕포초등학교,35.17371322,128.9854627
덕포역.덕포2동행정복지센터,35.17476464,128.9843933
북부면허시험장,35.17723292,128.9849739
청소년지원센터.모덕역,35.18060909,128.9857998
덕포초.부산도서관,35.17343657,128.9855852
덕포초등학교,35.17348344,128.9854033
덕포시장,35.17183911,128.9830564
덕포시장,35.17159759,128.9829462
덕포시장,35.17097771,128.9827392
덕포역,35.1728244,128.9834503
부산은행모라동지점,35.18465515,128.9867933
부산은행,35.18411118,128.9866612
북부면허시험장,35.17841601,128.9849569
덕포역.덕포2동행정복지센터,35.17480742,128.9841008
신모라입구,35.18633412,128.9894216
신모라입구,35.18640766,128.9893429
모라동새마을금고앞,35.18828423,128.9884144
모라역,35.18750625,128.9889473
모라주공34단지,35.1855157,128.9991784
북부자동차학원,35.19413591,128.990412
모라역,35.19042353,128.988856
모라주공3.4단지,35.18551602,128.9993502
모라주공3.4단지,35.18606015,128.9994031
농심부산공장,35.1865261,128.9823973
보성정비,35.18859934,128.9829142
부산벤처타워,35.19054277,128.9833786
국제식품,35.19270527,128.9833983
모라역,35.19033155,128.9891195
모라동새마을금고앞,35.18775432,128.9883429
모라전통시장,35.18771676,128.9875376
모라초등학교,35.19005987,128.9872203
모라전통시장,35.18726231,128.9876526
모라역,35.18778339,128.9878836
부산은행모라동지점,35.18471325,128.9864942
청소년지원센터.모덕역,35.18175194,128.9857794
모라3동주민센터,35.18452156,128.9957478
모라3동주민센터,35.18431724,128.995748
모라종합사회복지관,35.18460714,128.9971694
모라주공1단지,35.18483032,128.9933289
홈플러스,35.18584248,128.9917922
모라1단지 새마을금고,35.18477573,128.9934154
홈플러스모라점,35.18571296,128.9918636
부산북부고용노동지청,35.17915576,128.9886762
자유아파트,35.1810469,128.988722
부산항공고등학교,35.17574031,128.9882885
부산북부고용노동지청,35.17835951,128.9883221
부산항공고등학교,35.17498672,128.9886324
남영아파트,35.17120626,128.9881501
남영아파트,35.17138181,128.988087
모덕초등학교,35.18151931,128.9903514
우신모라아파트,35.18470694,128.9911099
사상구청소년수련관,35.18361193,128.9905339
동원아파트,35.18393343,128.9898679
동원아파트,35.18367014,128.9900952
자유아파트,35.18123059,128.9883521
동양산업기계,35.18518423,128.9820684
부산조리고등학교,35.18386594,128.9817452
서부주유소,35.18436695,128.9768607
(주)대정.성지,35.18597462,128.9775458
삼락동주민센터,35.1766192,128.9761335
부산솔빛학교,35.18257488,128.9796176
모덕역,35.18132114,128.9846644
농협주례동지점,35.15011631,129.0014536
럭키아파트.주례역,35.1501996,129.0024342
주례사거리,35.14940331,128.9997637
주례사거리,35.14981058,128.9998931
사상전화국,35.14993354,128.9923418
대림정밀,35.15017285,128.9961051
부산은행,35.15039665,128.9988882
사상전화국,35.14993941,128.9924831
한국가스,35.14980904,128.9899645
주례우체국,35.15164405,128.9974286
온골마을입구,35.15263019,128.9955946
주례역6번출구,35.15070922,129.0026125
주례럭키아파트.주례역,35.15048089,129.0057002
주례역,35.15034023,129.0041329
좋은삼선병원,35.15070987,129.0085943
주례역2번출구,35.15085792,129.0043154
주례아파트,35.14971705,129.0061285
신주례엘지아파트,35.1536927,129.0162809
신주례LG아파트,35.15367108,129.0161977
반도보라아파트,35.15293581,129.0115781
반도보라아파트,35.15294697,129.0119898
신주례LG1차아파트상가,35.15460857,129.0142906
신주례LG2차아파트,35.15474921,129.0139617
주례한효아파트,35.15541999,129.0137853
능인사,35.16609173,128.9889915
사상근린공원,35.15784824,128.9930729
사상종합복지관,35.15582721,128.9947379
백양마을,35.15392836,128.9973885
신라대학교입구,35.1688986,128.9887772
신라대학교입구,35.17011714,128.9886587
두문해변,35.03806885,128.8126913
두문방파제,35.03358269,128.8111724
백옥포,35.04661647,128.8074055
코바위,35.05442196,128.8009852
두문,35.03630388,128.8124131
두문이주단지,35.04151089,128.8116461
장항고개,35.05203762,128.8043604
선창,35.06691325,128.8313974
선창,35.06666177,128.8318157
동율리,35.06008486,128.8182818
장항,35.05707372,128.8068094
서율리,35.06017358,128.8153684
상방마을입구,35.17322976,128.9505999
가덕천성동,35.03063866,128.8128534
두문입구,35.03291956,128.8120551
서중마을,35.03246192,128.8187959
두문입구,35.03274852,128.8120112
천성 동중마을,35.03188769,128.823549
성북,35.05801815,128.8289634
성북마을,35.05704443,128.8322735
성북,35.05813506,128.828681
강림씨에스피,35.10787398,128.8731708
(주)태광,35.10384187,128.8751621
LS산전,35.10415482,128.8726991
강림씨에스피,35.10783589,128.8727203
산양마을입구,35.11166963,128.8730661
스타우프코리아,35.10790176,128.8780736
녹산농협,35.11201514,128.8784038
세주정공,35.10809318,128.8828704
세주정공,35.10799851,128.8828737
서번산업,35.09917543,128.8781009
(주)태광,35.10407626,128.8751565
LS산전,35.10415485,128.8732803
스타우프코리아,35.10785153,128.8784069
화연공원,35.10342715,128.8780806
부산은행화전공단지점,35.10357302,128.8831996
부산은행화전공단지점,35.10381235,128.8825883
우리은행화전공단지점,35.10383195,128.8787122
조달청비축기지,35.09822291,128.88286
화연공원,35.10357027,128.8784403
부산은행화전공단지점,35.10349713,128.8828634
부산은행화전공단지점,35.1040402,128.8824236
우리은행화전공단지점,35.10405037,128.8785746
세주정공,35.10800232,128.8832083
세주정공,35.10809241,128.8832104
온천장역,35.22123643,129.0862875
동아대학교병원,35.12009042,129.0165459
국제선청사,35.17371039,128.9475394
김해공항국제선(1층),35.17330979,128.9475864
현대상선,35.07138465,128.8350216
부산신항다목적터미널,35.07390801,128.8349827
다목적터미널,35.07382918,128.8349809
현대상선,35.07148543,128.8350216
부산역,35.11454554,129.040292
구.하이마트,35.20263319,129.0777257
모전마을,35.33665109,129.1638219
모전초등학교,35.33874938,129.1629265
모전초등학교,35.33929109,129.1626165
이지더원아파트,35.33921445,129.1626199
이지더원1차아파트정문,35.33988914,129.1640676
현진에버빌후문사거리,35.3350873,129.1691574
동일스위트3차,35.33854047,129.1667919
신항서문입구,35.08335988,128.8016103
글로벌물류센터,35.08298739,128.8152482
소두방공원,35.32385351,129.1851136
서희스타힐스,35.32448123,129.1880222
신항국제물류,35.08467132,128.8019022
현대물류,35.08467528,128.8130528
범한판토스,35.08469362,128.8082727
현대물류,35.08441027,128.8130613
범한판토스,35.08435995,128.8082872
서희스타힐스,35.3247406,129.1878808
옛터어린이공원입구,35.3242419,129.1900416
고촌마을입구,35.23735649,129.1681162
고촌마을입구,35.23727949,129.1681389
고촌휴먼시아아파트,35.23954913,129.1697151
고촌마을입구,35.23720731,129.1678926
고촌마을입구,35.23713001,129.1679317
고촌휴먼시아아파트,35.23932952,129.1699014
동항초등학교,35.11456523,129.0814524
부산소프트웨어마이스터고,35.18915953,128.9040797
부산산업과학고등학교,35.18943019,128.9036436
부산소프트웨어마이스터고,35.18914478,128.9044035
봉림양수장,35.18629177,128.9032137
봉림양수장,35.18573855,128.9025751
영강,35.10750102,128.9289566
명호중고등학교,35.08030006,128.8993365
부산한솔학교,35.0820571,128.8982041
극동스타클래스,35.08332387,128.8996066
두산위브,35.08317059,128.8996113
한신휴플러스아파트,35.08186331,128.901083
한신휴플러스,35.08186507,128.9009706
신호마을,35.08119828,128.8795771
달음교,35.31927552,129.197307
달음교,35.31932617,129.1974953
동원로열듀크1차아파트,35.31843964,129.1922269
동원로열듀크1차아파트,35.31854518,129.1918725
동해선일광역광장,35.26704261,129.2316124
동해선일광역광장,35.26698113,129.23177
삼흥에스씨,35.13684585,128.8715361
옛터어린이공원입구,35.32418426,129.1901143
옛터어린이공원입구,35.32408543,129.1905954
이지더원2차,35.25965533,129.2227031
이지더원2차,35.25948588,129.2228522
정민금속,35.13664621,128.8716248
지사천4교,35.1410718,128.8852371
지사천4교,35.14075673,128.8855041
통합세산마을,35.14768885,128.8807431
통합세산마을,35.14802846,128.8809264
내덕서희,35.2054236,128.8252693
내덕서희,35.20498366,128.8245622
내동사거리,35.24196741,128.8648425
내동사거리,35.2420746,128.8651965
대우아파트,35.24055808,128.8665294
삼성아파트,35.2379212,128.8671719
삼성아파트,35.23734636,128.86734
오복당서점,35.23260204,128.8661438
오복당서점,35.23258403,128.8664345
현대2차아파트,35.23637127,128.8668728
현대2차아파트,35.23540539,128.8669769
아랫매리,35.31889934,128.9668775
아랫매리,35.31908177,128.9670194
월촌2교,35.28416898,128.9921773
월촌2교,35.28418584,128.9919744
풍류동차고지앞,35.21862858,128.8426525
e편한세상금정산아파트,35.21625246,129.0360595
대진아파트,35.21368529,129.0274031
만덕시장입구,35.21402264,129.0360258
만덕중학교,35.21428024,129.0324965
미남역11번출구,35.20856509,129.0682417
범일교,35.13725131,129.0653716
솔개다리,35.11259831,129.0817917
남부산농협석포지점,35.1296426,129.0916265
대원연립,35.10461946,128.9836848
대원연립,35.10459389,128.9838706
신암입구,35.15514863,129.0473131
신암입구,35.15538924,129.0474728
중촌마을,35.21890871,128.957823
중촌마을,35.21908985,128.957767
대동중고등학교,35.08507885,128.9827619
매화원입구,35.22314437,129.2102749
매화원입구,35.22309033,129.2100263
삼한사랑채아파트입구,35.091386,128.9659583
책마을보드랑 작은도서관,35.21593506,129.1005036
망미제일교회,35.17539111,129.1029115
아신빌라,35.17611516,129.1040277
금사입구,35.21431546,129.1089114
YMCA,35.12520457,129.045077
YMCA,35.12537575,129.0456132
경남여중입구,35.12247696,129.0438351
경남여중입구,35.12295981,129.0437924
남포동,35.09790371,129.0319439
남포동,35.09792981,129.0325367
남포역.옛시청교차로,35.09859655,129.035766
남포역.옛시청교차로,35.09796509,129.0352678
범내골역,35.14977663,129.0593354
범내골역,35.14871256,129.0591111
범일2동행정복지센터,35.13470542,129.059688
범일역,35.13873445,129.059507
범일역,35.13749004,129.0592891
봉생병원,35.13071457,129.0509792
봉생병원,35.13059194,129.0505044
부산데파트,35.1008113,129.0364297
부산데파트,35.10051458,129.036658
부산역,35.1155625,129.0399719
부산역,35.11607999,129.0400122
부산진시장,35.13671062,129.0595492
부산진시장,35.13536722,129.0593234
부산진역,35.12891709,129.048828
부산진역,35.12852994,129.0488073
서구청,35.097646,129.025131
영주동,35.10902683,129.037155
영주동,35.10954966,129.0371461
자갈치역.비프광장,35.09812482,129.0295042
자갈치역.비프광장,35.09787351,129.0291745
자성대교차로,35.13418362,129.0588411
좌천역.좌천삼거리,35.13308302,129.0538661
중부소방서,35.10756417,129.0362468
"중앙시장,골드테마거리",35.14325962,129.059429
"중앙시장,골드테마거리",35.14361961,129.0591913
중앙역.부산우체국,35.10467297,129.0364216
중앙역.부산우체국,35.10333253,129.036284
중앙역.중부소방서,35.10670363,129.0362418
초량역.초량교차로,35.12019929,129.0423633
초량역.초량교차로,35.11959236,129.0422824
망미삼성아파트후문,35.1697,129.1018924
범일역,35.13740208,129.0592952
범일역,35.13864658,129.0595075
신라대학교입구,35.16902759,128.9883304
코레일사상역,35.16273355,128.988403
삼대한의원,35.15867949,128.9878576
사상우체국,35.16041194,128.9862184
신한은행,35.16090027,128.9840455
감전교회,35.15842324,128.9836658
서부시외버스터미널.사상역,35.16239273,128.983759
서부시외버스터미널.사상역,35.16307313,128.9843789
서부시외버스터미널.사상역,35.16389963,128.9839978
서부시외버스터미널,35.16349332,128.9841749
서부시외버스터미널.사상역,35.16255759,128.9863473
사상역,35.16264366,128.9884594
학장교,35.14145846,128.9838321
학장중학교,35.14018959,128.9815345
반도보라아파트,35.13855828,128.9785365
엄궁중학교,35.1367225,128.9761124
여성문화회관,35.14020955,128.9896003
구덕고교,35.13927882,128.9915026
구덕고등학교,35.13946058,128.9911471
여성문화회관,35.14025947,128.9895464
낙동대교입구,35.151421,128.9765469
낙동대교입구,35.1526254,128.9765658
주물공단입구,35.15105319,128.9786733
괘법르네시떼역.르네시떼,35.1637876,128.9762442
괘법르네시떼역.르네시떼,35.16383949,128.977101
주물공단입구,35.15160377,128.9786735
대풍주유소,35.15243552,128.982543
새벽시장,35.15416904,128.9829743
대풍주유소,35.15253277,128.9822603
명성레이저,35.14958951,128.9818567
감전동수문앞,35.15747575,128.9738849
감전동수문앞,35.15737366,128.9743218
부산전문장례식장,35.15417386,128.9728804
감전동,35.14829539,128.9712675
감전교차로,35.14385907,128.9695059
진성철강,35.14396175,128.9717424
학장자동차운전학원,35.1425105,128.9756351
화진철강,35.14192109,128.9772391
엄궁농산물도매시장관리사업소,35.12841365,128.9646048
감전교차로,35.14409885,128.9699031
부산은행사상공단지점,35.1406989,128.9700962
부산은행사상공단지점,35.14199725,128.9703045
엄궁정비,35.13628302,128.9709056
중고차매매시장,35.13401815,128.9713435
엄궁아파트,35.13006911,128.9735937
엄궁삼거리,35.13190118,128.972184
엄궁사거리,35.13154567,128.9726525
엄궁럭키아파트,35.13316866,128.9739181
엄궁삼거리,35.13069231,128.9714454
엄궁동주민센터,35.12865068,128.9703011
엄궁시장,35.12975323,128.9712248
(구)엄궁동부산은행,35.12860891,128.9713419
엄궁초등학교,35.12837244,128.9728608
엄궁동주민센터,35.12866337,128.9697969
삼락생태공원,35.16930107,128.9770381
사상강변동원아파트,35.16730239,128.9790676
동원아파트앞,35.16744579,128.9779715
사상강변동원아파트,35.16695998,128.9778123
창진초등학교,35.16511403,128.977951
덕포시장.사상생활사박물관,35.17183857,128.9792694
동양한신아파트,35.17005185,128.9788512
한신아파트 1차,35.16837416,128.9805762
한신아파트 2차,35.16917325,128.978999
사상초등학교,35.16613571,128.9825538
사상초등학교,35.16673248,128.9822637
유유철강,35.14245463,128.9800092
케스텍코리아,35.14011427,128.977799
경동스틸,35.13615702,128.9741818
진성철강,35.14419525,128.9717919
학장자동차운전학원,35.14276184,128.975696
화진철강,35.14215361,128.9773489
교리입구,35.25116074,129.2173105
교리입구,35.25117405,129.217399
교리입구,35.25100912,129.2182368
교리입구,35.25105311,129.2185876
교리입구,35.25103311,129.2165294
우정공원,35.25289833,129.217243
대진여객.고촌역,35.23573168,129.1597065
윗반송역,35.23294562,129.1543582
내리,35.20063547,129.2064142
당사입구,35.19786365,129.2059254
내리초등학교,35.20436598,129.2061518
연화교차로,35.2173723,129.2112534
오신,35.20806412,129.2086503
무곡,35.22744002,129.2149186
청강리공영차고지입구,35.22445019,129.2135224
무곡,35.22800892,129.2155877
청강리공영차고지입구,35.22440283,129.2138945
청강리공영차고지입구,35.22386557,129.2132156
청강리공영차고지,35.22437049,129.2130755
기장체육관,35.25277182,129.2221403
신호부영5차아파트,35.08147628,128.8755929
신호중학교,35.0814701,128.8757023
신호마을,35.08146906,128.8792599
공항국제선입구,35.17935716,128.9524559
공항국내선입구,35.17631167,128.9501879
정관도새집,35.1680764,128.9270808
정관도마을,35.16490025,128.9264113
정관도마을회관,35.16713144,128.9315252
정관도삼거리,35.16892777,128.933598
통전,35.17981661,128.9008252
봉림교차로,35.17687193,128.9007878
남중,35.02674279,128.8156669
서중교,35.02917693,128.8153099
중앙상회,35.02836058,128.8156616
남중,35.02707734,128.8155948
백양종합사회복지관,35.18300989,128.9994848
307동 308동,35.18231512,129.0006285
이원솔루텍,35.14881532,128.8302966
가덕동행정복지센터,35.05642241,128.8319883
성북마을,35.05717857,128.8323422
가덕동행정복지센터,35.05654503,128.8319253
성북새동네,35.06009585,128.8325198
천가농협,35.0647226,128.8346702
천가동우체국,35.06243366,128.8343641
한전,35.06332364,128.8348088
서중,35.03242562,128.8189344
천성,35.03004867,128.8211853
천성IC 동중,35.03009282,128.8215452
서중마을,35.03230699,128.8187318
서중,35.03227779,128.8188764
청강리공영차고지,35.22422609,129.212841
송정해수욕장입구,35.18453807,129.2012378
국립해양박물관,35.07808618,129.0790178
국제크루즈터미널입구,35.08172382,129.0759118
공원묘지입구,35.27840681,128.864403
신명마을,35.27595139,128.863506
공원묘지입구,35.27825578,128.8642621
현대가야아이파크,35.26410906,128.8717283
삼계축협,35.26178823,128.8720375
삼계동원오얄듀크,35.26991682,128.8673786
가야대학교,35.26715652,128.8710512
두곡마을,35.27016326,128.866593
가야대학교,35.26746757,128.8713331
삼계푸르지오1차,35.26976127,128.8634411
대우이안아파트,35.27252029,128.8636417
가야대역,35.26695477,128.8654426
감분마을,35.27143821,128.861051
신명마을,35.27601919,128.8631998
대우이안아파트,35.27276308,128.8633835
삼계푸르지오1차,35.2700295,128.8635791
감분마을,35.2710758,128.8605922
구지마을,35.25644067,128.8705192
매정마을,35.25374778,128.8715779
구산신주공아파트,35.25172662,128.8723224
매정공원,35.25763084,128.8710629
삼계푸르지오2차,35.25711001,128.8691941
구산로타리,35.24794078,128.8729604
백조아파트후문,35.24524482,128.8724699
김해도서관,35.2327092,128.8742247
수로왕릉,35.23325282,128.8786856
분성사거리,35.23349341,128.8806023
김해문화의전당,35.24432489,128.8701859
학생체육관,35.24443191,128.8679254
김해보건소,35.23136553,128.8713711
풍류2통,35.207719,128.843729
명법2통,35.20466818,128.8363365
내덕,35.20524002,128.8277302
한신아파트,35.23218343,128.8527728
중앙병원,35.23100218,128.859281
외동축협,35.23429951,128.8540621
일동한신아파트,35.22953114,128.8500107
대법륜사,35.22608983,128.8493394
일동한신아파트,35.22946729,128.849471
대법륜사,35.22585213,128.8489716
대청초등학교,35.1890089,128.8055427
대청고등학교,35.1872331,128.8001244
덕정공원 경유노선,35.18047677,128.7999425
부영8차앞,35.18484166,128.7985239
덕정공원 경유노선,35.18085365,128.7994458
세영리첼아파트,35.17760941,128.8030733
율하e편한,35.17090664,128.8197944
율현주공,35.16913864,128.819305
로얄듀크1차 경유노선,35.16890472,128.8150744
율하중심상가,35.17132071,128.8135202
율하e편한,35.17095597,128.8195101
율현주공,35.16929591,128.8190341
로얄듀크1차 경유노선,35.169204,128.8149493
매정공원,35.25744319,128.871542
가야대역,35.26670863,128.8650414
북부동 행정복지센터,35.2622282,128.8674768
북부동 행정복지센터,35.26356281,128.8668372
장신대역,35.25946002,128.8675781
현대가야아이파크,35.26398736,128.8714398
삼계축협,35.26166687,128.871727
장신대역,35.25975677,128.8670355
삼계푸르지오2차,35.25746797,128.8693562
화촌윗마을,35.17663094,128.8064433
주공율곡마을,35.17467385,128.8065427
부산진시장,35.1354641,129.0593231
부산진시장,35.13660923,129.0595494
부산현대미술관,35.10827702,128.9434383
중앙시장,35.14352714,129.0591972
동해선월내역,35.32829408,129.2775746
동해선월내역,35.3283329,129.2774272
동해선좌천역,35.31182519,129.2446493
강약국,35.1855601,129.0860115
수녀원,35.18164143,129.0880243
해운대수목원,35.22722844,129.128492
해운대수목원,35.22766214,129.1276577
국회부산도서관입구,35.10185037,128.9049108
국회부산도서관입구,35.10118099,128.9053558
남산정역2번출구,35.21355834,129.0250281
동해선좌천역,35.31186726,129.244568
배정중학교,35.13380001,129.0685315
삼흥맨션,35.17881876,129.1267129
센텀누리아파트,35.1783754,129.1275849
이완주정형외과,35.17384655,129.0901077
대영주차장,35.18283629,129.0830057
케이티앤지부산본부,35.18167912,129.0834811
덕산아파트,35.11809402,129.0195746
덕산아파트,35.11843027,129.0196762
국회부산도서관,35.10373768,128.9046696
국회부산도서관입구,35.10197623,128.9049302
롯데월드부산,35.19521242,129.2120864
지사산단입구,35.13518915,128.8579716
연제도서관,35.17490578,129.0817168
연제도서관입구.연산더샵,35.17477224,129.0847645
국회부산도서관,35.10373412,128.9046092
만덕초등학교,35.21401879,129.0300852
송정종점,35.18426562,129.2006103
송정종점,35.18435906,129.2004263
신도중.신도고등학교,35.17112393,129.1668112
신도중.신도고등학교,35.17115302,129.1664443
좌3동행정복지센터,35.17278476,129.1669101
좌3동행정복지센터,35.17271102,129.1672539
중동역,35.16581755,129.1687499
중동역,35.16551945,129.168539
뉴그린105동,35.21825217,129.0957591
뉴그린105동,35.21843463,129.0958901
롯데백화점.센텀시티6번출구,35.16972822,129.1317218
서동초등학교,35.2184554,129.0978123
서동초등학교,35.21848055,129.0981809
한국석유관리원영남본부,35.14770585,128.8845782
한국석유관리원영남본부,35.14699683,128.8852586
벽산아파트,35.17064603,129.1828816
상당중학교,35.17865902,129.1770209
상당중학교,35.17874433,129.1767872
센터럴파크아파트,35.1746209,129.1718098
센터럴파크아파트,35.17477252,129.1721486
영남아파트,35.16862163,129.1827067
영남아파트,35.16793255,129.1829407
장산역.해운대문화회관,35.1706216,129.1752262
좌2동행정복지센터,35.16904675,129.1831187
좌동재래시장,35.17319533,129.1729133
좌동재래시장,35.17334705,129.1732466
한마음스포츠센터,35.18010041,129.1772953
해운대문화회관,35.17051071,129.1748776
스마트빌리지,35.13118308,128.9144246
스마트빌리지,35.13019991,128.9161896
명지환승센터,35.09511847,128.9117772
스마트빌리지,35.13058653,128.9096827
스마트빌리지,35.13052044,128.9098731
웨이브리즈아파트,35.23184348,129.2206754
웨이브리즈아파트,35.23173963,129.2204419
e편한세상광안비치,35.15590773,129.1266758
동부지청,35.18938812,129.1265025
롯데캐슬아파트,35.15742643,129.1326818
롯데캐슬아파트,35.15777148,129.1327896
민락매립지공영주차장,35.15503479,129.1276351
민락수변공원,35.15597651,129.1321173
민락수변공원,35.15623396,129.1323379
센텀리버SK뷰,35.18350385,129.1141573
센텀비치푸르지오,35.15939843,129.132256
센텀비치푸르지오,35.1593635,129.1304006
수영강변1차e편한세상,35.17910762,129.1174294
수영강변3차e편한세상,35.18131591,129.1161147
수영만아이파크,35.16230025,129.129945
수영만아이파크,35.16260151,129.1299803
수영성당,35.17504708,129.1190252
수영현대아파트,35.16936775,129.1227463
수영협성르네상스타운,35.17254045,129.1211661
신세계센텀시티,35.16771798,129.1299683
신세계센텀시티,35.16892021,129.1312947
오션테라스3단지,35.15533602,129.1289542
오션테라스4단지,35.15555546,129.1297993
운수사입구,35.1859203,129.0035956
진로비치2단지,35.15623896,129.1280834
동삼동시장,35.07868814,129.0702768
삼선병원,35.15051648,129.0062415
감천문화마을,35.08780625,129.0044622
국립해양박물관,35.07794695,129.0791239
국제시장,35.10294031,129.0264846
낙동강하구 에코센타,35.10796004,128.9459229
해운대시외버스정류소,35.1609,129.15335
부산종합터미널,35.28525,129.0961167
부산종합터미널,35.28515,129.0960667
좌천정류소,35.3148333,129.2431333
좌천정류소,35.3149167,129.24295
기장정류장,35.2396833,129.2204
기장정류장,35.2398,129.2201333
노포TG(미정차),35.285,129.1000167
노포TG(미정차),35.2888,129.1018333
회동교차로(미정차),35.2343333,129.11515
회동교차로(미정차),35.2341,129.1157667
원동IC(미정차),35.1993833,129.1144333
원동IC(미정차),35.1992667,129.1147333
장안TG(미정차),35.3288333,129.2415667
장안TG(미정차),35.3290833,129.2414333
